[0m12:20:46.646706 [debug] [MainThread]: Sending event: {'category': 'dbt', 'action': 'invocation', 'label': 'start', 'context': [<snowplow_tracker.self_describing_json.SelfDescribingJson object at 0x0000017F1A608E90>, <snowplow_tracker.self_describing_json.SelfDescribingJson object at 0x0000017F1A5D7090>, <snowplow_tracker.self_describing_json.SelfDescribingJson object at 0x0000017F1A591E90>]}


============================== 12:20:46.652708 | 5f321fd2-bf7a-4779-9ba4-6ddb2642bc55 ==============================
[0m12:20:46.652708 [info ] [MainThread]: Running with dbt=1.10.8
[0m12:20:46.652708 [debug] [MainThread]: running dbt with arguments {'printer_width': '80', 'indirect_selection': 'eager', 'write_json': 'True', 'log_cache_events': 'False', 'partial_parse': 'True', 'cache_selected_only': 'False', 'warn_error': 'None', 'fail_fast': 'False', 'profiles_dir': 'C:\\Users\\arpit\\.dbt', 'log_path': 'logs', 'debug': 'False', 'version_check': 'True', 'use_colors': 'True', 'use_experimental_parser': 'False', 'no_print': 'None', 'quiet': 'False', 'empty': 'None', 'log_format': 'default', 'introspect': 'True', 'warn_error_options': 'WarnErrorOptionsV2(error=[], warn=[], silence=[])', 'invocation_command': 'dbt debug', 'target_path': 'None', 'static_parser': 'True', 'send_anonymous_usage_stats': 'True'}
[0m12:20:46.687745 [info ] [MainThread]: dbt version: 1.10.8
[0m12:20:46.688744 [info ] [MainThread]: python version: 3.11.9
[0m12:20:46.688744 [info ] [MainThread]: python path: C:\Users\arpit\AppData\Local\Programs\Python\Python311\python.exe
[0m12:20:46.689737 [info ] [MainThread]: os info: Windows-10-10.0.19045-SP0
[0m12:20:46.753758 [info ] [MainThread]: Using profiles dir at C:\Users\arpit\.dbt
[0m12:20:46.754753 [info ] [MainThread]: Using profiles.yml file at C:\Users\arpit\.dbt\profiles.yml
[0m12:20:46.754753 [info ] [MainThread]: Using dbt_project.yml file at C:\Users\arpit\Jupyter Notebook\CI CD Pipeline project\dbt_project.yml
[0m12:20:46.755752 [error] [MainThread]: Encountered an error:
Internal Error
  Profile should not be None if loading profile completed
[0m12:20:46.756753 [debug] [MainThread]: Command `dbt debug` failed at 12:20:46.756753 after 0.20 seconds
[0m12:20:46.757760 [debug] [MainThread]: Sending event: {'category': 'dbt', 'action': 'invocation', 'label': 'end', 'context': [<snowplow_tracker.self_describing_json.SelfDescribingJson object at 0x0000017F13B22090>, <snowplow_tracker.self_describing_json.SelfDescribingJson object at 0x0000017F13B223D0>, <snowplow_tracker.self_describing_json.SelfDescribingJson object at 0x0000017F1A60A750>]}
[0m12:20:46.757760 [debug] [MainThread]: Flushing usage events
[0m12:20:47.623660 [debug] [MainThread]: An error was encountered while trying to flush usage events
[0m12:21:34.161940 [debug] [MainThread]: Sending event: {'category': 'dbt', 'action': 'invocation', 'label': 'start', 'context': [<snowplow_tracker.self_describing_json.SelfDescribingJson object at 0x000001ED287FCE90>, <snowplow_tracker.self_describing_json.SelfDescribingJson object at 0x000001ED287FCF10>, <snowplow_tracker.self_describing_json.SelfDescribingJson object at 0x000001ED287FC910>]}


============================== 12:21:34.166934 | f8c27461-7a20-4c41-b557-a0d88c67b6e9 ==============================
[0m12:21:34.166934 [info ] [MainThread]: Running with dbt=1.10.8
[0m12:21:34.167934 [debug] [MainThread]: running dbt with arguments {'printer_width': '80', 'indirect_selection': 'eager', 'write_json': 'True', 'log_cache_events': 'False', 'partial_parse': 'True', 'cache_selected_only': 'False', 'profiles_dir': 'C:\\Users\\arpit\\.dbt', 'fail_fast': 'False', 'warn_error': 'None', 'log_path': 'C:\\Users\\arpit\\Jupyter Notebook\\CI CD Pipeline project\\logs', 'version_check': 'True', 'debug': 'False', 'use_colors': 'True', 'use_experimental_parser': 'False', 'no_print': 'None', 'quiet': 'False', 'empty': 'None', 'log_format': 'default', 'introspect': 'True', 'static_parser': 'True', 'invocation_command': 'dbt debug', 'target_path': 'None', 'warn_error_options': 'WarnErrorOptionsV2(error=[], warn=[], silence=[])', 'send_anonymous_usage_stats': 'True'}
[0m12:21:34.190944 [info ] [MainThread]: dbt version: 1.10.8
[0m12:21:34.191941 [info ] [MainThread]: python version: 3.11.9
[0m12:21:34.192940 [info ] [MainThread]: python path: C:\Users\arpit\AppData\Local\Programs\Python\Python311\python.exe
[0m12:21:34.193941 [info ] [MainThread]: os info: Windows-10-10.0.19045-SP0
[0m12:21:34.264956 [info ] [MainThread]: Using profiles dir at C:\Users\arpit\.dbt
[0m12:21:34.265963 [info ] [MainThread]: Using profiles.yml file at C:\Users\arpit\.dbt\profiles.yml
[0m12:21:34.266963 [info ] [MainThread]: Using dbt_project.yml file at C:\Users\arpit\Jupyter Notebook\CI CD Pipeline project\dbt_project.yml
[0m12:21:34.267955 [info ] [MainThread]: adapter type: postgres
[0m12:21:34.268956 [info ] [MainThread]: adapter version: 1.9.0
[0m12:21:34.274977 [warn ] [MainThread]: [[33mWARNING[0m]: Deprecated functionality
The `data-paths` config has been renamed to `seed-paths`. Please update your
`dbt_project.yml` configuration to reflect this change.
[0m12:21:34.275958 [debug] [MainThread]: Sending event: {'category': 'dbt', 'action': 'deprecation', 'label': 'f8c27461-7a20-4c41-b557-a0d88c67b6e9', 'property_': 'warn', 'context': [<snowplow_tracker.self_describing_json.SelfDescribingJson object at 0x000001ED28923610>]}
[0m12:21:34.387019 [info ] [MainThread]: Configuration:
[0m12:21:34.388027 [info ] [MainThread]:   profiles.yml file [[32mOK found and valid[0m]
[0m12:21:34.389015 [info ] [MainThread]:   dbt_project.yml file [[32mOK found and valid[0m]
[0m12:21:34.390029 [info ] [MainThread]: Required dependencies:
[0m12:21:34.391022 [debug] [MainThread]: Executing "git --help"
[0m12:21:34.426020 [debug] [MainThread]: STDOUT: "b"usage: git [-v | --version] [-h | --help] [-C <path>] [-c <name>=<value>]\n           [--exec-path[=<path>]] [--html-path] [--man-path] [--info-path]\n           [-p | --paginate | -P | --no-pager] [--no-replace-objects] [--no-lazy-fetch]\n           [--no-optional-locks] [--no-advice] [--bare] [--git-dir=<path>]\n           [--work-tree=<path>] [--namespace=<name>] [--config-env=<name>=<envvar>]\n           <command> [<args>]\n\nThese are common Git commands used in various situations:\n\nstart a working area (see also: git help tutorial)\n   clone      Clone a repository into a new directory\n   init       Create an empty Git repository or reinitialize an existing one\n\nwork on the current change (see also: git help everyday)\n   add        Add file contents to the index\n   mv         Move or rename a file, a directory, or a symlink\n   restore    Restore working tree files\n   rm         Remove files from the working tree and from the index\n\nexamine the history and state (see also: git help revisions)\n   bisect     Use binary search to find the commit that introduced a bug\n   diff       Show changes between commits, commit and working tree, etc\n   grep       Print lines matching a pattern\n   log        Show commit logs\n   show       Show various types of objects\n   status     Show the working tree status\n\ngrow, mark and tweak your common history\n   backfill   Download missing objects in a partial clone\n   branch     List, create, or delete branches\n   commit     Record changes to the repository\n   merge      Join two or more development histories together\n   rebase     Reapply commits on top of another base tip\n   reset      Reset current HEAD to the specified state\n   switch     Switch branches\n   tag        Create, list, delete or verify a tag object signed with GPG\n\ncollaborate (see also: git help workflows)\n   fetch      Download objects and refs from another repository\n   pull       Fetch from and integrate with another repository or a local branch\n   push       Update remote refs along with associated objects\n\n'git help -a' and 'git help -g' list available subcommands and some\nconcept guides. See 'git help <command>' or 'git help <concept>'\nto read about a specific subcommand or concept.\nSee 'git help git' for an overview of the system.\n""
[0m12:21:34.427021 [debug] [MainThread]: STDERR: "b''"
[0m12:21:34.428021 [info ] [MainThread]:  - git [[32mOK found[0m]

[0m12:21:34.428021 [info ] [MainThread]: Connection:
[0m12:21:34.429021 [info ] [MainThread]:   host: localhost
[0m12:21:34.429021 [info ] [MainThread]:   port: 5432
[0m12:21:34.430022 [info ] [MainThread]:   user: postgres
[0m12:21:34.430022 [info ] [MainThread]:   database: dbt_project
[0m12:21:34.431021 [info ] [MainThread]:   schema: public
[0m12:21:34.432024 [info ] [MainThread]:   connect_timeout: 10
[0m12:21:34.433024 [info ] [MainThread]:   role: None
[0m12:21:34.434023 [info ] [MainThread]:   search_path: None
[0m12:21:34.435023 [info ] [MainThread]:   keepalives_idle: 0
[0m12:21:34.435023 [info ] [MainThread]:   sslmode: None
[0m12:21:34.436023 [info ] [MainThread]:   sslcert: None
[0m12:21:34.437023 [info ] [MainThread]:   sslkey: None
[0m12:21:34.438025 [info ] [MainThread]:   sslrootcert: None
[0m12:21:34.439024 [info ] [MainThread]:   application_name: dbt
[0m12:21:34.440025 [info ] [MainThread]:   retries: 1
[0m12:21:34.442026 [info ] [MainThread]: Registered adapter: postgres=1.9.0
[0m12:21:34.854130 [debug] [MainThread]: Acquiring new postgres connection 'debug'
[0m12:21:37.724732 [debug] [MainThread]: Using postgres connection "debug"
[0m12:21:37.724732 [debug] [MainThread]: On debug: select 1 as id
[0m12:21:37.725731 [debug] [MainThread]: Opening a new connection, currently in state init
[0m12:21:37.760739 [debug] [MainThread]: SQL status: SELECT 1 in 0.036 seconds
[0m12:21:37.762754 [debug] [MainThread]: On debug: Close
[0m12:21:37.763760 [info ] [MainThread]:   Connection test: [[32mOK connection ok[0m]

[0m12:21:37.763760 [info ] [MainThread]: [32mAll checks passed![0m
[0m12:21:37.764741 [warn ] [MainThread]: [[33mWARNING[0m][DeprecationsSummary]: Deprecated functionality
Summary of encountered deprecations:
- ConfigDataPathDeprecation: 1 occurrence
To see all deprecation instances instead of just the first occurrence of each,
run command again with the `--show-all-deprecations` flag. You may also need to
run with `--no-partial-parse` as some deprecations are only encountered during
parsing.
[0m12:21:37.766741 [debug] [MainThread]: Command `dbt debug` succeeded at 12:21:37.766741 after 3.70 seconds
[0m12:21:37.767742 [debug] [MainThread]: Connection 'debug' was properly closed.
[0m12:21:37.767742 [debug] [MainThread]: Sending event: {'category': 'dbt', 'action': 'invocation', 'label': 'end', 'context': [<snowplow_tracker.self_describing_json.SelfDescribingJson object at 0x000001ED28C07A50>, <snowplow_tracker.self_describing_json.SelfDescribingJson object at 0x000001ED20DF6150>, <snowplow_tracker.self_describing_json.SelfDescribingJson object at 0x000001ED20DF6210>]}
[0m12:21:37.768749 [debug] [MainThread]: Flushing usage events
[0m12:21:38.622733 [debug] [MainThread]: An error was encountered while trying to flush usage events
[0m12:21:47.503608 [debug] [MainThread]: Sending event: {'category': 'dbt', 'action': 'invocation', 'label': 'start', 'context': [<snowplow_tracker.self_describing_json.SelfDescribingJson object at 0x0000023B025CE550>, <snowplow_tracker.self_describing_json.SelfDescribingJson object at 0x0000023B025CCB10>, <snowplow_tracker.self_describing_json.SelfDescribingJson object at 0x0000023B025CC710>]}


============================== 12:21:47.508616 | b6b0dc4e-e593-43ce-9b3e-46d9264df789 ==============================
[0m12:21:47.508616 [info ] [MainThread]: Running with dbt=1.10.8
[0m12:21:47.509617 [debug] [MainThread]: running dbt with arguments {'printer_width': '80', 'indirect_selection': 'eager', 'log_cache_events': 'False', 'write_json': 'True', 'partial_parse': 'True', 'cache_selected_only': 'False', 'warn_error': 'None', 'fail_fast': 'False', 'profiles_dir': 'C:\\Users\\arpit\\.dbt', 'log_path': 'C:\\Users\\arpit\\Jupyter Notebook\\CI CD Pipeline project\\logs', 'debug': 'False', 'version_check': 'True', 'use_colors': 'True', 'use_experimental_parser': 'False', 'empty': 'False', 'quiet': 'False', 'no_print': 'None', 'warn_error_options': 'WarnErrorOptionsV2(error=[], warn=[], silence=[])', 'invocation_command': 'dbt run', 'introspect': 'True', 'static_parser': 'True', 'target_path': 'None', 'log_format': 'default', 'send_anonymous_usage_stats': 'True'}
[0m12:21:47.592630 [warn ] [MainThread]: [[33mWARNING[0m]: Deprecated functionality
The `data-paths` config has been renamed to `seed-paths`. Please update your
`dbt_project.yml` configuration to reflect this change.
[0m12:21:47.593629 [debug] [MainThread]: Sending event: {'category': 'dbt', 'action': 'deprecation', 'label': 'b6b0dc4e-e593-43ce-9b3e-46d9264df789', 'property_': 'warn', 'context': [<snowplow_tracker.self_describing_json.SelfDescribingJson object at 0x0000023B02678F50>]}
[0m12:21:47.788666 [debug] [MainThread]: Sending event: {'category': 'dbt', 'action': 'project_id', 'label': 'b6b0dc4e-e593-43ce-9b3e-46d9264df789', 'context': [<snowplow_tracker.self_describing_json.SelfDescribingJson object at 0x0000023B038494D0>]}
[0m12:21:47.862697 [debug] [MainThread]: Sending event: {'category': 'dbt', 'action': 'adapter_info', 'label': 'b6b0dc4e-e593-43ce-9b3e-46d9264df789', 'context': [<snowplow_tracker.self_describing_json.SelfDescribingJson object at 0x0000023B7EF2D210>]}
[0m12:21:47.863698 [info ] [MainThread]: Registered adapter: postgres=1.9.0
[0m12:21:48.203773 [debug] [MainThread]: checksum: 265d66e81f90af29a7a28579c9b54d938c94f4a57c57be5f853267ae509b5fcb, vars: {}, profile: , target: , version: 1.10.8
[0m12:21:48.204777 [info ] [MainThread]: Unable to do partial parsing because saved manifest not found. Starting full parse.
[0m12:21:48.205777 [debug] [MainThread]: Sending event: {'category': 'dbt', 'action': 'partial_parser', 'label': 'b6b0dc4e-e593-43ce-9b3e-46d9264df789', 'context': [<snowplow_tracker.self_describing_json.SelfDescribingJson object at 0x0000023B03A6F7D0>]}
[0m12:21:50.680327 [debug] [MainThread]: Sending event: {'category': 'dbt', 'action': 'load_project', 'label': 'b6b0dc4e-e593-43ce-9b3e-46d9264df789', 'context': [<snowplow_tracker.self_describing_json.SelfDescribingJson object at 0x0000023B03F09210>]}
[0m12:21:50.771341 [debug] [MainThread]: Wrote artifact WritableManifest to C:\Users\arpit\Jupyter Notebook\CI CD Pipeline project\target\manifest.json
[0m12:21:50.787343 [debug] [MainThread]: Wrote artifact SemanticManifest to C:\Users\arpit\Jupyter Notebook\CI CD Pipeline project\target\semantic_manifest.json
[0m12:21:50.822376 [debug] [MainThread]: Sending event: {'category': 'dbt', 'action': 'resource_counts', 'label': 'b6b0dc4e-e593-43ce-9b3e-46d9264df789', 'context': [<snowplow_tracker.self_describing_json.SelfDescribingJson object at 0x0000023B0424DD90>]}
[0m12:21:50.823378 [info ] [MainThread]: Found 3 models, 2 seeds, 3 data tests, 2 sources, 434 macros
[0m12:21:50.824377 [debug] [MainThread]: Sending event: {'category': 'dbt', 'action': 'runnable_timing', 'label': 'b6b0dc4e-e593-43ce-9b3e-46d9264df789', 'context': [<snowplow_tracker.self_describing_json.SelfDescribingJson object at 0x0000023B04170750>]}
[0m12:21:50.825377 [info ] [MainThread]: 
[0m12:21:50.826376 [info ] [MainThread]: Concurrency: 4 threads (target='dev')
[0m12:21:50.827377 [info ] [MainThread]: 
[0m12:21:50.828377 [debug] [MainThread]: Acquiring new postgres connection 'master'
[0m12:21:50.833380 [debug] [ThreadPool]: Acquiring new postgres connection 'list_dbt_project'
[0m12:21:50.922398 [debug] [ThreadPool]: Using postgres connection "list_dbt_project"
[0m12:21:50.923399 [debug] [ThreadPool]: On list_dbt_project: /* {"app": "dbt", "dbt_version": "1.10.8", "profile_name": "dbt_project", "target_name": "dev", "connection_name": "list_dbt_project"} */

    select distinct nspname from pg_namespace
  
[0m12:21:50.923399 [debug] [ThreadPool]: Opening a new connection, currently in state init
[0m12:21:50.962409 [debug] [ThreadPool]: SQL status: SELECT 4 in 0.039 seconds
[0m12:21:50.964416 [debug] [ThreadPool]: On list_dbt_project: Close
[0m12:21:50.966409 [debug] [ThreadPool]: Acquiring new postgres connection 'list_dbt_project_public'
[0m12:21:50.973417 [debug] [ThreadPool]: Using postgres connection "list_dbt_project_public"
[0m12:21:50.973417 [debug] [ThreadPool]: On list_dbt_project_public: BEGIN
[0m12:21:50.974411 [debug] [ThreadPool]: Opening a new connection, currently in state init
[0m12:21:51.006426 [debug] [ThreadPool]: SQL status: BEGIN in 0.032 seconds
[0m12:21:51.007427 [debug] [ThreadPool]: Using postgres connection "list_dbt_project_public"
[0m12:21:51.007427 [debug] [ThreadPool]: On list_dbt_project_public: /* {"app": "dbt", "dbt_version": "1.10.8", "profile_name": "dbt_project", "target_name": "dev", "connection_name": "list_dbt_project_public"} */
select
      'dbt_project' as database,
      tablename as name,
      schemaname as schema,
      'table' as type
    from pg_tables
    where schemaname ilike 'public'
    union all
    select
      'dbt_project' as database,
      viewname as name,
      schemaname as schema,
      'view' as type
    from pg_views
    where schemaname ilike 'public'
    union all
    select
      'dbt_project' as database,
      matviewname as name,
      schemaname as schema,
      'materialized_view' as type
    from pg_matviews
    where schemaname ilike 'public'
  
[0m12:21:51.015420 [debug] [ThreadPool]: SQL status: SELECT 2 in 0.008 seconds
[0m12:21:51.017428 [debug] [ThreadPool]: On list_dbt_project_public: ROLLBACK
[0m12:21:51.017428 [debug] [ThreadPool]: On list_dbt_project_public: Close
[0m12:21:51.023421 [debug] [MainThread]: Using postgres connection "master"
[0m12:21:51.024437 [debug] [MainThread]: On master: BEGIN
[0m12:21:51.024437 [debug] [MainThread]: Opening a new connection, currently in state init
[0m12:21:51.056429 [debug] [MainThread]: SQL status: BEGIN in 0.032 seconds
[0m12:21:51.057429 [debug] [MainThread]: Using postgres connection "master"
[0m12:21:51.058430 [debug] [MainThread]: On master: /* {"app": "dbt", "dbt_version": "1.10.8", "profile_name": "dbt_project", "target_name": "dev", "connection_name": "master"} */
with relation as (
        select
            pg_rewrite.ev_class as class,
            pg_rewrite.oid as id
        from pg_rewrite
    ),
    class as (
        select
            oid as id,
            relname as name,
            relnamespace as schema,
            relkind as kind
        from pg_class
    ),
    dependency as (
        select distinct
            pg_depend.objid as id,
            pg_depend.refobjid as ref
        from pg_depend
    ),
    schema as (
        select
            pg_namespace.oid as id,
            pg_namespace.nspname as name
        from pg_namespace
        where nspname != 'information_schema' and nspname not like 'pg\_%'
    ),
    referenced as (
        select
            relation.id AS id,
            referenced_class.name ,
            referenced_class.schema ,
            referenced_class.kind
        from relation
        join class as referenced_class on relation.class=referenced_class.id
        where referenced_class.kind in ('r', 'v', 'm')
    ),
    relationships as (
        select
            referenced.name as referenced_name,
            referenced.schema as referenced_schema_id,
            dependent_class.name as dependent_name,
            dependent_class.schema as dependent_schema_id,
            referenced.kind as kind
        from referenced
        join dependency on referenced.id=dependency.id
        join class as dependent_class on dependency.ref=dependent_class.id
        where
            (referenced.name != dependent_class.name or
             referenced.schema != dependent_class.schema)
    )

    select
        referenced_schema.name as referenced_schema,
        relationships.referenced_name as referenced_name,
        dependent_schema.name as dependent_schema,
        relationships.dependent_name as dependent_name
    from relationships
    join schema as dependent_schema on relationships.dependent_schema_id=dependent_schema.id
    join schema as referenced_schema on relationships.referenced_schema_id=referenced_schema.id
    group by referenced_schema, referenced_name, dependent_schema, dependent_name
    order by referenced_schema, referenced_name, dependent_schema, dependent_name;
[0m12:21:51.074432 [debug] [MainThread]: SQL status: SELECT 0 in 0.015 seconds
[0m12:21:51.075433 [debug] [MainThread]: Sending event: {'category': 'dbt', 'action': 'runnable_timing', 'label': 'b6b0dc4e-e593-43ce-9b3e-46d9264df789', 'context': [<snowplow_tracker.self_describing_json.SelfDescribingJson object at 0x0000023B0413CF90>]}
[0m12:21:51.076433 [debug] [MainThread]: On master: ROLLBACK
[0m12:21:51.076433 [debug] [MainThread]: Using postgres connection "master"
[0m12:21:51.077433 [debug] [MainThread]: On master: BEGIN
[0m12:21:51.078434 [debug] [MainThread]: SQL status: BEGIN in 0.000 seconds
[0m12:21:51.078434 [debug] [MainThread]: On master: COMMIT
[0m12:21:51.079435 [debug] [MainThread]: Using postgres connection "master"
[0m12:21:51.079435 [debug] [MainThread]: On master: COMMIT
[0m12:21:51.080435 [debug] [MainThread]: SQL status: COMMIT in 0.000 seconds
[0m12:21:51.081434 [debug] [MainThread]: On master: Close
[0m12:21:51.086435 [debug] [Thread-1 (]: Began running node model.dbt_project.stg_customers
[0m12:21:51.087436 [debug] [Thread-2 (]: Began running node model.dbt_project.stg_orders
[0m12:21:51.088444 [info ] [Thread-1 (]: 1 of 3 START sql view model public.stg_customers ............................... [RUN]
[0m12:21:51.089444 [info ] [Thread-2 (]: 2 of 3 START sql view model public.stg_orders .................................. [RUN]
[0m12:21:51.090445 [debug] [Thread-1 (]: Acquiring new postgres connection 'model.dbt_project.stg_customers'
[0m12:21:51.158452 [debug] [Thread-2 (]: Acquiring new postgres connection 'model.dbt_project.stg_orders'
[0m12:21:51.159451 [debug] [Thread-1 (]: Began compiling node model.dbt_project.stg_customers
[0m12:21:51.159451 [debug] [Thread-2 (]: Began compiling node model.dbt_project.stg_orders
[0m12:21:51.167454 [debug] [Thread-1 (]: Writing injected SQL for node "model.dbt_project.stg_customers"
[0m12:21:51.171454 [debug] [Thread-2 (]: Writing injected SQL for node "model.dbt_project.stg_orders"
[0m12:21:51.175456 [debug] [Thread-2 (]: Began executing node model.dbt_project.stg_orders
[0m12:21:51.176457 [debug] [Thread-1 (]: Began executing node model.dbt_project.stg_customers
[0m12:21:51.208466 [debug] [Thread-2 (]: Writing runtime sql for node "model.dbt_project.stg_orders"
[0m12:21:51.212463 [debug] [Thread-1 (]: Writing runtime sql for node "model.dbt_project.stg_customers"
[0m12:21:51.216465 [debug] [Thread-2 (]: Using postgres connection "model.dbt_project.stg_orders"
[0m12:21:51.217466 [debug] [Thread-1 (]: Using postgres connection "model.dbt_project.stg_customers"
[0m12:21:51.218467 [debug] [Thread-2 (]: On model.dbt_project.stg_orders: BEGIN
[0m12:21:51.218467 [debug] [Thread-1 (]: On model.dbt_project.stg_customers: BEGIN
[0m12:21:51.219465 [debug] [Thread-2 (]: Opening a new connection, currently in state init
[0m12:21:51.219465 [debug] [Thread-1 (]: Opening a new connection, currently in state init
[0m12:21:51.253473 [debug] [Thread-2 (]: SQL status: BEGIN in 0.034 seconds
[0m12:21:51.253473 [debug] [Thread-2 (]: Using postgres connection "model.dbt_project.stg_orders"
[0m12:21:51.254473 [debug] [Thread-2 (]: On model.dbt_project.stg_orders: /* {"app": "dbt", "dbt_version": "1.10.8", "profile_name": "dbt_project", "target_name": "dev", "node_id": "model.dbt_project.stg_orders"} */

  create view "dbt_project".public.stg_orders__dbt_tmp
    
    
  as (
    

SELECT
    order_id,
    customer_id,
    TRY_CAST(order_date AS DATE) AS order_date,
    CASE 
        WHEN amount IS NULL OR amount <= 0 THEN NULL
        ELSE CAST(amount AS DECIMAL(10, 2))
    END AS amount,
    LOWER(TRIM(status)) AS status,
    CURRENT_TIMESTAMP AS created_at
FROM "dbt_project"."raw"."orders"
WHERE 
    order_id IS NOT NULL
    AND customer_id IS NOT NULL
    AND order_date IS NOT NULL
  );
[0m12:21:51.256474 [debug] [Thread-2 (]: Postgres adapter: Postgres error: syntax error at or near "AS"
LINE 12:     TRY_CAST(order_date AS DATE) AS order_date,
                                 ^

[0m12:21:51.257474 [debug] [Thread-2 (]: On model.dbt_project.stg_orders: ROLLBACK
[0m12:21:51.258474 [debug] [Thread-2 (]: On model.dbt_project.stg_orders: Close
[0m12:21:51.359506 [debug] [Thread-1 (]: SQL status: BEGIN in 0.140 seconds
[0m12:21:51.360506 [debug] [Thread-1 (]: Using postgres connection "model.dbt_project.stg_customers"
[0m12:21:51.361499 [debug] [Thread-1 (]: On model.dbt_project.stg_customers: /* {"app": "dbt", "dbt_version": "1.10.8", "profile_name": "dbt_project", "target_name": "dev", "node_id": "model.dbt_project.stg_customers"} */

  create view "dbt_project".public.stg_customers__dbt_tmp
    
    
  as (
    

SELECT
    customer_id,
    customer_name,
    email,
    phone,
    country,
    CURRENT_TIMESTAMP AS created_at
FROM "dbt_project"."raw"."customers"
WHERE customer_id IS NOT NULL
  );
[0m12:21:51.363506 [debug] [Thread-1 (]: Postgres adapter: Postgres error: relation "raw.customers" does not exist
LINE 16: FROM "dbt_project"."raw"."customers"
              ^

[0m12:21:51.364508 [debug] [Thread-1 (]: On model.dbt_project.stg_customers: ROLLBACK
[0m12:21:51.365498 [debug] [Thread-1 (]: On model.dbt_project.stg_customers: Close
[0m12:21:51.375516 [debug] [Thread-2 (]: Database Error in model stg_orders (models\staging\stg_orders.sql)
  syntax error at or near "AS"
  LINE 12:     TRY_CAST(order_date AS DATE) AS order_date,
                                   ^
  compiled code at target\run\dbt_project\models\staging\stg_orders.sql
[0m12:21:51.376509 [debug] [Thread-1 (]: Database Error in model stg_customers (models\staging\stg_customers.sql)
  relation "raw.customers" does not exist
  LINE 16: FROM "dbt_project"."raw"."customers"
                ^
  compiled code at target\run\dbt_project\models\staging\stg_customers.sql
[0m12:21:51.380502 [debug] [Thread-2 (]: Sending event: {'category': 'dbt', 'action': 'run_model', 'label': 'b6b0dc4e-e593-43ce-9b3e-46d9264df789', 'context': [<snowplow_tracker.self_describing_json.SelfDescribingJson object at 0x0000023B0402E510>]}
[0m12:21:51.380502 [debug] [Thread-1 (]: Sending event: {'category': 'dbt', 'action': 'run_model', 'label': 'b6b0dc4e-e593-43ce-9b3e-46d9264df789', 'context': [<snowplow_tracker.self_describing_json.SelfDescribingJson object at 0x0000023B03EC0050>]}
[0m12:21:51.381512 [error] [Thread-2 (]: 2 of 3 ERROR creating sql view model public.stg_orders ......................... [[31mERROR[0m in 0.29s]
[0m12:21:51.382511 [error] [Thread-1 (]: 1 of 3 ERROR creating sql view model public.stg_customers ...................... [[31mERROR[0m in 0.29s]
[0m12:21:51.383504 [debug] [Thread-2 (]: Finished running node model.dbt_project.stg_orders
[0m12:21:51.384503 [debug] [Thread-1 (]: Finished running node model.dbt_project.stg_customers
[0m12:21:51.384503 [debug] [Thread-7 (]: Marking all children of 'model.dbt_project.stg_orders' to be skipped because of status 'error'.  Reason: Database Error in model stg_orders (models\staging\stg_orders.sql)
  syntax error at or near "AS"
  LINE 12:     TRY_CAST(order_date AS DATE) AS order_date,
                                   ^
  compiled code at target\run\dbt_project\models\staging\stg_orders.sql.
[0m12:21:51.386511 [debug] [Thread-7 (]: Marking all children of 'model.dbt_project.stg_customers' to be skipped because of status 'error'.  Reason: Database Error in model stg_customers (models\staging\stg_customers.sql)
  relation "raw.customers" does not exist
  LINE 16: FROM "dbt_project"."raw"."customers"
                ^
  compiled code at target\run\dbt_project\models\staging\stg_customers.sql.
[0m12:21:51.388504 [debug] [Thread-4 (]: Began running node model.dbt_project.customer_order_metrics
[0m12:21:51.389512 [info ] [Thread-4 (]: 3 of 3 SKIP relation public.customer_order_metrics ............................. [[33mSKIP[0m]
[0m12:21:51.390513 [debug] [Thread-4 (]: Finished running node model.dbt_project.customer_order_metrics
[0m12:21:51.391505 [debug] [MainThread]: Using postgres connection "master"
[0m12:21:51.392505 [debug] [MainThread]: On master: BEGIN
[0m12:21:51.392505 [debug] [MainThread]: Opening a new connection, currently in state closed
[0m12:21:51.424511 [debug] [MainThread]: SQL status: BEGIN in 0.032 seconds
[0m12:21:51.425520 [debug] [MainThread]: On master: COMMIT
[0m12:21:51.426521 [debug] [MainThread]: Using postgres connection "master"
[0m12:21:51.426521 [debug] [MainThread]: On master: COMMIT
[0m12:21:51.427513 [debug] [MainThread]: SQL status: COMMIT in 0.000 seconds
[0m12:21:51.427513 [debug] [MainThread]: On master: Close
[0m12:21:51.428513 [debug] [MainThread]: Connection 'master' was properly closed.
[0m12:21:51.429514 [debug] [MainThread]: Connection 'list_dbt_project' was properly closed.
[0m12:21:51.429514 [debug] [MainThread]: Connection 'list_dbt_project_public' was properly closed.
[0m12:21:51.430514 [debug] [MainThread]: Connection 'model.dbt_project.stg_customers' was properly closed.
[0m12:21:51.431515 [debug] [MainThread]: Connection 'model.dbt_project.stg_orders' was properly closed.
[0m12:21:51.431515 [info ] [MainThread]: 
[0m12:21:51.432514 [info ] [MainThread]: Finished running 1 table model, 2 view models in 0 hours 0 minutes and 0.60 seconds (0.60s).
[0m12:21:51.433514 [debug] [MainThread]: Command end result
[0m12:21:51.457521 [debug] [MainThread]: Wrote artifact WritableManifest to C:\Users\arpit\Jupyter Notebook\CI CD Pipeline project\target\manifest.json
[0m12:21:51.460520 [debug] [MainThread]: Wrote artifact SemanticManifest to C:\Users\arpit\Jupyter Notebook\CI CD Pipeline project\target\semantic_manifest.json
[0m12:21:51.466521 [debug] [MainThread]: Wrote artifact RunExecutionResult to C:\Users\arpit\Jupyter Notebook\CI CD Pipeline project\target\run_results.json
[0m12:21:51.466521 [info ] [MainThread]: 
[0m12:21:51.467521 [info ] [MainThread]: [31mCompleted with 2 errors, 0 partial successes, and 0 warnings:[0m
[0m12:21:51.467521 [info ] [MainThread]: 
[0m12:21:51.468522 [error] [MainThread]: [31mFailure in model stg_orders (models\staging\stg_orders.sql)[0m
[0m12:21:51.469522 [error] [MainThread]:   Database Error in model stg_orders (models\staging\stg_orders.sql)
  syntax error at or near "AS"
  LINE 12:     TRY_CAST(order_date AS DATE) AS order_date,
                                   ^
  compiled code at target\run\dbt_project\models\staging\stg_orders.sql
[0m12:21:51.469522 [info ] [MainThread]: 
[0m12:21:51.470522 [info ] [MainThread]:   compiled code at target\compiled\dbt_project\models\staging\stg_orders.sql
[0m12:21:51.470522 [info ] [MainThread]: 
[0m12:21:51.471522 [error] [MainThread]: [31mFailure in model stg_customers (models\staging\stg_customers.sql)[0m
[0m12:21:51.472524 [error] [MainThread]:   Database Error in model stg_customers (models\staging\stg_customers.sql)
  relation "raw.customers" does not exist
  LINE 16: FROM "dbt_project"."raw"."customers"
                ^
  compiled code at target\run\dbt_project\models\staging\stg_customers.sql
[0m12:21:51.473525 [info ] [MainThread]: 
[0m12:21:51.474525 [info ] [MainThread]:   compiled code at target\compiled\dbt_project\models\staging\stg_customers.sql
[0m12:21:51.474525 [info ] [MainThread]: 
[0m12:21:51.475524 [info ] [MainThread]: Done. PASS=0 WARN=0 ERROR=2 SKIP=1 NO-OP=0 TOTAL=3
[0m12:21:51.476525 [warn ] [MainThread]: [[33mWARNING[0m][DeprecationsSummary]: Deprecated functionality
Summary of encountered deprecations:
- ConfigDataPathDeprecation: 1 occurrence
To see all deprecation instances instead of just the first occurrence of each,
run command again with the `--show-all-deprecations` flag. You may also need to
run with `--no-partial-parse` as some deprecations are only encountered during
parsing.
[0m12:21:51.477525 [debug] [MainThread]: Command `dbt run` failed at 12:21:51.477525 after 4.06 seconds
[0m12:21:51.478526 [debug] [MainThread]: Sending event: {'category': 'dbt', 'action': 'invocation', 'label': 'end', 'context': [<snowplow_tracker.self_describing_json.SelfDescribingJson object at 0x0000023B7BB31F10>, <snowplow_tracker.self_describing_json.SelfDescribingJson object at 0x0000023B03E2A810>, <snowplow_tracker.self_describing_json.SelfDescribingJson object at 0x0000023B7BBB6150>]}
[0m12:21:51.479524 [debug] [MainThread]: Flushing usage events
[0m12:21:52.305546 [debug] [MainThread]: An error was encountered while trying to flush usage events
[0m12:22:07.684436 [debug] [MainThread]: Sending event: {'category': 'dbt', 'action': 'invocation', 'label': 'start', 'context': [<snowplow_tracker.self_describing_json.SelfDescribingJson object at 0x000002200DF7E490>, <snowplow_tracker.self_describing_json.SelfDescribingJson object at 0x000002200DF7C690>, <snowplow_tracker.self_describing_json.SelfDescribingJson object at 0x000002200DF7EED0>]}


============================== 12:22:07.688435 | 40226b2b-52fb-490b-a8ac-cd23bc412e12 ==============================
[0m12:22:07.688435 [info ] [MainThread]: Running with dbt=1.10.8
[0m12:22:07.689435 [debug] [MainThread]: running dbt with arguments {'printer_width': '80', 'indirect_selection': 'eager', 'write_json': 'True', 'log_cache_events': 'False', 'partial_parse': 'True', 'cache_selected_only': 'False', 'profiles_dir': 'C:\\Users\\arpit\\.dbt', 'fail_fast': 'False', 'version_check': 'True', 'log_path': 'C:\\Users\\arpit\\Jupyter Notebook\\CI CD Pipeline project\\logs', 'debug': 'False', 'warn_error': 'None', 'use_colors': 'True', 'use_experimental_parser': 'False', 'no_print': 'None', 'quiet': 'False', 'empty': 'False', 'warn_error_options': 'WarnErrorOptionsV2(error=[], warn=[], silence=[])', 'static_parser': 'True', 'introspect': 'True', 'log_format': 'default', 'target_path': 'None', 'invocation_command': 'dbt run', 'send_anonymous_usage_stats': 'True'}
[0m12:22:07.759470 [warn ] [MainThread]: [[33mWARNING[0m]: Deprecated functionality
The `data-paths` config has been renamed to `seed-paths`. Please update your
`dbt_project.yml` configuration to reflect this change.
[0m12:22:07.760468 [debug] [MainThread]: Sending event: {'category': 'dbt', 'action': 'deprecation', 'label': '40226b2b-52fb-490b-a8ac-cd23bc412e12', 'property_': 'warn', 'context': [<snowplow_tracker.self_describing_json.SelfDescribingJson object at 0x000002200DFF2D10>]}
[0m12:22:07.946513 [debug] [MainThread]: Sending event: {'category': 'dbt', 'action': 'project_id', 'label': '40226b2b-52fb-490b-a8ac-cd23bc412e12', 'context': [<snowplow_tracker.self_describing_json.SelfDescribingJson object at 0x000002200F14FED0>]}
[0m12:22:08.019518 [debug] [MainThread]: Sending event: {'category': 'dbt', 'action': 'adapter_info', 'label': '40226b2b-52fb-490b-a8ac-cd23bc412e12', 'context': [<snowplow_tracker.self_describing_json.SelfDescribingJson object at 0x000002200A93D0D0>]}
[0m12:22:08.020518 [info ] [MainThread]: Registered adapter: postgres=1.9.0
[0m12:22:08.328588 [debug] [MainThread]: checksum: 265d66e81f90af29a7a28579c9b54d938c94f4a57c57be5f853267ae509b5fcb, vars: {}, profile: , target: , version: 1.10.8
[0m12:22:08.526061 [debug] [MainThread]: Partial parsing enabled: 0 files deleted, 0 files added, 2 files changed.
[0m12:22:08.526061 [debug] [MainThread]: Partial parsing: updated file: dbt_project://models\staging\stg_orders.sql
[0m12:22:08.527067 [debug] [MainThread]: Partial parsing: updated file: dbt_project://models\staging\stg_customers.sql
[0m12:22:08.845118 [debug] [MainThread]: Sending event: {'category': 'dbt', 'action': 'load_project', 'label': '40226b2b-52fb-490b-a8ac-cd23bc412e12', 'context': [<snowplow_tracker.self_describing_json.SelfDescribingJson object at 0x000002200F63B490>]}
[0m12:22:08.988159 [debug] [MainThread]: Wrote artifact WritableManifest to C:\Users\arpit\Jupyter Notebook\CI CD Pipeline project\target\manifest.json
[0m12:22:08.990166 [debug] [MainThread]: Wrote artifact SemanticManifest to C:\Users\arpit\Jupyter Notebook\CI CD Pipeline project\target\semantic_manifest.json
[0m12:22:09.017172 [debug] [MainThread]: Sending event: {'category': 'dbt', 'action': 'resource_counts', 'label': '40226b2b-52fb-490b-a8ac-cd23bc412e12', 'context': [<snowplow_tracker.self_describing_json.SelfDescribingJson object at 0x000002200F549510>]}
[0m12:22:09.018159 [info ] [MainThread]: Found 3 models, 2 seeds, 3 data tests, 2 sources, 434 macros
[0m12:22:09.019159 [debug] [MainThread]: Sending event: {'category': 'dbt', 'action': 'runnable_timing', 'label': '40226b2b-52fb-490b-a8ac-cd23bc412e12', 'context': [<snowplow_tracker.self_describing_json.SelfDescribingJson object at 0x000002200F772BD0>]}
[0m12:22:09.021159 [info ] [MainThread]: 
[0m12:22:09.022160 [info ] [MainThread]: Concurrency: 4 threads (target='dev')
[0m12:22:09.022160 [info ] [MainThread]: 
[0m12:22:09.023167 [debug] [MainThread]: Acquiring new postgres connection 'master'
[0m12:22:09.028161 [debug] [ThreadPool]: Acquiring new postgres connection 'list_dbt_project'
[0m12:22:09.116188 [debug] [ThreadPool]: Using postgres connection "list_dbt_project"
[0m12:22:09.117195 [debug] [ThreadPool]: On list_dbt_project: /* {"app": "dbt", "dbt_version": "1.10.8", "profile_name": "dbt_project", "target_name": "dev", "connection_name": "list_dbt_project"} */

    select distinct nspname from pg_namespace
  
[0m12:22:09.117195 [debug] [ThreadPool]: Opening a new connection, currently in state init
[0m12:22:09.267786 [debug] [ThreadPool]: SQL status: SELECT 4 in 0.150 seconds
[0m12:22:09.269786 [debug] [ThreadPool]: On list_dbt_project: Close
[0m12:22:09.271786 [debug] [ThreadPool]: Acquiring new postgres connection 'list_dbt_project_public'
[0m12:22:09.277789 [debug] [ThreadPool]: Using postgres connection "list_dbt_project_public"
[0m12:22:09.277789 [debug] [ThreadPool]: On list_dbt_project_public: BEGIN
[0m12:22:09.278788 [debug] [ThreadPool]: Opening a new connection, currently in state init
[0m12:22:09.310796 [debug] [ThreadPool]: SQL status: BEGIN in 0.032 seconds
[0m12:22:09.311796 [debug] [ThreadPool]: Using postgres connection "list_dbt_project_public"
[0m12:22:09.311796 [debug] [ThreadPool]: On list_dbt_project_public: /* {"app": "dbt", "dbt_version": "1.10.8", "profile_name": "dbt_project", "target_name": "dev", "connection_name": "list_dbt_project_public"} */
select
      'dbt_project' as database,
      tablename as name,
      schemaname as schema,
      'table' as type
    from pg_tables
    where schemaname ilike 'public'
    union all
    select
      'dbt_project' as database,
      viewname as name,
      schemaname as schema,
      'view' as type
    from pg_views
    where schemaname ilike 'public'
    union all
    select
      'dbt_project' as database,
      matviewname as name,
      schemaname as schema,
      'materialized_view' as type
    from pg_matviews
    where schemaname ilike 'public'
  
[0m12:22:09.319799 [debug] [ThreadPool]: SQL status: SELECT 2 in 0.007 seconds
[0m12:22:09.322799 [debug] [ThreadPool]: On list_dbt_project_public: ROLLBACK
[0m12:22:09.322799 [debug] [ThreadPool]: On list_dbt_project_public: Close
[0m12:22:09.327799 [debug] [MainThread]: Using postgres connection "master"
[0m12:22:09.328799 [debug] [MainThread]: On master: BEGIN
[0m12:22:09.328799 [debug] [MainThread]: Opening a new connection, currently in state init
[0m12:22:09.360809 [debug] [MainThread]: SQL status: BEGIN in 0.032 seconds
[0m12:22:09.361807 [debug] [MainThread]: Using postgres connection "master"
[0m12:22:09.361807 [debug] [MainThread]: On master: /* {"app": "dbt", "dbt_version": "1.10.8", "profile_name": "dbt_project", "target_name": "dev", "connection_name": "master"} */
with relation as (
        select
            pg_rewrite.ev_class as class,
            pg_rewrite.oid as id
        from pg_rewrite
    ),
    class as (
        select
            oid as id,
            relname as name,
            relnamespace as schema,
            relkind as kind
        from pg_class
    ),
    dependency as (
        select distinct
            pg_depend.objid as id,
            pg_depend.refobjid as ref
        from pg_depend
    ),
    schema as (
        select
            pg_namespace.oid as id,
            pg_namespace.nspname as name
        from pg_namespace
        where nspname != 'information_schema' and nspname not like 'pg\_%'
    ),
    referenced as (
        select
            relation.id AS id,
            referenced_class.name ,
            referenced_class.schema ,
            referenced_class.kind
        from relation
        join class as referenced_class on relation.class=referenced_class.id
        where referenced_class.kind in ('r', 'v', 'm')
    ),
    relationships as (
        select
            referenced.name as referenced_name,
            referenced.schema as referenced_schema_id,
            dependent_class.name as dependent_name,
            dependent_class.schema as dependent_schema_id,
            referenced.kind as kind
        from referenced
        join dependency on referenced.id=dependency.id
        join class as dependent_class on dependency.ref=dependent_class.id
        where
            (referenced.name != dependent_class.name or
             referenced.schema != dependent_class.schema)
    )

    select
        referenced_schema.name as referenced_schema,
        relationships.referenced_name as referenced_name,
        dependent_schema.name as dependent_schema,
        relationships.dependent_name as dependent_name
    from relationships
    join schema as dependent_schema on relationships.dependent_schema_id=dependent_schema.id
    join schema as referenced_schema on relationships.referenced_schema_id=referenced_schema.id
    group by referenced_schema, referenced_name, dependent_schema, dependent_name
    order by referenced_schema, referenced_name, dependent_schema, dependent_name;
[0m12:22:09.371809 [debug] [MainThread]: SQL status: SELECT 0 in 0.008 seconds
[0m12:22:09.372810 [debug] [MainThread]: Sending event: {'category': 'dbt', 'action': 'runnable_timing', 'label': '40226b2b-52fb-490b-a8ac-cd23bc412e12', 'context': [<snowplow_tracker.self_describing_json.SelfDescribingJson object at 0x000002200F86D110>]}
[0m12:22:09.373810 [debug] [MainThread]: On master: ROLLBACK
[0m12:22:09.374810 [debug] [MainThread]: Using postgres connection "master"
[0m12:22:09.374810 [debug] [MainThread]: On master: BEGIN
[0m12:22:09.375811 [debug] [MainThread]: SQL status: BEGIN in 0.000 seconds
[0m12:22:09.375811 [debug] [MainThread]: On master: COMMIT
[0m12:22:09.376810 [debug] [MainThread]: Using postgres connection "master"
[0m12:22:09.377811 [debug] [MainThread]: On master: COMMIT
[0m12:22:09.377811 [debug] [MainThread]: SQL status: COMMIT in 0.000 seconds
[0m12:22:09.378811 [debug] [MainThread]: On master: Close
[0m12:22:09.383812 [debug] [Thread-1 (]: Began running node model.dbt_project.stg_customers
[0m12:22:09.383812 [debug] [Thread-2 (]: Began running node model.dbt_project.stg_orders
[0m12:22:09.384913 [info ] [Thread-1 (]: 1 of 3 START sql view model public.stg_customers ............................... [RUN]
[0m12:22:09.385813 [info ] [Thread-2 (]: 2 of 3 START sql view model public.stg_orders .................................. [RUN]
[0m12:22:09.386813 [debug] [Thread-1 (]: Acquiring new postgres connection 'model.dbt_project.stg_customers'
[0m12:22:09.387813 [debug] [Thread-2 (]: Acquiring new postgres connection 'model.dbt_project.stg_orders'
[0m12:22:09.387813 [debug] [Thread-1 (]: Began compiling node model.dbt_project.stg_customers
[0m12:22:09.388812 [debug] [Thread-2 (]: Began compiling node model.dbt_project.stg_orders
[0m12:22:09.395815 [debug] [Thread-1 (]: Writing injected SQL for node "model.dbt_project.stg_customers"
[0m12:22:09.399816 [debug] [Thread-2 (]: Writing injected SQL for node "model.dbt_project.stg_orders"
[0m12:22:09.400816 [debug] [Thread-1 (]: Began executing node model.dbt_project.stg_customers
[0m12:22:09.401817 [debug] [Thread-2 (]: Began executing node model.dbt_project.stg_orders
[0m12:22:09.437825 [debug] [Thread-1 (]: Writing runtime sql for node "model.dbt_project.stg_customers"
[0m12:22:09.441827 [debug] [Thread-2 (]: Writing runtime sql for node "model.dbt_project.stg_orders"
[0m12:22:09.442826 [debug] [Thread-1 (]: Using postgres connection "model.dbt_project.stg_customers"
[0m12:22:09.443884 [debug] [Thread-1 (]: On model.dbt_project.stg_customers: BEGIN
[0m12:22:09.444934 [debug] [Thread-2 (]: Using postgres connection "model.dbt_project.stg_orders"
[0m12:22:09.445826 [debug] [Thread-1 (]: Opening a new connection, currently in state init
[0m12:22:09.445826 [debug] [Thread-2 (]: On model.dbt_project.stg_orders: BEGIN
[0m12:22:09.446827 [debug] [Thread-2 (]: Opening a new connection, currently in state init
[0m12:22:09.483836 [debug] [Thread-2 (]: SQL status: BEGIN in 0.037 seconds
[0m12:22:09.484836 [debug] [Thread-2 (]: Using postgres connection "model.dbt_project.stg_orders"
[0m12:22:09.485835 [debug] [Thread-2 (]: On model.dbt_project.stg_orders: /* {"app": "dbt", "dbt_version": "1.10.8", "profile_name": "dbt_project", "target_name": "dev", "node_id": "model.dbt_project.stg_orders"} */

  create view "dbt_project".public.stg_orders__dbt_tmp
    
    
  as (
    

SELECT
    order_id,
    customer_id,
    CASE 
        WHEN order_date IS NULL THEN NULL
        ELSE CAST(order_date AS DATE)
    END AS order_date,
    CASE 
        WHEN amount IS NULL OR amount <= 0 THEN NULL
        ELSE CAST(amount AS DECIMAL(10, 2))
    END AS amount,
    LOWER(TRIM(status)) AS status,
    CURRENT_TIMESTAMP AS created_at
FROM public.orders
WHERE 
    order_id IS NOT NULL
    AND customer_id IS NOT NULL
    AND order_date IS NOT NULL
  );
[0m12:22:09.530847 [debug] [Thread-2 (]: SQL status: CREATE VIEW in 0.044 seconds
[0m12:22:09.537846 [debug] [Thread-2 (]: Using postgres connection "model.dbt_project.stg_orders"
[0m12:22:09.537846 [debug] [Thread-2 (]: On model.dbt_project.stg_orders: /* {"app": "dbt", "dbt_version": "1.10.8", "profile_name": "dbt_project", "target_name": "dev", "node_id": "model.dbt_project.stg_orders"} */
alter table "dbt_project".public.stg_orders__dbt_tmp rename to stg_orders
[0m12:22:09.538847 [debug] [Thread-2 (]: SQL status: ALTER TABLE in 0.000 seconds
[0m12:22:09.552851 [debug] [Thread-2 (]: On model.dbt_project.stg_orders: COMMIT
[0m12:22:09.553851 [debug] [Thread-2 (]: Using postgres connection "model.dbt_project.stg_orders"
[0m12:22:09.553851 [debug] [Thread-2 (]: On model.dbt_project.stg_orders: COMMIT
[0m12:22:09.554850 [debug] [Thread-2 (]: SQL status: COMMIT in 0.001 seconds
[0m12:22:09.561854 [debug] [Thread-2 (]: Applying DROP to: "dbt_project".public.stg_orders__dbt_backup
[0m12:22:09.566854 [debug] [Thread-2 (]: Using postgres connection "model.dbt_project.stg_orders"
[0m12:22:09.566854 [debug] [Thread-2 (]: On model.dbt_project.stg_orders: /* {"app": "dbt", "dbt_version": "1.10.8", "profile_name": "dbt_project", "target_name": "dev", "node_id": "model.dbt_project.stg_orders"} */
drop view if exists "dbt_project".public.stg_orders__dbt_backup cascade
[0m12:22:09.568855 [debug] [Thread-2 (]: SQL status: DROP VIEW in 0.001 seconds
[0m12:22:09.571855 [debug] [Thread-2 (]: On model.dbt_project.stg_orders: Close
[0m12:22:09.573855 [debug] [Thread-2 (]: Sending event: {'category': 'dbt', 'action': 'run_model', 'label': '40226b2b-52fb-490b-a8ac-cd23bc412e12', 'context': [<snowplow_tracker.self_describing_json.SelfDescribingJson object at 0x000002200FBC5990>]}
[0m12:22:09.574855 [info ] [Thread-2 (]: 2 of 3 OK created sql view model public.stg_orders ............................. [[32mCREATE VIEW[0m in 0.19s]
[0m12:22:09.575856 [debug] [Thread-2 (]: Finished running node model.dbt_project.stg_orders
[0m12:22:09.589860 [debug] [Thread-1 (]: SQL status: BEGIN in 0.144 seconds
[0m12:22:09.590859 [debug] [Thread-1 (]: Using postgres connection "model.dbt_project.stg_customers"
[0m12:22:09.591860 [debug] [Thread-1 (]: On model.dbt_project.stg_customers: /* {"app": "dbt", "dbt_version": "1.10.8", "profile_name": "dbt_project", "target_name": "dev", "node_id": "model.dbt_project.stg_customers"} */

  create view "dbt_project".public.stg_customers__dbt_tmp
    
    
  as (
    

SELECT
    customer_id,
    customer_name,
    email,
    phone,
    country,
    CURRENT_TIMESTAMP AS created_at
FROM public.customers
WHERE customer_id IS NOT NULL
  );
[0m12:22:09.595860 [debug] [Thread-1 (]: SQL status: CREATE VIEW in 0.004 seconds
[0m12:22:09.600863 [debug] [Thread-1 (]: Using postgres connection "model.dbt_project.stg_customers"
[0m12:22:09.600863 [debug] [Thread-1 (]: On model.dbt_project.stg_customers: /* {"app": "dbt", "dbt_version": "1.10.8", "profile_name": "dbt_project", "target_name": "dev", "node_id": "model.dbt_project.stg_customers"} */
alter table "dbt_project".public.stg_customers__dbt_tmp rename to stg_customers
[0m12:22:09.601863 [debug] [Thread-1 (]: SQL status: ALTER TABLE in 0.000 seconds
[0m12:22:09.603862 [debug] [Thread-1 (]: On model.dbt_project.stg_customers: COMMIT
[0m12:22:09.604863 [debug] [Thread-1 (]: Using postgres connection "model.dbt_project.stg_customers"
[0m12:22:09.605863 [debug] [Thread-1 (]: On model.dbt_project.stg_customers: COMMIT
[0m12:22:09.606863 [debug] [Thread-1 (]: SQL status: COMMIT in 0.001 seconds
[0m12:22:09.609863 [debug] [Thread-1 (]: Applying DROP to: "dbt_project".public.stg_customers__dbt_backup
[0m12:22:09.610864 [debug] [Thread-1 (]: Using postgres connection "model.dbt_project.stg_customers"
[0m12:22:09.611865 [debug] [Thread-1 (]: On model.dbt_project.stg_customers: /* {"app": "dbt", "dbt_version": "1.10.8", "profile_name": "dbt_project", "target_name": "dev", "node_id": "model.dbt_project.stg_customers"} */
drop view if exists "dbt_project".public.stg_customers__dbt_backup cascade
[0m12:22:09.612866 [debug] [Thread-1 (]: SQL status: DROP VIEW in 0.000 seconds
[0m12:22:09.613866 [debug] [Thread-1 (]: On model.dbt_project.stg_customers: Close
[0m12:22:09.614865 [debug] [Thread-1 (]: Sending event: {'category': 'dbt', 'action': 'run_model', 'label': '40226b2b-52fb-490b-a8ac-cd23bc412e12', 'context': [<snowplow_tracker.self_describing_json.SelfDescribingJson object at 0x000002200FA89790>]}
[0m12:22:09.615866 [info ] [Thread-1 (]: 1 of 3 OK created sql view model public.stg_customers .......................... [[32mCREATE VIEW[0m in 0.23s]
[0m12:22:09.616867 [debug] [Thread-1 (]: Finished running node model.dbt_project.stg_customers
[0m12:22:09.617865 [debug] [Thread-4 (]: Began running node model.dbt_project.customer_order_metrics
[0m12:22:09.618866 [info ] [Thread-4 (]: 3 of 3 START sql table model public.customer_order_metrics ..................... [RUN]
[0m12:22:09.619865 [debug] [Thread-4 (]: Acquiring new postgres connection 'model.dbt_project.customer_order_metrics'
[0m12:22:09.620868 [debug] [Thread-4 (]: Began compiling node model.dbt_project.customer_order_metrics
[0m12:22:09.623866 [debug] [Thread-4 (]: Writing injected SQL for node "model.dbt_project.customer_order_metrics"
[0m12:22:09.625868 [debug] [Thread-4 (]: Began executing node model.dbt_project.customer_order_metrics
[0m12:22:09.645871 [debug] [Thread-4 (]: Writing runtime sql for node "model.dbt_project.customer_order_metrics"
[0m12:22:09.647876 [debug] [Thread-4 (]: Using postgres connection "model.dbt_project.customer_order_metrics"
[0m12:22:09.648873 [debug] [Thread-4 (]: On model.dbt_project.customer_order_metrics: BEGIN
[0m12:22:09.648873 [debug] [Thread-4 (]: Opening a new connection, currently in state init
[0m12:22:09.683880 [debug] [Thread-4 (]: SQL status: BEGIN in 0.035 seconds
[0m12:22:09.684888 [debug] [Thread-4 (]: Using postgres connection "model.dbt_project.customer_order_metrics"
[0m12:22:09.685888 [debug] [Thread-4 (]: On model.dbt_project.customer_order_metrics: /* {"app": "dbt", "dbt_version": "1.10.8", "profile_name": "dbt_project", "target_name": "dev", "node_id": "model.dbt_project.customer_order_metrics"} */

  
    

  create  table "dbt_project".public.customer_order_metrics__dbt_tmp
  
  
    as
  
  (
    

WITH customer_metrics AS (
    SELECT
        c.customer_id,
        c.customer_name,
        c.email,
        c.country,
        COUNT(DISTINCT o.order_id) AS total_orders,
        COUNT(DISTINCT CASE WHEN o.status = 'completed' THEN o.order_id END) AS completed_orders,
        COUNT(DISTINCT CASE WHEN o.status = 'pending' THEN o.order_id END) AS pending_orders,
        COALESCE(SUM(CASE WHEN o.status = 'completed' THEN o.amount END), 0) AS total_revenue,
        ROUND(AVG(CASE WHEN o.status = 'completed' THEN o.amount END), 2) AS avg_order_value,
        MAX(o.order_date) AS last_order_date,
        MIN(o.order_date) AS first_order_date
    FROM "dbt_project".public.stg_customers c
    LEFT JOIN "dbt_project".public.stg_orders o ON c.customer_id = o.customer_id
    GROUP BY c.customer_id, c.customer_name, c.email, c.country
)

SELECT
    customer_id,
    customer_name,
    email,
    country,
    total_orders,
    completed_orders,
    pending_orders,
    total_revenue,
    avg_order_value,
    last_order_date,
    first_order_date,
    DATEDIFF(DAY, first_order_date, last_order_date) AS days_as_customer,
    CURRENT_TIMESTAMP AS updated_at
FROM customer_metrics
ORDER BY total_revenue DESC
  );
  
[0m12:22:09.687881 [debug] [Thread-4 (]: Postgres adapter: Postgres error: column "day" does not exist
LINE 44:     DATEDIFF(DAY, first_order_date, last_order_date) AS days...
                      ^

[0m12:22:09.688889 [debug] [Thread-4 (]: On model.dbt_project.customer_order_metrics: ROLLBACK
[0m12:22:09.689897 [debug] [Thread-4 (]: On model.dbt_project.customer_order_metrics: Close
[0m12:22:09.694883 [debug] [Thread-4 (]: Database Error in model customer_order_metrics (models\marts\customer_order_metrics.sql)
  column "day" does not exist
  LINE 44:     DATEDIFF(DAY, first_order_date, last_order_date) AS days...
                        ^
  compiled code at target\run\dbt_project\models\marts\customer_order_metrics.sql
[0m12:22:09.694883 [debug] [Thread-4 (]: Sending event: {'category': 'dbt', 'action': 'run_model', 'label': '40226b2b-52fb-490b-a8ac-cd23bc412e12', 'context': [<snowplow_tracker.self_describing_json.SelfDescribingJson object at 0x000002200F67A450>]}
[0m12:22:09.695882 [error] [Thread-4 (]: 3 of 3 ERROR creating sql table model public.customer_order_metrics ............ [[31mERROR[0m in 0.08s]
[0m12:22:09.696883 [debug] [Thread-4 (]: Finished running node model.dbt_project.customer_order_metrics
[0m12:22:09.697887 [debug] [Thread-7 (]: Marking all children of 'model.dbt_project.customer_order_metrics' to be skipped because of status 'error'.  Reason: Database Error in model customer_order_metrics (models\marts\customer_order_metrics.sql)
  column "day" does not exist
  LINE 44:     DATEDIFF(DAY, first_order_date, last_order_date) AS days...
                        ^
  compiled code at target\run\dbt_project\models\marts\customer_order_metrics.sql.
[0m12:22:09.699884 [debug] [MainThread]: Using postgres connection "master"
[0m12:22:09.699884 [debug] [MainThread]: On master: BEGIN
[0m12:22:09.700883 [debug] [MainThread]: Opening a new connection, currently in state closed
[0m12:22:09.734891 [debug] [MainThread]: SQL status: BEGIN in 0.035 seconds
[0m12:22:09.735892 [debug] [MainThread]: On master: COMMIT
[0m12:22:09.737893 [debug] [MainThread]: Using postgres connection "master"
[0m12:22:09.737893 [debug] [MainThread]: On master: COMMIT
[0m12:22:09.738894 [debug] [MainThread]: SQL status: COMMIT in 0.000 seconds
[0m12:22:09.739894 [debug] [MainThread]: On master: Close
[0m12:22:09.740894 [debug] [MainThread]: Connection 'master' was properly closed.
[0m12:22:09.741894 [debug] [MainThread]: Connection 'list_dbt_project' was properly closed.
[0m12:22:09.742894 [debug] [MainThread]: Connection 'list_dbt_project_public' was properly closed.
[0m12:22:09.742894 [debug] [MainThread]: Connection 'model.dbt_project.stg_customers' was properly closed.
[0m12:22:09.743894 [debug] [MainThread]: Connection 'model.dbt_project.stg_orders' was properly closed.
[0m12:22:09.744895 [debug] [MainThread]: Connection 'model.dbt_project.customer_order_metrics' was properly closed.
[0m12:22:09.745895 [info ] [MainThread]: 
[0m12:22:09.746897 [info ] [MainThread]: Finished running 1 table model, 2 view models in 0 hours 0 minutes and 0.72 seconds (0.72s).
[0m12:22:09.747895 [debug] [MainThread]: Command end result
[0m12:22:09.773901 [debug] [MainThread]: Wrote artifact WritableManifest to C:\Users\arpit\Jupyter Notebook\CI CD Pipeline project\target\manifest.json
[0m12:22:09.778903 [debug] [MainThread]: Wrote artifact SemanticManifest to C:\Users\arpit\Jupyter Notebook\CI CD Pipeline project\target\semantic_manifest.json
[0m12:22:09.785903 [debug] [MainThread]: Wrote artifact RunExecutionResult to C:\Users\arpit\Jupyter Notebook\CI CD Pipeline project\target\run_results.json
[0m12:22:09.786903 [info ] [MainThread]: 
[0m12:22:09.787906 [info ] [MainThread]: [31mCompleted with 1 error, 0 partial successes, and 0 warnings:[0m
[0m12:22:09.788904 [info ] [MainThread]: 
[0m12:22:09.789904 [error] [MainThread]: [31mFailure in model customer_order_metrics (models\marts\customer_order_metrics.sql)[0m
[0m12:22:09.790905 [error] [MainThread]:   Database Error in model customer_order_metrics (models\marts\customer_order_metrics.sql)
  column "day" does not exist
  LINE 44:     DATEDIFF(DAY, first_order_date, last_order_date) AS days...
                        ^
  compiled code at target\run\dbt_project\models\marts\customer_order_metrics.sql
[0m12:22:09.791906 [info ] [MainThread]: 
[0m12:22:09.792907 [info ] [MainThread]:   compiled code at target\compiled\dbt_project\models\marts\customer_order_metrics.sql
[0m12:22:09.793905 [info ] [MainThread]: 
[0m12:22:09.794906 [info ] [MainThread]: Done. PASS=2 WARN=0 ERROR=1 SKIP=0 NO-OP=0 TOTAL=3
[0m12:22:09.795906 [warn ] [MainThread]: [[33mWARNING[0m][DeprecationsSummary]: Deprecated functionality
Summary of encountered deprecations:
- ConfigDataPathDeprecation: 1 occurrence
To see all deprecation instances instead of just the first occurrence of each,
run command again with the `--show-all-deprecations` flag. You may also need to
run with `--no-partial-parse` as some deprecations are only encountered during
parsing.
[0m12:22:09.797906 [debug] [MainThread]: Command `dbt run` failed at 12:22:09.797906 after 2.20 seconds
[0m12:22:09.798907 [debug] [MainThread]: Sending event: {'category': 'dbt', 'action': 'invocation', 'label': 'end', 'context': [<snowplow_tracker.self_describing_json.SelfDescribingJson object at 0x000002200DD16190>, <snowplow_tracker.self_describing_json.SelfDescribingJson object at 0x0000022007506150>, <snowplow_tracker.self_describing_json.SelfDescribingJson object at 0x0000022007506210>]}
[0m12:22:09.799908 [debug] [MainThread]: Flushing usage events
[0m12:22:10.696077 [debug] [MainThread]: An error was encountered while trying to flush usage events
[0m12:22:24.718144 [debug] [MainThread]: Sending event: {'category': 'dbt', 'action': 'invocation', 'label': 'start', 'context': [<snowplow_tracker.self_describing_json.SelfDescribingJson object at 0x000002B814F3C3D0>, <snowplow_tracker.self_describing_json.SelfDescribingJson object at 0x000002B814F3CC10>, <snowplow_tracker.self_describing_json.SelfDescribingJson object at 0x000002B814F3C9D0>]}


============================== 12:22:24.722164 | 52956991-2932-4a2f-8218-dd9b422d7e61 ==============================
[0m12:22:24.722164 [info ] [MainThread]: Running with dbt=1.10.8
[0m12:22:24.723147 [debug] [MainThread]: running dbt with arguments {'printer_width': '80', 'indirect_selection': 'eager', 'write_json': 'True', 'log_cache_events': 'False', 'partial_parse': 'True', 'cache_selected_only': 'False', 'profiles_dir': 'C:\\Users\\arpit\\.dbt', 'version_check': 'True', 'warn_error': 'None', 'log_path': 'C:\\Users\\arpit\\Jupyter Notebook\\CI CD Pipeline project\\logs', 'fail_fast': 'False', 'debug': 'False', 'use_colors': 'True', 'use_experimental_parser': 'False', 'empty': 'False', 'quiet': 'False', 'no_print': 'None', 'log_format': 'default', 'introspect': 'True', 'static_parser': 'True', 'warn_error_options': 'WarnErrorOptionsV2(error=[], warn=[], silence=[])', 'target_path': 'None', 'invocation_command': 'dbt run', 'send_anonymous_usage_stats': 'True'}
[0m12:22:24.798162 [warn ] [MainThread]: [[33mWARNING[0m]: Deprecated functionality
The `data-paths` config has been renamed to `seed-paths`. Please update your
`dbt_project.yml` configuration to reflect this change.
[0m12:22:24.799177 [debug] [MainThread]: Sending event: {'category': 'dbt', 'action': 'deprecation', 'label': '52956991-2932-4a2f-8218-dd9b422d7e61', 'property_': 'warn', 'context': [<snowplow_tracker.self_describing_json.SelfDescribingJson object at 0x000002B814F30B50>]}
[0m12:22:24.998226 [debug] [MainThread]: Sending event: {'category': 'dbt', 'action': 'project_id', 'label': '52956991-2932-4a2f-8218-dd9b422d7e61', 'context': [<snowplow_tracker.self_describing_json.SelfDescribingJson object at 0x000002B811B76350>]}
[0m12:22:25.069232 [debug] [MainThread]: Sending event: {'category': 'dbt', 'action': 'adapter_info', 'label': '52956991-2932-4a2f-8218-dd9b422d7e61', 'context': [<snowplow_tracker.self_describing_json.SelfDescribingJson object at 0x000002B81190D210>]}
[0m12:22:25.071224 [info ] [MainThread]: Registered adapter: postgres=1.9.0
[0m12:22:25.387378 [debug] [MainThread]: checksum: 265d66e81f90af29a7a28579c9b54d938c94f4a57c57be5f853267ae509b5fcb, vars: {}, profile: , target: , version: 1.10.8
[0m12:22:25.575426 [debug] [MainThread]: Partial parsing enabled: 0 files deleted, 0 files added, 1 files changed.
[0m12:22:25.576426 [debug] [MainThread]: Partial parsing: updated file: dbt_project://models\marts\customer_order_metrics.sql
[0m12:22:25.876501 [debug] [MainThread]: Sending event: {'category': 'dbt', 'action': 'load_project', 'label': '52956991-2932-4a2f-8218-dd9b422d7e61', 'context': [<snowplow_tracker.self_describing_json.SelfDescribingJson object at 0x000002B8163EBC90>]}
[0m12:22:26.019521 [debug] [MainThread]: Wrote artifact WritableManifest to C:\Users\arpit\Jupyter Notebook\CI CD Pipeline project\target\manifest.json
[0m12:22:26.021520 [debug] [MainThread]: Wrote artifact SemanticManifest to C:\Users\arpit\Jupyter Notebook\CI CD Pipeline project\target\semantic_manifest.json
[0m12:22:26.052527 [debug] [MainThread]: Sending event: {'category': 'dbt', 'action': 'resource_counts', 'label': '52956991-2932-4a2f-8218-dd9b422d7e61', 'context': [<snowplow_tracker.self_describing_json.SelfDescribingJson object at 0x000002B81655A010>]}
[0m12:22:26.053535 [info ] [MainThread]: Found 2 seeds, 3 data tests, 3 models, 2 sources, 434 macros
[0m12:22:26.053535 [debug] [MainThread]: Sending event: {'category': 'dbt', 'action': 'runnable_timing', 'label': '52956991-2932-4a2f-8218-dd9b422d7e61', 'context': [<snowplow_tracker.self_describing_json.SelfDescribingJson object at 0x000002B816558D10>]}
[0m12:22:26.055536 [info ] [MainThread]: 
[0m12:22:26.056535 [info ] [MainThread]: Concurrency: 4 threads (target='dev')
[0m12:22:26.056535 [info ] [MainThread]: 
[0m12:22:26.057536 [debug] [MainThread]: Acquiring new postgres connection 'master'
[0m12:22:26.062532 [debug] [ThreadPool]: Acquiring new postgres connection 'list_dbt_project'
[0m12:22:26.150568 [debug] [ThreadPool]: Using postgres connection "list_dbt_project"
[0m12:22:26.151569 [debug] [ThreadPool]: On list_dbt_project: /* {"app": "dbt", "dbt_version": "1.10.8", "profile_name": "dbt_project", "target_name": "dev", "connection_name": "list_dbt_project"} */

    select distinct nspname from pg_namespace
  
[0m12:22:26.151569 [debug] [ThreadPool]: Opening a new connection, currently in state init
[0m12:22:26.189569 [debug] [ThreadPool]: SQL status: SELECT 4 in 0.038 seconds
[0m12:22:26.191560 [debug] [ThreadPool]: On list_dbt_project: Close
[0m12:22:26.193567 [debug] [ThreadPool]: Acquiring new postgres connection 'list_dbt_project_public'
[0m12:22:26.199574 [debug] [ThreadPool]: Using postgres connection "list_dbt_project_public"
[0m12:22:26.199574 [debug] [ThreadPool]: On list_dbt_project_public: BEGIN
[0m12:22:26.200576 [debug] [ThreadPool]: Opening a new connection, currently in state init
[0m12:22:26.233568 [debug] [ThreadPool]: SQL status: BEGIN in 0.033 seconds
[0m12:22:26.234569 [debug] [ThreadPool]: Using postgres connection "list_dbt_project_public"
[0m12:22:26.235568 [debug] [ThreadPool]: On list_dbt_project_public: /* {"app": "dbt", "dbt_version": "1.10.8", "profile_name": "dbt_project", "target_name": "dev", "connection_name": "list_dbt_project_public"} */
select
      'dbt_project' as database,
      tablename as name,
      schemaname as schema,
      'table' as type
    from pg_tables
    where schemaname ilike 'public'
    union all
    select
      'dbt_project' as database,
      viewname as name,
      schemaname as schema,
      'view' as type
    from pg_views
    where schemaname ilike 'public'
    union all
    select
      'dbt_project' as database,
      matviewname as name,
      schemaname as schema,
      'materialized_view' as type
    from pg_matviews
    where schemaname ilike 'public'
  
[0m12:22:26.243569 [debug] [ThreadPool]: SQL status: SELECT 4 in 0.007 seconds
[0m12:22:26.244572 [debug] [ThreadPool]: On list_dbt_project_public: ROLLBACK
[0m12:22:26.245569 [debug] [ThreadPool]: On list_dbt_project_public: Close
[0m12:22:26.250571 [debug] [MainThread]: Using postgres connection "master"
[0m12:22:26.251571 [debug] [MainThread]: On master: BEGIN
[0m12:22:26.251571 [debug] [MainThread]: Opening a new connection, currently in state init
[0m12:22:26.396040 [debug] [MainThread]: SQL status: BEGIN in 0.144 seconds
[0m12:22:26.397048 [debug] [MainThread]: Using postgres connection "master"
[0m12:22:26.398053 [debug] [MainThread]: On master: /* {"app": "dbt", "dbt_version": "1.10.8", "profile_name": "dbt_project", "target_name": "dev", "connection_name": "master"} */
with relation as (
        select
            pg_rewrite.ev_class as class,
            pg_rewrite.oid as id
        from pg_rewrite
    ),
    class as (
        select
            oid as id,
            relname as name,
            relnamespace as schema,
            relkind as kind
        from pg_class
    ),
    dependency as (
        select distinct
            pg_depend.objid as id,
            pg_depend.refobjid as ref
        from pg_depend
    ),
    schema as (
        select
            pg_namespace.oid as id,
            pg_namespace.nspname as name
        from pg_namespace
        where nspname != 'information_schema' and nspname not like 'pg\_%'
    ),
    referenced as (
        select
            relation.id AS id,
            referenced_class.name ,
            referenced_class.schema ,
            referenced_class.kind
        from relation
        join class as referenced_class on relation.class=referenced_class.id
        where referenced_class.kind in ('r', 'v', 'm')
    ),
    relationships as (
        select
            referenced.name as referenced_name,
            referenced.schema as referenced_schema_id,
            dependent_class.name as dependent_name,
            dependent_class.schema as dependent_schema_id,
            referenced.kind as kind
        from referenced
        join dependency on referenced.id=dependency.id
        join class as dependent_class on dependency.ref=dependent_class.id
        where
            (referenced.name != dependent_class.name or
             referenced.schema != dependent_class.schema)
    )

    select
        referenced_schema.name as referenced_schema,
        relationships.referenced_name as referenced_name,
        dependent_schema.name as dependent_schema,
        relationships.dependent_name as dependent_name
    from relationships
    join schema as dependent_schema on relationships.dependent_schema_id=dependent_schema.id
    join schema as referenced_schema on relationships.referenced_schema_id=referenced_schema.id
    group by referenced_schema, referenced_name, dependent_schema, dependent_name
    order by referenced_schema, referenced_name, dependent_schema, dependent_name;
[0m12:22:26.408050 [debug] [MainThread]: SQL status: SELECT 2 in 0.009 seconds
[0m12:22:26.410038 [debug] [MainThread]: Sending event: {'category': 'dbt', 'action': 'runnable_timing', 'label': '52956991-2932-4a2f-8218-dd9b422d7e61', 'context': [<snowplow_tracker.self_describing_json.SelfDescribingJson object at 0x000002B81678E350>]}
[0m12:22:26.411038 [debug] [MainThread]: On master: ROLLBACK
[0m12:22:26.412037 [debug] [MainThread]: Using postgres connection "master"
[0m12:22:26.413045 [debug] [MainThread]: On master: BEGIN
[0m12:22:26.413045 [debug] [MainThread]: SQL status: BEGIN in 0.000 seconds
[0m12:22:26.414046 [debug] [MainThread]: On master: COMMIT
[0m12:22:26.414046 [debug] [MainThread]: Using postgres connection "master"
[0m12:22:26.415052 [debug] [MainThread]: On master: COMMIT
[0m12:22:26.415052 [debug] [MainThread]: SQL status: COMMIT in 0.000 seconds
[0m12:22:26.416046 [debug] [MainThread]: On master: Close
[0m12:22:26.421039 [debug] [Thread-1 (]: Began running node model.dbt_project.stg_customers
[0m12:22:26.421039 [debug] [Thread-2 (]: Began running node model.dbt_project.stg_orders
[0m12:22:26.422047 [info ] [Thread-1 (]: 1 of 3 START sql view model public.stg_customers ............................... [RUN]
[0m12:22:26.423047 [info ] [Thread-2 (]: 2 of 3 START sql view model public.stg_orders .................................. [RUN]
[0m12:22:26.424039 [debug] [Thread-1 (]: Acquiring new postgres connection 'model.dbt_project.stg_customers'
[0m12:22:26.425040 [debug] [Thread-2 (]: Acquiring new postgres connection 'model.dbt_project.stg_orders'
[0m12:22:26.425040 [debug] [Thread-1 (]: Began compiling node model.dbt_project.stg_customers
[0m12:22:26.426040 [debug] [Thread-2 (]: Began compiling node model.dbt_project.stg_orders
[0m12:22:26.434056 [debug] [Thread-1 (]: Writing injected SQL for node "model.dbt_project.stg_customers"
[0m12:22:26.438050 [debug] [Thread-2 (]: Writing injected SQL for node "model.dbt_project.stg_orders"
[0m12:22:26.440043 [debug] [Thread-1 (]: Began executing node model.dbt_project.stg_customers
[0m12:22:26.441045 [debug] [Thread-2 (]: Began executing node model.dbt_project.stg_orders
[0m12:22:26.473050 [debug] [Thread-1 (]: Writing runtime sql for node "model.dbt_project.stg_customers"
[0m12:22:26.479059 [debug] [Thread-2 (]: Writing runtime sql for node "model.dbt_project.stg_orders"
[0m12:22:26.481061 [debug] [Thread-1 (]: Using postgres connection "model.dbt_project.stg_customers"
[0m12:22:26.482053 [debug] [Thread-1 (]: On model.dbt_project.stg_customers: BEGIN
[0m12:22:26.482053 [debug] [Thread-2 (]: Using postgres connection "model.dbt_project.stg_orders"
[0m12:22:26.483053 [debug] [Thread-1 (]: Opening a new connection, currently in state init
[0m12:22:26.483053 [debug] [Thread-2 (]: On model.dbt_project.stg_orders: BEGIN
[0m12:22:26.484054 [debug] [Thread-2 (]: Opening a new connection, currently in state init
[0m12:22:26.518060 [debug] [Thread-2 (]: SQL status: BEGIN in 0.034 seconds
[0m12:22:26.519060 [debug] [Thread-2 (]: Using postgres connection "model.dbt_project.stg_orders"
[0m12:22:26.519060 [debug] [Thread-2 (]: On model.dbt_project.stg_orders: /* {"app": "dbt", "dbt_version": "1.10.8", "profile_name": "dbt_project", "target_name": "dev", "node_id": "model.dbt_project.stg_orders"} */

  create view "dbt_project".public.stg_orders__dbt_tmp
    
    
  as (
    

SELECT
    order_id,
    customer_id,
    CASE 
        WHEN order_date IS NULL THEN NULL
        ELSE CAST(order_date AS DATE)
    END AS order_date,
    CASE 
        WHEN amount IS NULL OR amount <= 0 THEN NULL
        ELSE CAST(amount AS DECIMAL(10, 2))
    END AS amount,
    LOWER(TRIM(status)) AS status,
    CURRENT_TIMESTAMP AS created_at
FROM public.orders
WHERE 
    order_id IS NOT NULL
    AND customer_id IS NOT NULL
    AND order_date IS NOT NULL
  );
[0m12:22:26.520061 [debug] [Thread-1 (]: SQL status: BEGIN in 0.037 seconds
[0m12:22:26.521063 [debug] [Thread-1 (]: Using postgres connection "model.dbt_project.stg_customers"
[0m12:22:26.522062 [debug] [Thread-1 (]: On model.dbt_project.stg_customers: /* {"app": "dbt", "dbt_version": "1.10.8", "profile_name": "dbt_project", "target_name": "dev", "node_id": "model.dbt_project.stg_customers"} */

  create view "dbt_project".public.stg_customers__dbt_tmp
    
    
  as (
    

SELECT
    customer_id,
    customer_name,
    email,
    phone,
    country,
    CURRENT_TIMESTAMP AS created_at
FROM public.customers
WHERE customer_id IS NOT NULL
  );
[0m12:22:26.525062 [debug] [Thread-2 (]: SQL status: CREATE VIEW in 0.004 seconds
[0m12:22:26.531064 [debug] [Thread-2 (]: Using postgres connection "model.dbt_project.stg_orders"
[0m12:22:26.532066 [debug] [Thread-1 (]: SQL status: CREATE VIEW in 0.009 seconds
[0m12:22:26.532066 [debug] [Thread-2 (]: On model.dbt_project.stg_orders: /* {"app": "dbt", "dbt_version": "1.10.8", "profile_name": "dbt_project", "target_name": "dev", "node_id": "model.dbt_project.stg_orders"} */
alter table "dbt_project"."public"."stg_orders" rename to stg_orders__dbt_backup
[0m12:22:26.535064 [debug] [Thread-1 (]: Using postgres connection "model.dbt_project.stg_customers"
[0m12:22:26.537065 [debug] [Thread-1 (]: On model.dbt_project.stg_customers: /* {"app": "dbt", "dbt_version": "1.10.8", "profile_name": "dbt_project", "target_name": "dev", "node_id": "model.dbt_project.stg_customers"} */
alter table "dbt_project"."public"."stg_customers" rename to stg_customers__dbt_backup
[0m12:22:26.537065 [debug] [Thread-2 (]: SQL status: ALTER TABLE in 0.001 seconds
[0m12:22:26.541066 [debug] [Thread-2 (]: Using postgres connection "model.dbt_project.stg_orders"
[0m12:22:26.542066 [debug] [Thread-1 (]: SQL status: ALTER TABLE in 0.004 seconds
[0m12:22:26.542066 [debug] [Thread-2 (]: On model.dbt_project.stg_orders: /* {"app": "dbt", "dbt_version": "1.10.8", "profile_name": "dbt_project", "target_name": "dev", "node_id": "model.dbt_project.stg_orders"} */
alter table "dbt_project".public.stg_orders__dbt_tmp rename to stg_orders
[0m12:22:26.545066 [debug] [Thread-1 (]: Using postgres connection "model.dbt_project.stg_customers"
[0m12:22:26.547069 [debug] [Thread-1 (]: On model.dbt_project.stg_customers: /* {"app": "dbt", "dbt_version": "1.10.8", "profile_name": "dbt_project", "target_name": "dev", "node_id": "model.dbt_project.stg_customers"} */
alter table "dbt_project".public.stg_customers__dbt_tmp rename to stg_customers
[0m12:22:26.547069 [debug] [Thread-2 (]: SQL status: ALTER TABLE in 0.001 seconds
[0m12:22:26.557069 [debug] [Thread-1 (]: SQL status: ALTER TABLE in 0.008 seconds
[0m12:22:26.565074 [debug] [Thread-2 (]: On model.dbt_project.stg_orders: COMMIT
[0m12:22:26.567071 [debug] [Thread-1 (]: On model.dbt_project.stg_customers: COMMIT
[0m12:22:26.567071 [debug] [Thread-2 (]: Using postgres connection "model.dbt_project.stg_orders"
[0m12:22:26.568071 [debug] [Thread-1 (]: Using postgres connection "model.dbt_project.stg_customers"
[0m12:22:26.568071 [debug] [Thread-2 (]: On model.dbt_project.stg_orders: COMMIT
[0m12:22:26.569072 [debug] [Thread-1 (]: On model.dbt_project.stg_customers: COMMIT
[0m12:22:26.570073 [debug] [Thread-2 (]: SQL status: COMMIT in 0.001 seconds
[0m12:22:26.571072 [debug] [Thread-1 (]: SQL status: COMMIT in 0.001 seconds
[0m12:22:26.577074 [debug] [Thread-2 (]: Applying DROP to: "dbt_project".public.stg_orders__dbt_backup
[0m12:22:26.580074 [debug] [Thread-1 (]: Applying DROP to: "dbt_project".public.stg_customers__dbt_backup
[0m12:22:26.585075 [debug] [Thread-2 (]: Using postgres connection "model.dbt_project.stg_orders"
[0m12:22:26.587076 [debug] [Thread-1 (]: Using postgres connection "model.dbt_project.stg_customers"
[0m12:22:26.587076 [debug] [Thread-2 (]: On model.dbt_project.stg_orders: /* {"app": "dbt", "dbt_version": "1.10.8", "profile_name": "dbt_project", "target_name": "dev", "node_id": "model.dbt_project.stg_orders"} */
drop view if exists "dbt_project".public.stg_orders__dbt_backup cascade
[0m12:22:26.588077 [debug] [Thread-1 (]: On model.dbt_project.stg_customers: /* {"app": "dbt", "dbt_version": "1.10.8", "profile_name": "dbt_project", "target_name": "dev", "node_id": "model.dbt_project.stg_customers"} */
drop view if exists "dbt_project".public.stg_customers__dbt_backup cascade
[0m12:22:26.591078 [debug] [Thread-2 (]: SQL status: DROP VIEW in 0.002 seconds
[0m12:22:26.591078 [debug] [Thread-1 (]: SQL status: DROP VIEW in 0.002 seconds
[0m12:22:26.593077 [debug] [Thread-2 (]: On model.dbt_project.stg_orders: Close
[0m12:22:26.595078 [debug] [Thread-1 (]: On model.dbt_project.stg_customers: Close
[0m12:22:26.598080 [debug] [Thread-2 (]: Sending event: {'category': 'dbt', 'action': 'run_model', 'label': '52956991-2932-4a2f-8218-dd9b422d7e61', 'context': [<snowplow_tracker.self_describing_json.SelfDescribingJson object at 0x000002B816B069D0>]}
[0m12:22:26.599080 [debug] [Thread-1 (]: Sending event: {'category': 'dbt', 'action': 'run_model', 'label': '52956991-2932-4a2f-8218-dd9b422d7e61', 'context': [<snowplow_tracker.self_describing_json.SelfDescribingJson object at 0x000002B816B63B90>]}
[0m12:22:26.600081 [info ] [Thread-2 (]: 2 of 3 OK created sql view model public.stg_orders ............................. [[32mCREATE VIEW[0m in 0.17s]
[0m12:22:26.601082 [info ] [Thread-1 (]: 1 of 3 OK created sql view model public.stg_customers .......................... [[32mCREATE VIEW[0m in 0.17s]
[0m12:22:26.602080 [debug] [Thread-2 (]: Finished running node model.dbt_project.stg_orders
[0m12:22:26.602080 [debug] [Thread-1 (]: Finished running node model.dbt_project.stg_customers
[0m12:22:26.604080 [debug] [Thread-4 (]: Began running node model.dbt_project.customer_order_metrics
[0m12:22:26.605082 [info ] [Thread-4 (]: 3 of 3 START sql table model public.customer_order_metrics ..................... [RUN]
[0m12:22:26.605082 [debug] [Thread-4 (]: Acquiring new postgres connection 'model.dbt_project.customer_order_metrics'
[0m12:22:26.606083 [debug] [Thread-4 (]: Began compiling node model.dbt_project.customer_order_metrics
[0m12:22:26.610082 [debug] [Thread-4 (]: Writing injected SQL for node "model.dbt_project.customer_order_metrics"
[0m12:22:26.611083 [debug] [Thread-4 (]: Began executing node model.dbt_project.customer_order_metrics
[0m12:22:26.633088 [debug] [Thread-4 (]: Writing runtime sql for node "model.dbt_project.customer_order_metrics"
[0m12:22:26.634087 [debug] [Thread-4 (]: Using postgres connection "model.dbt_project.customer_order_metrics"
[0m12:22:26.635087 [debug] [Thread-4 (]: On model.dbt_project.customer_order_metrics: BEGIN
[0m12:22:26.636088 [debug] [Thread-4 (]: Opening a new connection, currently in state init
[0m12:22:26.670095 [debug] [Thread-4 (]: SQL status: BEGIN in 0.034 seconds
[0m12:22:26.670095 [debug] [Thread-4 (]: Using postgres connection "model.dbt_project.customer_order_metrics"
[0m12:22:26.671095 [debug] [Thread-4 (]: On model.dbt_project.customer_order_metrics: /* {"app": "dbt", "dbt_version": "1.10.8", "profile_name": "dbt_project", "target_name": "dev", "node_id": "model.dbt_project.customer_order_metrics"} */

  
    

  create  table "dbt_project".public.customer_order_metrics__dbt_tmp
  
  
    as
  
  (
    

WITH customer_metrics AS (
    SELECT
        c.customer_id,
        c.customer_name,
        c.email,
        c.country,
        COUNT(DISTINCT o.order_id) AS total_orders,
        COUNT(DISTINCT CASE WHEN o.status = 'completed' THEN o.order_id END) AS completed_orders,
        COUNT(DISTINCT CASE WHEN o.status = 'pending' THEN o.order_id END) AS pending_orders,
        COALESCE(SUM(CASE WHEN o.status = 'completed' THEN o.amount END), 0) AS total_revenue,
        ROUND(AVG(CASE WHEN o.status = 'completed' THEN o.amount END), 2) AS avg_order_value,
        MAX(o.order_date) AS last_order_date,
        MIN(o.order_date) AS first_order_date
    FROM "dbt_project".public.stg_customers c
    LEFT JOIN "dbt_project".public.stg_orders o ON c.customer_id = o.customer_id
    GROUP BY c.customer_id, c.customer_name, c.email, c.country
)

SELECT
    customer_id,
    customer_name,
    email,
    country,
    total_orders,
    completed_orders,
    pending_orders,
    total_revenue,
    avg_order_value,
    last_order_date,
    first_order_date,
    EXTRACT(DAY FROM (last_order_date - first_order_date))::INT AS days_as_customer,
    CURRENT_TIMESTAMP AS updated_at
FROM customer_metrics
ORDER BY total_revenue DESC
  );
  
[0m12:22:26.673095 [debug] [Thread-4 (]: Postgres adapter: Postgres error: function pg_catalog.extract(unknown, integer) does not exist
LINE 44:     EXTRACT(DAY FROM (last_order_date - first_order_date))::...
             ^
HINT:  No function matches the given name and argument types. You might need to add explicit type casts.

[0m12:22:26.674100 [debug] [Thread-4 (]: On model.dbt_project.customer_order_metrics: ROLLBACK
[0m12:22:26.675098 [debug] [Thread-4 (]: On model.dbt_project.customer_order_metrics: Close
[0m12:22:26.681097 [debug] [Thread-4 (]: Database Error in model customer_order_metrics (models\marts\customer_order_metrics.sql)
  function pg_catalog.extract(unknown, integer) does not exist
  LINE 44:     EXTRACT(DAY FROM (last_order_date - first_order_date))::...
               ^
  HINT:  No function matches the given name and argument types. You might need to add explicit type casts.
  compiled code at target\run\dbt_project\models\marts\customer_order_metrics.sql
[0m12:22:26.681097 [debug] [Thread-4 (]: Sending event: {'category': 'dbt', 'action': 'run_model', 'label': '52956991-2932-4a2f-8218-dd9b422d7e61', 'context': [<snowplow_tracker.self_describing_json.SelfDescribingJson object at 0x000002B816BD9550>]}
[0m12:22:26.682098 [error] [Thread-4 (]: 3 of 3 ERROR creating sql table model public.customer_order_metrics ............ [[31mERROR[0m in 0.08s]
[0m12:22:26.683101 [debug] [Thread-4 (]: Finished running node model.dbt_project.customer_order_metrics
[0m12:22:26.685100 [debug] [Thread-7 (]: Marking all children of 'model.dbt_project.customer_order_metrics' to be skipped because of status 'error'.  Reason: Database Error in model customer_order_metrics (models\marts\customer_order_metrics.sql)
  function pg_catalog.extract(unknown, integer) does not exist
  LINE 44:     EXTRACT(DAY FROM (last_order_date - first_order_date))::...
               ^
  HINT:  No function matches the given name and argument types. You might need to add explicit type casts.
  compiled code at target\run\dbt_project\models\marts\customer_order_metrics.sql.
[0m12:22:26.686100 [debug] [MainThread]: Using postgres connection "master"
[0m12:22:26.687099 [debug] [MainThread]: On master: BEGIN
[0m12:22:26.687099 [debug] [MainThread]: Opening a new connection, currently in state closed
[0m12:22:26.834403 [debug] [MainThread]: SQL status: BEGIN in 0.147 seconds
[0m12:22:26.835396 [debug] [MainThread]: On master: COMMIT
[0m12:22:26.835396 [debug] [MainThread]: Using postgres connection "master"
[0m12:22:26.836395 [debug] [MainThread]: On master: COMMIT
[0m12:22:26.837397 [debug] [MainThread]: SQL status: COMMIT in 0.000 seconds
[0m12:22:26.838397 [debug] [MainThread]: On master: Close
[0m12:22:26.839397 [debug] [MainThread]: Connection 'master' was properly closed.
[0m12:22:26.839397 [debug] [MainThread]: Connection 'list_dbt_project' was properly closed.
[0m12:22:26.840398 [debug] [MainThread]: Connection 'list_dbt_project_public' was properly closed.
[0m12:22:26.840398 [debug] [MainThread]: Connection 'model.dbt_project.stg_customers' was properly closed.
[0m12:22:26.841397 [debug] [MainThread]: Connection 'model.dbt_project.stg_orders' was properly closed.
[0m12:22:26.841397 [debug] [MainThread]: Connection 'model.dbt_project.customer_order_metrics' was properly closed.
[0m12:22:26.842397 [info ] [MainThread]: 
[0m12:22:26.842397 [info ] [MainThread]: Finished running 1 table model, 2 view models in 0 hours 0 minutes and 0.78 seconds (0.78s).
[0m12:22:26.844406 [debug] [MainThread]: Command end result
[0m12:22:26.867402 [debug] [MainThread]: Wrote artifact WritableManifest to C:\Users\arpit\Jupyter Notebook\CI CD Pipeline project\target\manifest.json
[0m12:22:26.870404 [debug] [MainThread]: Wrote artifact SemanticManifest to C:\Users\arpit\Jupyter Notebook\CI CD Pipeline project\target\semantic_manifest.json
[0m12:22:26.876415 [debug] [MainThread]: Wrote artifact RunExecutionResult to C:\Users\arpit\Jupyter Notebook\CI CD Pipeline project\target\run_results.json
[0m12:22:26.877406 [info ] [MainThread]: 
[0m12:22:26.877406 [info ] [MainThread]: [31mCompleted with 1 error, 0 partial successes, and 0 warnings:[0m
[0m12:22:26.878416 [info ] [MainThread]: 
[0m12:22:26.879420 [error] [MainThread]: [31mFailure in model customer_order_metrics (models\marts\customer_order_metrics.sql)[0m
[0m12:22:26.880407 [error] [MainThread]:   Database Error in model customer_order_metrics (models\marts\customer_order_metrics.sql)
  function pg_catalog.extract(unknown, integer) does not exist
  LINE 44:     EXTRACT(DAY FROM (last_order_date - first_order_date))::...
               ^
  HINT:  No function matches the given name and argument types. You might need to add explicit type casts.
  compiled code at target\run\dbt_project\models\marts\customer_order_metrics.sql
[0m12:22:26.881407 [info ] [MainThread]: 
[0m12:22:26.882406 [info ] [MainThread]:   compiled code at target\compiled\dbt_project\models\marts\customer_order_metrics.sql
[0m12:22:26.882406 [info ] [MainThread]: 
[0m12:22:26.883407 [info ] [MainThread]: Done. PASS=2 WARN=0 ERROR=1 SKIP=0 NO-OP=0 TOTAL=3
[0m12:22:26.884408 [warn ] [MainThread]: [[33mWARNING[0m][DeprecationsSummary]: Deprecated functionality
Summary of encountered deprecations:
- ConfigDataPathDeprecation: 1 occurrence
To see all deprecation instances instead of just the first occurrence of each,
run command again with the `--show-all-deprecations` flag. You may also need to
run with `--no-partial-parse` as some deprecations are only encountered during
parsing.
[0m12:22:26.886408 [debug] [MainThread]: Command `dbt run` failed at 12:22:26.886408 after 2.26 seconds
[0m12:22:26.887409 [debug] [MainThread]: Sending event: {'category': 'dbt', 'action': 'invocation', 'label': 'end', 'context': [<snowplow_tracker.self_describing_json.SelfDescribingJson object at 0x000002B814F84510>, <snowplow_tracker.self_describing_json.SelfDescribingJson object at 0x000002B80E516150>, <snowplow_tracker.self_describing_json.SelfDescribingJson object at 0x000002B80E516210>]}
[0m12:22:26.888409 [debug] [MainThread]: Flushing usage events
[0m12:22:27.817031 [debug] [MainThread]: An error was encountered while trying to flush usage events
[0m12:22:42.218292 [debug] [MainThread]: Sending event: {'category': 'dbt', 'action': 'invocation', 'label': 'start', 'context': [<snowplow_tracker.self_describing_json.SelfDescribingJson object at 0x000001746D8C3710>, <snowplow_tracker.self_describing_json.SelfDescribingJson object at 0x000001746D84D290>, <snowplow_tracker.self_describing_json.SelfDescribingJson object at 0x000001746D84C410>]}


============================== 12:22:42.223294 | fad7bcae-65cb-4d4a-969c-4ef128ba25c4 ==============================
[0m12:22:42.223294 [info ] [MainThread]: Running with dbt=1.10.8
[0m12:22:42.224294 [debug] [MainThread]: running dbt with arguments {'printer_width': '80', 'indirect_selection': 'eager', 'log_cache_events': 'False', 'write_json': 'True', 'partial_parse': 'True', 'cache_selected_only': 'False', 'profiles_dir': 'C:\\Users\\arpit\\.dbt', 'version_check': 'True', 'warn_error': 'None', 'log_path': 'C:\\Users\\arpit\\Jupyter Notebook\\CI CD Pipeline project\\logs', 'debug': 'False', 'fail_fast': 'False', 'use_colors': 'True', 'use_experimental_parser': 'False', 'no_print': 'None', 'quiet': 'False', 'empty': 'False', 'warn_error_options': 'WarnErrorOptionsV2(error=[], warn=[], silence=[])', 'static_parser': 'True', 'invocation_command': 'dbt run', 'introspect': 'True', 'target_path': 'None', 'log_format': 'default', 'send_anonymous_usage_stats': 'True'}
[0m12:22:42.296312 [warn ] [MainThread]: [[33mWARNING[0m]: Deprecated functionality
The `data-paths` config has been renamed to `seed-paths`. Please update your
`dbt_project.yml` configuration to reflect this change.
[0m12:22:42.297311 [debug] [MainThread]: Sending event: {'category': 'dbt', 'action': 'deprecation', 'label': 'fad7bcae-65cb-4d4a-969c-4ef128ba25c4', 'property_': 'warn', 'context': [<snowplow_tracker.self_describing_json.SelfDescribingJson object at 0x000001746D84D250>]}
[0m12:22:42.479359 [debug] [MainThread]: Sending event: {'category': 'dbt', 'action': 'project_id', 'label': 'fad7bcae-65cb-4d4a-969c-4ef128ba25c4', 'context': [<snowplow_tracker.self_describing_json.SelfDescribingJson object at 0x000001746DAFA5D0>]}
[0m12:22:42.551387 [debug] [MainThread]: Sending event: {'category': 'dbt', 'action': 'adapter_info', 'label': 'fad7bcae-65cb-4d4a-969c-4ef128ba25c4', 'context': [<snowplow_tracker.self_describing_json.SelfDescribingJson object at 0x000001746924E650>]}
[0m12:22:42.553370 [info ] [MainThread]: Registered adapter: postgres=1.9.0
[0m12:22:42.874442 [debug] [MainThread]: checksum: 265d66e81f90af29a7a28579c9b54d938c94f4a57c57be5f853267ae509b5fcb, vars: {}, profile: , target: , version: 1.10.8
[0m12:22:43.065483 [debug] [MainThread]: Partial parsing enabled: 0 files deleted, 0 files added, 1 files changed.
[0m12:22:43.066486 [debug] [MainThread]: Partial parsing: updated file: dbt_project://models\marts\customer_order_metrics.sql
[0m12:22:43.377554 [debug] [MainThread]: Sending event: {'category': 'dbt', 'action': 'load_project', 'label': 'fad7bcae-65cb-4d4a-969c-4ef128ba25c4', 'context': [<snowplow_tracker.self_describing_json.SelfDescribingJson object at 0x000001746DF6C810>]}
[0m12:22:43.520589 [debug] [MainThread]: Wrote artifact WritableManifest to C:\Users\arpit\Jupyter Notebook\CI CD Pipeline project\target\manifest.json
[0m12:22:43.523597 [debug] [MainThread]: Wrote artifact SemanticManifest to C:\Users\arpit\Jupyter Notebook\CI CD Pipeline project\target\semantic_manifest.json
[0m12:22:43.553597 [debug] [MainThread]: Sending event: {'category': 'dbt', 'action': 'resource_counts', 'label': 'fad7bcae-65cb-4d4a-969c-4ef128ba25c4', 'context': [<snowplow_tracker.self_describing_json.SelfDescribingJson object at 0x000001746DF80510>]}
[0m12:22:43.554597 [info ] [MainThread]: Found 2 seeds, 3 data tests, 3 models, 2 sources, 434 macros
[0m12:22:43.555598 [debug] [MainThread]: Sending event: {'category': 'dbt', 'action': 'runnable_timing', 'label': 'fad7bcae-65cb-4d4a-969c-4ef128ba25c4', 'context': [<snowplow_tracker.self_describing_json.SelfDescribingJson object at 0x000001746E149250>]}
[0m12:22:43.557595 [info ] [MainThread]: 
[0m12:22:43.558595 [info ] [MainThread]: Concurrency: 4 threads (target='dev')
[0m12:22:43.558595 [info ] [MainThread]: 
[0m12:22:43.559595 [debug] [MainThread]: Acquiring new postgres connection 'master'
[0m12:22:43.564598 [debug] [ThreadPool]: Acquiring new postgres connection 'list_dbt_project'
[0m12:22:43.651616 [debug] [ThreadPool]: Using postgres connection "list_dbt_project"
[0m12:22:43.651616 [debug] [ThreadPool]: On list_dbt_project: /* {"app": "dbt", "dbt_version": "1.10.8", "profile_name": "dbt_project", "target_name": "dev", "connection_name": "list_dbt_project"} */

    select distinct nspname from pg_namespace
  
[0m12:22:43.652631 [debug] [ThreadPool]: Opening a new connection, currently in state init
[0m12:22:43.692628 [debug] [ThreadPool]: SQL status: SELECT 4 in 0.040 seconds
[0m12:22:43.693626 [debug] [ThreadPool]: On list_dbt_project: Close
[0m12:22:43.695628 [debug] [ThreadPool]: Acquiring new postgres connection 'list_dbt_project_public'
[0m12:22:43.702629 [debug] [ThreadPool]: Using postgres connection "list_dbt_project_public"
[0m12:22:43.702629 [debug] [ThreadPool]: On list_dbt_project_public: BEGIN
[0m12:22:43.703629 [debug] [ThreadPool]: Opening a new connection, currently in state init
[0m12:22:43.735637 [debug] [ThreadPool]: SQL status: BEGIN in 0.032 seconds
[0m12:22:43.735637 [debug] [ThreadPool]: Using postgres connection "list_dbt_project_public"
[0m12:22:43.736637 [debug] [ThreadPool]: On list_dbt_project_public: /* {"app": "dbt", "dbt_version": "1.10.8", "profile_name": "dbt_project", "target_name": "dev", "connection_name": "list_dbt_project_public"} */
select
      'dbt_project' as database,
      tablename as name,
      schemaname as schema,
      'table' as type
    from pg_tables
    where schemaname ilike 'public'
    union all
    select
      'dbt_project' as database,
      viewname as name,
      schemaname as schema,
      'view' as type
    from pg_views
    where schemaname ilike 'public'
    union all
    select
      'dbt_project' as database,
      matviewname as name,
      schemaname as schema,
      'materialized_view' as type
    from pg_matviews
    where schemaname ilike 'public'
  
[0m12:22:43.745638 [debug] [ThreadPool]: SQL status: SELECT 4 in 0.008 seconds
[0m12:22:43.746638 [debug] [ThreadPool]: On list_dbt_project_public: ROLLBACK
[0m12:22:43.747639 [debug] [ThreadPool]: On list_dbt_project_public: Close
[0m12:22:43.753639 [debug] [MainThread]: Using postgres connection "master"
[0m12:22:43.753639 [debug] [MainThread]: On master: BEGIN
[0m12:22:43.754640 [debug] [MainThread]: Opening a new connection, currently in state init
[0m12:22:43.897463 [debug] [MainThread]: SQL status: BEGIN in 0.143 seconds
[0m12:22:43.897463 [debug] [MainThread]: Using postgres connection "master"
[0m12:22:43.898455 [debug] [MainThread]: On master: /* {"app": "dbt", "dbt_version": "1.10.8", "profile_name": "dbt_project", "target_name": "dev", "connection_name": "master"} */
with relation as (
        select
            pg_rewrite.ev_class as class,
            pg_rewrite.oid as id
        from pg_rewrite
    ),
    class as (
        select
            oid as id,
            relname as name,
            relnamespace as schema,
            relkind as kind
        from pg_class
    ),
    dependency as (
        select distinct
            pg_depend.objid as id,
            pg_depend.refobjid as ref
        from pg_depend
    ),
    schema as (
        select
            pg_namespace.oid as id,
            pg_namespace.nspname as name
        from pg_namespace
        where nspname != 'information_schema' and nspname not like 'pg\_%'
    ),
    referenced as (
        select
            relation.id AS id,
            referenced_class.name ,
            referenced_class.schema ,
            referenced_class.kind
        from relation
        join class as referenced_class on relation.class=referenced_class.id
        where referenced_class.kind in ('r', 'v', 'm')
    ),
    relationships as (
        select
            referenced.name as referenced_name,
            referenced.schema as referenced_schema_id,
            dependent_class.name as dependent_name,
            dependent_class.schema as dependent_schema_id,
            referenced.kind as kind
        from referenced
        join dependency on referenced.id=dependency.id
        join class as dependent_class on dependency.ref=dependent_class.id
        where
            (referenced.name != dependent_class.name or
             referenced.schema != dependent_class.schema)
    )

    select
        referenced_schema.name as referenced_schema,
        relationships.referenced_name as referenced_name,
        dependent_schema.name as dependent_schema,
        relationships.dependent_name as dependent_name
    from relationships
    join schema as dependent_schema on relationships.dependent_schema_id=dependent_schema.id
    join schema as referenced_schema on relationships.referenced_schema_id=referenced_schema.id
    group by referenced_schema, referenced_name, dependent_schema, dependent_name
    order by referenced_schema, referenced_name, dependent_schema, dependent_name;
[0m12:22:43.908457 [debug] [MainThread]: SQL status: SELECT 2 in 0.010 seconds
[0m12:22:43.911472 [debug] [MainThread]: Sending event: {'category': 'dbt', 'action': 'runnable_timing', 'label': 'fad7bcae-65cb-4d4a-969c-4ef128ba25c4', 'context': [<snowplow_tracker.self_describing_json.SelfDescribingJson object at 0x000001746E440ED0>]}
[0m12:22:43.911472 [debug] [MainThread]: On master: ROLLBACK
[0m12:22:43.912459 [debug] [MainThread]: Using postgres connection "master"
[0m12:22:43.913459 [debug] [MainThread]: On master: BEGIN
[0m12:22:43.914459 [debug] [MainThread]: SQL status: BEGIN in 0.000 seconds
[0m12:22:43.914459 [debug] [MainThread]: On master: COMMIT
[0m12:22:43.915459 [debug] [MainThread]: Using postgres connection "master"
[0m12:22:43.915459 [debug] [MainThread]: On master: COMMIT
[0m12:22:43.916458 [debug] [MainThread]: SQL status: COMMIT in 0.000 seconds
[0m12:22:43.916458 [debug] [MainThread]: On master: Close
[0m12:22:43.921462 [debug] [Thread-1 (]: Began running node model.dbt_project.stg_customers
[0m12:22:43.922461 [debug] [Thread-2 (]: Began running node model.dbt_project.stg_orders
[0m12:22:43.923462 [info ] [Thread-1 (]: 1 of 3 START sql view model public.stg_customers ............................... [RUN]
[0m12:22:43.924461 [info ] [Thread-2 (]: 2 of 3 START sql view model public.stg_orders .................................. [RUN]
[0m12:22:43.925460 [debug] [Thread-1 (]: Acquiring new postgres connection 'model.dbt_project.stg_customers'
[0m12:22:43.926462 [debug] [Thread-2 (]: Acquiring new postgres connection 'model.dbt_project.stg_orders'
[0m12:22:43.926462 [debug] [Thread-1 (]: Began compiling node model.dbt_project.stg_customers
[0m12:22:43.927462 [debug] [Thread-2 (]: Began compiling node model.dbt_project.stg_orders
[0m12:22:43.934462 [debug] [Thread-1 (]: Writing injected SQL for node "model.dbt_project.stg_customers"
[0m12:22:43.937465 [debug] [Thread-2 (]: Writing injected SQL for node "model.dbt_project.stg_orders"
[0m12:22:43.939464 [debug] [Thread-1 (]: Began executing node model.dbt_project.stg_customers
[0m12:22:43.951466 [debug] [Thread-2 (]: Began executing node model.dbt_project.stg_orders
[0m12:22:43.973473 [debug] [Thread-1 (]: Writing runtime sql for node "model.dbt_project.stg_customers"
[0m12:22:43.978474 [debug] [Thread-2 (]: Writing runtime sql for node "model.dbt_project.stg_orders"
[0m12:22:43.979473 [debug] [Thread-1 (]: Using postgres connection "model.dbt_project.stg_customers"
[0m12:22:43.980473 [debug] [Thread-1 (]: On model.dbt_project.stg_customers: BEGIN
[0m12:22:43.980473 [debug] [Thread-2 (]: Using postgres connection "model.dbt_project.stg_orders"
[0m12:22:43.981474 [debug] [Thread-1 (]: Opening a new connection, currently in state init
[0m12:22:43.982476 [debug] [Thread-2 (]: On model.dbt_project.stg_orders: BEGIN
[0m12:22:43.983476 [debug] [Thread-2 (]: Opening a new connection, currently in state init
[0m12:22:44.015483 [debug] [Thread-1 (]: SQL status: BEGIN in 0.034 seconds
[0m12:22:44.016482 [debug] [Thread-1 (]: Using postgres connection "model.dbt_project.stg_customers"
[0m12:22:44.017484 [debug] [Thread-1 (]: On model.dbt_project.stg_customers: /* {"app": "dbt", "dbt_version": "1.10.8", "profile_name": "dbt_project", "target_name": "dev", "node_id": "model.dbt_project.stg_customers"} */

  create view "dbt_project".public.stg_customers__dbt_tmp
    
    
  as (
    

SELECT
    customer_id,
    customer_name,
    email,
    phone,
    country,
    CURRENT_TIMESTAMP AS created_at
FROM public.customers
WHERE customer_id IS NOT NULL
  );
[0m12:22:44.018485 [debug] [Thread-2 (]: SQL status: BEGIN in 0.035 seconds
[0m12:22:44.018485 [debug] [Thread-2 (]: Using postgres connection "model.dbt_project.stg_orders"
[0m12:22:44.019483 [debug] [Thread-2 (]: On model.dbt_project.stg_orders: /* {"app": "dbt", "dbt_version": "1.10.8", "profile_name": "dbt_project", "target_name": "dev", "node_id": "model.dbt_project.stg_orders"} */

  create view "dbt_project".public.stg_orders__dbt_tmp
    
    
  as (
    

SELECT
    order_id,
    customer_id,
    CASE 
        WHEN order_date IS NULL THEN NULL
        ELSE CAST(order_date AS DATE)
    END AS order_date,
    CASE 
        WHEN amount IS NULL OR amount <= 0 THEN NULL
        ELSE CAST(amount AS DECIMAL(10, 2))
    END AS amount,
    LOWER(TRIM(status)) AS status,
    CURRENT_TIMESTAMP AS created_at
FROM public.orders
WHERE 
    order_id IS NOT NULL
    AND customer_id IS NOT NULL
    AND order_date IS NOT NULL
  );
[0m12:22:44.021485 [debug] [Thread-1 (]: SQL status: CREATE VIEW in 0.004 seconds
[0m12:22:44.028484 [debug] [Thread-1 (]: Using postgres connection "model.dbt_project.stg_customers"
[0m12:22:44.029484 [debug] [Thread-2 (]: SQL status: CREATE VIEW in 0.009 seconds
[0m12:22:44.030484 [debug] [Thread-1 (]: On model.dbt_project.stg_customers: /* {"app": "dbt", "dbt_version": "1.10.8", "profile_name": "dbt_project", "target_name": "dev", "node_id": "model.dbt_project.stg_customers"} */
alter table "dbt_project"."public"."stg_customers" rename to stg_customers__dbt_backup
[0m12:22:44.034487 [debug] [Thread-2 (]: Using postgres connection "model.dbt_project.stg_orders"
[0m12:22:44.034487 [debug] [Thread-2 (]: On model.dbt_project.stg_orders: /* {"app": "dbt", "dbt_version": "1.10.8", "profile_name": "dbt_project", "target_name": "dev", "node_id": "model.dbt_project.stg_orders"} */
alter table "dbt_project"."public"."stg_orders" rename to stg_orders__dbt_backup
[0m12:22:44.035486 [debug] [Thread-1 (]: SQL status: ALTER TABLE in 0.001 seconds
[0m12:22:44.038485 [debug] [Thread-1 (]: Using postgres connection "model.dbt_project.stg_customers"
[0m12:22:44.039486 [debug] [Thread-1 (]: On model.dbt_project.stg_customers: /* {"app": "dbt", "dbt_version": "1.10.8", "profile_name": "dbt_project", "target_name": "dev", "node_id": "model.dbt_project.stg_customers"} */
alter table "dbt_project".public.stg_customers__dbt_tmp rename to stg_customers
[0m12:22:44.039486 [debug] [Thread-2 (]: SQL status: ALTER TABLE in 0.004 seconds
[0m12:22:44.040487 [debug] [Thread-1 (]: SQL status: ALTER TABLE in 0.000 seconds
[0m12:22:44.044487 [debug] [Thread-2 (]: Using postgres connection "model.dbt_project.stg_orders"
[0m12:22:44.060492 [debug] [Thread-1 (]: On model.dbt_project.stg_customers: COMMIT
[0m12:22:44.061492 [debug] [Thread-2 (]: On model.dbt_project.stg_orders: /* {"app": "dbt", "dbt_version": "1.10.8", "profile_name": "dbt_project", "target_name": "dev", "node_id": "model.dbt_project.stg_orders"} */
alter table "dbt_project".public.stg_orders__dbt_tmp rename to stg_orders
[0m12:22:44.061492 [debug] [Thread-1 (]: Using postgres connection "model.dbt_project.stg_customers"
[0m12:22:44.062492 [debug] [Thread-1 (]: On model.dbt_project.stg_customers: COMMIT
[0m12:22:44.063492 [debug] [Thread-2 (]: SQL status: ALTER TABLE in 0.001 seconds
[0m12:22:44.065492 [debug] [Thread-2 (]: On model.dbt_project.stg_orders: COMMIT
[0m12:22:44.065492 [debug] [Thread-1 (]: SQL status: COMMIT in 0.002 seconds
[0m12:22:44.066494 [debug] [Thread-2 (]: Using postgres connection "model.dbt_project.stg_orders"
[0m12:22:44.072493 [debug] [Thread-1 (]: Applying DROP to: "dbt_project".public.stg_customers__dbt_backup
[0m12:22:44.073495 [debug] [Thread-2 (]: On model.dbt_project.stg_orders: COMMIT
[0m12:22:44.078495 [debug] [Thread-1 (]: Using postgres connection "model.dbt_project.stg_customers"
[0m12:22:44.079496 [debug] [Thread-1 (]: On model.dbt_project.stg_customers: /* {"app": "dbt", "dbt_version": "1.10.8", "profile_name": "dbt_project", "target_name": "dev", "node_id": "model.dbt_project.stg_customers"} */
drop view if exists "dbt_project".public.stg_customers__dbt_backup cascade
[0m12:22:44.080496 [debug] [Thread-2 (]: SQL status: COMMIT in 0.001 seconds
[0m12:22:44.082496 [debug] [Thread-2 (]: Applying DROP to: "dbt_project".public.stg_orders__dbt_backup
[0m12:22:44.083496 [debug] [Thread-1 (]: SQL status: DROP VIEW in 0.003 seconds
[0m12:22:44.084498 [debug] [Thread-2 (]: Using postgres connection "model.dbt_project.stg_orders"
[0m12:22:44.087498 [debug] [Thread-1 (]: On model.dbt_project.stg_customers: Close
[0m12:22:44.088497 [debug] [Thread-2 (]: On model.dbt_project.stg_orders: /* {"app": "dbt", "dbt_version": "1.10.8", "profile_name": "dbt_project", "target_name": "dev", "node_id": "model.dbt_project.stg_orders"} */
drop view if exists "dbt_project".public.stg_orders__dbt_backup cascade
[0m12:22:44.090498 [debug] [Thread-1 (]: Sending event: {'category': 'dbt', 'action': 'run_model', 'label': 'fad7bcae-65cb-4d4a-969c-4ef128ba25c4', 'context': [<snowplow_tracker.self_describing_json.SelfDescribingJson object at 0x000001746DB6CCD0>]}
[0m12:22:44.091499 [debug] [Thread-2 (]: SQL status: DROP VIEW in 0.002 seconds
[0m12:22:44.091499 [info ] [Thread-1 (]: 1 of 3 OK created sql view model public.stg_customers .......................... [[32mCREATE VIEW[0m in 0.16s]
[0m12:22:44.094502 [debug] [Thread-2 (]: On model.dbt_project.stg_orders: Close
[0m12:22:44.094502 [debug] [Thread-1 (]: Finished running node model.dbt_project.stg_customers
[0m12:22:44.095500 [debug] [Thread-2 (]: Sending event: {'category': 'dbt', 'action': 'run_model', 'label': 'fad7bcae-65cb-4d4a-969c-4ef128ba25c4', 'context': [<snowplow_tracker.self_describing_json.SelfDescribingJson object at 0x000001746E3E03D0>]}
[0m12:22:44.096499 [info ] [Thread-2 (]: 2 of 3 OK created sql view model public.stg_orders ............................. [[32mCREATE VIEW[0m in 0.17s]
[0m12:22:44.097503 [debug] [Thread-2 (]: Finished running node model.dbt_project.stg_orders
[0m12:22:44.098501 [debug] [Thread-4 (]: Began running node model.dbt_project.customer_order_metrics
[0m12:22:44.099502 [info ] [Thread-4 (]: 3 of 3 START sql table model public.customer_order_metrics ..................... [RUN]
[0m12:22:44.100501 [debug] [Thread-4 (]: Acquiring new postgres connection 'model.dbt_project.customer_order_metrics'
[0m12:22:44.101501 [debug] [Thread-4 (]: Began compiling node model.dbt_project.customer_order_metrics
[0m12:22:44.104500 [debug] [Thread-4 (]: Writing injected SQL for node "model.dbt_project.customer_order_metrics"
[0m12:22:44.106501 [debug] [Thread-4 (]: Began executing node model.dbt_project.customer_order_metrics
[0m12:22:44.126506 [debug] [Thread-4 (]: Writing runtime sql for node "model.dbt_project.customer_order_metrics"
[0m12:22:44.127506 [debug] [Thread-4 (]: Using postgres connection "model.dbt_project.customer_order_metrics"
[0m12:22:44.127506 [debug] [Thread-4 (]: On model.dbt_project.customer_order_metrics: BEGIN
[0m12:22:44.128508 [debug] [Thread-4 (]: Opening a new connection, currently in state init
[0m12:22:44.273375 [debug] [Thread-4 (]: SQL status: BEGIN in 0.145 seconds
[0m12:22:44.273375 [debug] [Thread-4 (]: Using postgres connection "model.dbt_project.customer_order_metrics"
[0m12:22:44.274374 [debug] [Thread-4 (]: On model.dbt_project.customer_order_metrics: /* {"app": "dbt", "dbt_version": "1.10.8", "profile_name": "dbt_project", "target_name": "dev", "node_id": "model.dbt_project.customer_order_metrics"} */

  
    

  create  table "dbt_project".public.customer_order_metrics__dbt_tmp
  
  
    as
  
  (
    

WITH customer_metrics AS (
    SELECT
        c.customer_id,
        c.customer_name,
        c.email,
        c.country,
        COUNT(DISTINCT o.order_id) AS total_orders,
        COUNT(DISTINCT CASE WHEN o.status = 'completed' THEN o.order_id END) AS completed_orders,
        COUNT(DISTINCT CASE WHEN o.status = 'pending' THEN o.order_id END) AS pending_orders,
        COALESCE(SUM(CASE WHEN o.status = 'completed' THEN o.amount END), 0) AS total_revenue,
        ROUND(AVG(CASE WHEN o.status = 'completed' THEN o.amount END), 2) AS avg_order_value,
        MAX(o.order_date) AS last_order_date,
        MIN(o.order_date) AS first_order_date
    FROM "dbt_project".public.stg_customers c
    LEFT JOIN "dbt_project".public.stg_orders o ON c.customer_id = o.customer_id
    GROUP BY c.customer_id, c.customer_name, c.email, c.country
)

SELECT
    customer_id,
    customer_name,
    email,
    country,
    total_orders,
    completed_orders,
    pending_orders,
    total_revenue,
    avg_order_value,
    last_order_date,
    first_order_date,
    (last_order_date - first_order_date) AS days_as_customer,
    CURRENT_TIMESTAMP AS updated_at
FROM customer_metrics
ORDER BY total_revenue DESC
  );
  
[0m12:22:44.298372 [debug] [Thread-4 (]: SQL status: SELECT 10 in 0.024 seconds
[0m12:22:44.306395 [debug] [Thread-4 (]: Using postgres connection "model.dbt_project.customer_order_metrics"
[0m12:22:44.307375 [debug] [Thread-4 (]: On model.dbt_project.customer_order_metrics: /* {"app": "dbt", "dbt_version": "1.10.8", "profile_name": "dbt_project", "target_name": "dev", "node_id": "model.dbt_project.customer_order_metrics"} */
alter table "dbt_project".public.customer_order_metrics__dbt_tmp rename to customer_order_metrics
[0m12:22:44.308382 [debug] [Thread-4 (]: SQL status: ALTER TABLE in 0.000 seconds
[0m12:22:44.309382 [debug] [Thread-4 (]: On model.dbt_project.customer_order_metrics: COMMIT
[0m12:22:44.310389 [debug] [Thread-4 (]: Using postgres connection "model.dbt_project.customer_order_metrics"
[0m12:22:44.310389 [debug] [Thread-4 (]: On model.dbt_project.customer_order_metrics: COMMIT
[0m12:22:44.312375 [debug] [Thread-4 (]: SQL status: COMMIT in 0.001 seconds
[0m12:22:44.315377 [debug] [Thread-4 (]: Applying DROP to: "dbt_project".public.customer_order_metrics__dbt_backup
[0m12:22:44.318385 [debug] [Thread-4 (]: Using postgres connection "model.dbt_project.customer_order_metrics"
[0m12:22:44.318385 [debug] [Thread-4 (]: On model.dbt_project.customer_order_metrics: /* {"app": "dbt", "dbt_version": "1.10.8", "profile_name": "dbt_project", "target_name": "dev", "node_id": "model.dbt_project.customer_order_metrics"} */
drop table if exists "dbt_project".public.customer_order_metrics__dbt_backup cascade
[0m12:22:44.319393 [debug] [Thread-4 (]: SQL status: DROP TABLE in 0.000 seconds
[0m12:22:44.321387 [debug] [Thread-4 (]: On model.dbt_project.customer_order_metrics: Close
[0m12:22:44.322377 [debug] [Thread-4 (]: Sending event: {'category': 'dbt', 'action': 'run_model', 'label': 'fad7bcae-65cb-4d4a-969c-4ef128ba25c4', 'context': [<snowplow_tracker.self_describing_json.SelfDescribingJson object at 0x000001746E4DE6D0>]}
[0m12:22:44.322377 [info ] [Thread-4 (]: 3 of 3 OK created sql table model public.customer_order_metrics ................ [[32mSELECT 10[0m in 0.22s]
[0m12:22:44.324379 [debug] [Thread-4 (]: Finished running node model.dbt_project.customer_order_metrics
[0m12:22:44.326386 [debug] [MainThread]: Using postgres connection "master"
[0m12:22:44.326386 [debug] [MainThread]: On master: BEGIN
[0m12:22:44.327378 [debug] [MainThread]: Opening a new connection, currently in state closed
[0m12:22:44.360385 [debug] [MainThread]: SQL status: BEGIN in 0.033 seconds
[0m12:22:44.361387 [debug] [MainThread]: On master: COMMIT
[0m12:22:44.361387 [debug] [MainThread]: Using postgres connection "master"
[0m12:22:44.362387 [debug] [MainThread]: On master: COMMIT
[0m12:22:44.363388 [debug] [MainThread]: SQL status: COMMIT in 0.000 seconds
[0m12:22:44.364387 [debug] [MainThread]: On master: Close
[0m12:22:44.365388 [debug] [MainThread]: Connection 'master' was properly closed.
[0m12:22:44.366391 [debug] [MainThread]: Connection 'list_dbt_project' was properly closed.
[0m12:22:44.367390 [debug] [MainThread]: Connection 'list_dbt_project_public' was properly closed.
[0m12:22:44.369390 [debug] [MainThread]: Connection 'model.dbt_project.stg_customers' was properly closed.
[0m12:22:44.369390 [debug] [MainThread]: Connection 'model.dbt_project.stg_orders' was properly closed.
[0m12:22:44.370389 [debug] [MainThread]: Connection 'model.dbt_project.customer_order_metrics' was properly closed.
[0m12:22:44.371390 [info ] [MainThread]: 
[0m12:22:44.373389 [info ] [MainThread]: Finished running 1 table model, 2 view models in 0 hours 0 minutes and 0.81 seconds (0.81s).
[0m12:22:44.376392 [debug] [MainThread]: Command end result
[0m12:22:44.402395 [debug] [MainThread]: Wrote artifact WritableManifest to C:\Users\arpit\Jupyter Notebook\CI CD Pipeline project\target\manifest.json
[0m12:22:44.405397 [debug] [MainThread]: Wrote artifact SemanticManifest to C:\Users\arpit\Jupyter Notebook\CI CD Pipeline project\target\semantic_manifest.json
[0m12:22:44.412401 [debug] [MainThread]: Wrote artifact RunExecutionResult to C:\Users\arpit\Jupyter Notebook\CI CD Pipeline project\target\run_results.json
[0m12:22:44.414401 [info ] [MainThread]: 
[0m12:22:44.415401 [info ] [MainThread]: [32mCompleted successfully[0m
[0m12:22:44.416400 [info ] [MainThread]: 
[0m12:22:44.417400 [info ] [MainThread]: Done. PASS=3 WARN=0 ERROR=0 SKIP=0 NO-OP=0 TOTAL=3
[0m12:22:44.418402 [warn ] [MainThread]: [[33mWARNING[0m][DeprecationsSummary]: Deprecated functionality
Summary of encountered deprecations:
- ConfigDataPathDeprecation: 1 occurrence
To see all deprecation instances instead of just the first occurrence of each,
run command again with the `--show-all-deprecations` flag. You may also need to
run with `--no-partial-parse` as some deprecations are only encountered during
parsing.
[0m12:22:44.420402 [debug] [MainThread]: Command `dbt run` succeeded at 12:22:44.420402 after 2.29 seconds
[0m12:22:44.421401 [debug] [MainThread]: Sending event: {'category': 'dbt', 'action': 'invocation', 'label': 'end', 'context': [<snowplow_tracker.self_describing_json.SelfDescribingJson object at 0x000001746D8CC150>, <snowplow_tracker.self_describing_json.SelfDescribingJson object at 0x0000017465EF6150>, <snowplow_tracker.self_describing_json.SelfDescribingJson object at 0x0000017465EF6210>]}
[0m12:22:44.421401 [debug] [MainThread]: Flushing usage events
[0m12:22:45.297036 [debug] [MainThread]: An error was encountered while trying to flush usage events
[0m12:28:37.721045 [debug] [MainThread]: Sending event: {'category': 'dbt', 'action': 'invocation', 'label': 'start', 'context': [<snowplow_tracker.self_describing_json.SelfDescribingJson object at 0x00000176ECEDCB90>, <snowplow_tracker.self_describing_json.SelfDescribingJson object at 0x00000176ECEDCFD0>, <snowplow_tracker.self_describing_json.SelfDescribingJson object at 0x00000176ECEDC390>]}


============================== 12:28:37.725046 | c30aa7e2-1964-41fe-88ff-16762bdfcfc9 ==============================
[0m12:28:37.725046 [info ] [MainThread]: Running with dbt=1.10.8
[0m12:28:37.727048 [debug] [MainThread]: running dbt with arguments {'printer_width': '80', 'indirect_selection': 'eager', 'log_cache_events': 'False', 'write_json': 'True', 'partial_parse': 'True', 'cache_selected_only': 'False', 'warn_error': 'None', 'fail_fast': 'False', 'profiles_dir': 'C:\\Users\\arpit\\.dbt', 'log_path': 'C:\\Users\\arpit\\Jupyter Notebook\\CI CD Pipeline project\\logs', 'debug': 'False', 'version_check': 'True', 'use_colors': 'True', 'use_experimental_parser': 'False', 'empty': 'False', 'quiet': 'False', 'no_print': 'None', 'warn_error_options': 'WarnErrorOptionsV2(error=[], warn=[], silence=[])', 'static_parser': 'True', 'invocation_command': 'dbt run', 'log_format': 'default', 'target_path': 'None', 'introspect': 'True', 'send_anonymous_usage_stats': 'True'}
[0m12:28:37.797062 [warn ] [MainThread]: [[33mWARNING[0m]: Deprecated functionality
The `data-paths` config has been renamed to `seed-paths`. Please update your
`dbt_project.yml` configuration to reflect this change.
[0m12:28:37.797062 [debug] [MainThread]: Sending event: {'category': 'dbt', 'action': 'deprecation', 'label': 'c30aa7e2-1964-41fe-88ff-16762bdfcfc9', 'property_': 'warn', 'context': [<snowplow_tracker.self_describing_json.SelfDescribingJson object at 0x00000176ECF5CF90>]}
[0m12:28:38.011111 [debug] [MainThread]: Sending event: {'category': 'dbt', 'action': 'project_id', 'label': 'c30aa7e2-1964-41fe-88ff-16762bdfcfc9', 'context': [<snowplow_tracker.self_describing_json.SelfDescribingJson object at 0x00000176ED0ACCD0>]}
[0m12:28:38.083127 [debug] [MainThread]: Sending event: {'category': 'dbt', 'action': 'adapter_info', 'label': 'c30aa7e2-1964-41fe-88ff-16762bdfcfc9', 'context': [<snowplow_tracker.self_describing_json.SelfDescribingJson object at 0x00000176E88D5B10>]}
[0m12:28:38.085126 [info ] [MainThread]: Registered adapter: postgres=1.9.0
[0m12:28:38.398199 [debug] [MainThread]: checksum: 265d66e81f90af29a7a28579c9b54d938c94f4a57c57be5f853267ae509b5fcb, vars: {}, profile: , target: , version: 1.10.8
[0m12:28:38.580240 [debug] [MainThread]: Partial parsing enabled: 0 files deleted, 1 files added, 0 files changed.
[0m12:28:38.581241 [debug] [MainThread]: Partial parsing: added file: dbt_project://data\final_dashboard_data.csv
[0m12:28:38.843298 [debug] [MainThread]: Sending event: {'category': 'dbt', 'action': 'load_project', 'label': 'c30aa7e2-1964-41fe-88ff-16762bdfcfc9', 'context': [<snowplow_tracker.self_describing_json.SelfDescribingJson object at 0x00000176ED5CE510>]}
[0m12:28:38.985334 [debug] [MainThread]: Wrote artifact WritableManifest to C:\Users\arpit\Jupyter Notebook\CI CD Pipeline project\target\manifest.json
[0m12:28:38.988330 [debug] [MainThread]: Wrote artifact SemanticManifest to C:\Users\arpit\Jupyter Notebook\CI CD Pipeline project\target\semantic_manifest.json
[0m12:28:39.017338 [debug] [MainThread]: Sending event: {'category': 'dbt', 'action': 'resource_counts', 'label': 'c30aa7e2-1964-41fe-88ff-16762bdfcfc9', 'context': [<snowplow_tracker.self_describing_json.SelfDescribingJson object at 0x00000176ED5CBA90>]}
[0m12:28:39.018339 [info ] [MainThread]: Found 3 seeds, 3 data tests, 3 models, 2 sources, 434 macros
[0m12:28:39.019341 [debug] [MainThread]: Sending event: {'category': 'dbt', 'action': 'runnable_timing', 'label': 'c30aa7e2-1964-41fe-88ff-16762bdfcfc9', 'context': [<snowplow_tracker.self_describing_json.SelfDescribingJson object at 0x00000176ED6CAED0>]}
[0m12:28:39.021338 [info ] [MainThread]: 
[0m12:28:39.021338 [info ] [MainThread]: Concurrency: 4 threads (target='dev')
[0m12:28:39.022339 [info ] [MainThread]: 
[0m12:28:39.023340 [debug] [MainThread]: Acquiring new postgres connection 'master'
[0m12:28:39.027343 [debug] [ThreadPool]: Acquiring new postgres connection 'list_dbt_project'
[0m12:28:39.115359 [debug] [ThreadPool]: Using postgres connection "list_dbt_project"
[0m12:28:39.116359 [debug] [ThreadPool]: On list_dbt_project: /* {"app": "dbt", "dbt_version": "1.10.8", "profile_name": "dbt_project", "target_name": "dev", "connection_name": "list_dbt_project"} */

    select distinct nspname from pg_namespace
  
[0m12:28:39.116359 [debug] [ThreadPool]: Opening a new connection, currently in state init
[0m12:28:39.155370 [debug] [ThreadPool]: SQL status: SELECT 4 in 0.039 seconds
[0m12:28:39.157369 [debug] [ThreadPool]: On list_dbt_project: Close
[0m12:28:39.159372 [debug] [ThreadPool]: Acquiring new postgres connection 'list_dbt_project_public'
[0m12:28:39.165372 [debug] [ThreadPool]: Using postgres connection "list_dbt_project_public"
[0m12:28:39.166371 [debug] [ThreadPool]: On list_dbt_project_public: BEGIN
[0m12:28:39.166371 [debug] [ThreadPool]: Opening a new connection, currently in state init
[0m12:28:39.199380 [debug] [ThreadPool]: SQL status: BEGIN in 0.033 seconds
[0m12:28:39.200380 [debug] [ThreadPool]: Using postgres connection "list_dbt_project_public"
[0m12:28:39.200380 [debug] [ThreadPool]: On list_dbt_project_public: /* {"app": "dbt", "dbt_version": "1.10.8", "profile_name": "dbt_project", "target_name": "dev", "connection_name": "list_dbt_project_public"} */
select
      'dbt_project' as database,
      tablename as name,
      schemaname as schema,
      'table' as type
    from pg_tables
    where schemaname ilike 'public'
    union all
    select
      'dbt_project' as database,
      viewname as name,
      schemaname as schema,
      'view' as type
    from pg_views
    where schemaname ilike 'public'
    union all
    select
      'dbt_project' as database,
      matviewname as name,
      schemaname as schema,
      'materialized_view' as type
    from pg_matviews
    where schemaname ilike 'public'
  
[0m12:28:39.208381 [debug] [ThreadPool]: SQL status: SELECT 5 in 0.007 seconds
[0m12:28:39.209381 [debug] [ThreadPool]: On list_dbt_project_public: ROLLBACK
[0m12:28:39.210381 [debug] [ThreadPool]: On list_dbt_project_public: Close
[0m12:28:39.216382 [debug] [MainThread]: Using postgres connection "master"
[0m12:28:39.217383 [debug] [MainThread]: On master: BEGIN
[0m12:28:39.217383 [debug] [MainThread]: Opening a new connection, currently in state init
[0m12:28:39.250393 [debug] [MainThread]: SQL status: BEGIN in 0.033 seconds
[0m12:28:39.251391 [debug] [MainThread]: Using postgres connection "master"
[0m12:28:39.251391 [debug] [MainThread]: On master: /* {"app": "dbt", "dbt_version": "1.10.8", "profile_name": "dbt_project", "target_name": "dev", "connection_name": "master"} */
with relation as (
        select
            pg_rewrite.ev_class as class,
            pg_rewrite.oid as id
        from pg_rewrite
    ),
    class as (
        select
            oid as id,
            relname as name,
            relnamespace as schema,
            relkind as kind
        from pg_class
    ),
    dependency as (
        select distinct
            pg_depend.objid as id,
            pg_depend.refobjid as ref
        from pg_depend
    ),
    schema as (
        select
            pg_namespace.oid as id,
            pg_namespace.nspname as name
        from pg_namespace
        where nspname != 'information_schema' and nspname not like 'pg\_%'
    ),
    referenced as (
        select
            relation.id AS id,
            referenced_class.name ,
            referenced_class.schema ,
            referenced_class.kind
        from relation
        join class as referenced_class on relation.class=referenced_class.id
        where referenced_class.kind in ('r', 'v', 'm')
    ),
    relationships as (
        select
            referenced.name as referenced_name,
            referenced.schema as referenced_schema_id,
            dependent_class.name as dependent_name,
            dependent_class.schema as dependent_schema_id,
            referenced.kind as kind
        from referenced
        join dependency on referenced.id=dependency.id
        join class as dependent_class on dependency.ref=dependent_class.id
        where
            (referenced.name != dependent_class.name or
             referenced.schema != dependent_class.schema)
    )

    select
        referenced_schema.name as referenced_schema,
        relationships.referenced_name as referenced_name,
        dependent_schema.name as dependent_schema,
        relationships.dependent_name as dependent_name
    from relationships
    join schema as dependent_schema on relationships.dependent_schema_id=dependent_schema.id
    join schema as referenced_schema on relationships.referenced_schema_id=referenced_schema.id
    group by referenced_schema, referenced_name, dependent_schema, dependent_name
    order by referenced_schema, referenced_name, dependent_schema, dependent_name;
[0m12:28:39.268395 [debug] [MainThread]: SQL status: SELECT 2 in 0.016 seconds
[0m12:28:39.270394 [debug] [MainThread]: Sending event: {'category': 'dbt', 'action': 'runnable_timing', 'label': 'c30aa7e2-1964-41fe-88ff-16762bdfcfc9', 'context': [<snowplow_tracker.self_describing_json.SelfDescribingJson object at 0x00000176ED795C50>]}
[0m12:28:39.271395 [debug] [MainThread]: On master: ROLLBACK
[0m12:28:39.271395 [debug] [MainThread]: Using postgres connection "master"
[0m12:28:39.272396 [debug] [MainThread]: On master: BEGIN
[0m12:28:39.272396 [debug] [MainThread]: SQL status: BEGIN in 0.000 seconds
[0m12:28:39.273396 [debug] [MainThread]: On master: COMMIT
[0m12:28:39.274399 [debug] [MainThread]: Using postgres connection "master"
[0m12:28:39.274399 [debug] [MainThread]: On master: COMMIT
[0m12:28:39.275396 [debug] [MainThread]: SQL status: COMMIT in 0.000 seconds
[0m12:28:39.275396 [debug] [MainThread]: On master: Close
[0m12:28:39.280397 [debug] [Thread-1 (]: Began running node model.dbt_project.stg_customers
[0m12:28:39.280397 [debug] [Thread-2 (]: Began running node model.dbt_project.stg_orders
[0m12:28:39.281397 [info ] [Thread-1 (]: 1 of 3 START sql view model public.stg_customers ............................... [RUN]
[0m12:28:39.282397 [info ] [Thread-2 (]: 2 of 3 START sql view model public.stg_orders .................................. [RUN]
[0m12:28:39.283400 [debug] [Thread-1 (]: Acquiring new postgres connection 'model.dbt_project.stg_customers'
[0m12:28:39.284399 [debug] [Thread-2 (]: Acquiring new postgres connection 'model.dbt_project.stg_orders'
[0m12:28:39.285397 [debug] [Thread-1 (]: Began compiling node model.dbt_project.stg_customers
[0m12:28:39.285397 [debug] [Thread-2 (]: Began compiling node model.dbt_project.stg_orders
[0m12:28:39.292402 [debug] [Thread-1 (]: Writing injected SQL for node "model.dbt_project.stg_customers"
[0m12:28:39.296407 [debug] [Thread-2 (]: Writing injected SQL for node "model.dbt_project.stg_orders"
[0m12:28:39.297402 [debug] [Thread-1 (]: Began executing node model.dbt_project.stg_customers
[0m12:28:39.298402 [debug] [Thread-2 (]: Began executing node model.dbt_project.stg_orders
[0m12:28:39.331413 [debug] [Thread-1 (]: Writing runtime sql for node "model.dbt_project.stg_customers"
[0m12:28:39.335411 [debug] [Thread-2 (]: Writing runtime sql for node "model.dbt_project.stg_orders"
[0m12:28:39.336410 [debug] [Thread-1 (]: Using postgres connection "model.dbt_project.stg_customers"
[0m12:28:39.337410 [debug] [Thread-1 (]: On model.dbt_project.stg_customers: BEGIN
[0m12:28:39.337410 [debug] [Thread-2 (]: Using postgres connection "model.dbt_project.stg_orders"
[0m12:28:39.338411 [debug] [Thread-1 (]: Opening a new connection, currently in state init
[0m12:28:39.339411 [debug] [Thread-2 (]: On model.dbt_project.stg_orders: BEGIN
[0m12:28:39.339411 [debug] [Thread-2 (]: Opening a new connection, currently in state init
[0m12:28:39.371419 [debug] [Thread-1 (]: SQL status: BEGIN in 0.033 seconds
[0m12:28:39.372418 [debug] [Thread-1 (]: Using postgres connection "model.dbt_project.stg_customers"
[0m12:28:39.372418 [debug] [Thread-1 (]: On model.dbt_project.stg_customers: /* {"app": "dbt", "dbt_version": "1.10.8", "profile_name": "dbt_project", "target_name": "dev", "node_id": "model.dbt_project.stg_customers"} */

  create view "dbt_project".public.stg_customers__dbt_tmp
    
    
  as (
    

SELECT
    customer_id,
    customer_name,
    email,
    phone,
    country,
    CURRENT_TIMESTAMP AS created_at
FROM public.customers
WHERE customer_id IS NOT NULL
  );
[0m12:28:39.373514 [debug] [Thread-2 (]: SQL status: BEGIN in 0.034 seconds
[0m12:28:39.374420 [debug] [Thread-2 (]: Using postgres connection "model.dbt_project.stg_orders"
[0m12:28:39.375419 [debug] [Thread-2 (]: On model.dbt_project.stg_orders: /* {"app": "dbt", "dbt_version": "1.10.8", "profile_name": "dbt_project", "target_name": "dev", "node_id": "model.dbt_project.stg_orders"} */

  create view "dbt_project".public.stg_orders__dbt_tmp
    
    
  as (
    

SELECT
    order_id,
    customer_id,
    CASE 
        WHEN order_date IS NULL THEN NULL
        ELSE CAST(order_date AS DATE)
    END AS order_date,
    CASE 
        WHEN amount IS NULL OR amount <= 0 THEN NULL
        ELSE CAST(amount AS DECIMAL(10, 2))
    END AS amount,
    LOWER(TRIM(status)) AS status,
    CURRENT_TIMESTAMP AS created_at
FROM public.orders
WHERE 
    order_id IS NOT NULL
    AND customer_id IS NOT NULL
    AND order_date IS NOT NULL
  );
[0m12:28:39.414429 [debug] [Thread-1 (]: SQL status: CREATE VIEW in 0.041 seconds
[0m12:28:39.415431 [debug] [Thread-2 (]: SQL status: CREATE VIEW in 0.040 seconds
[0m12:28:39.421431 [debug] [Thread-1 (]: Using postgres connection "model.dbt_project.stg_customers"
[0m12:28:39.425430 [debug] [Thread-2 (]: Using postgres connection "model.dbt_project.stg_orders"
[0m12:28:39.426430 [debug] [Thread-1 (]: On model.dbt_project.stg_customers: /* {"app": "dbt", "dbt_version": "1.10.8", "profile_name": "dbt_project", "target_name": "dev", "node_id": "model.dbt_project.stg_customers"} */
alter table "dbt_project"."public"."stg_customers" rename to stg_customers__dbt_backup
[0m12:28:39.426430 [debug] [Thread-2 (]: On model.dbt_project.stg_orders: /* {"app": "dbt", "dbt_version": "1.10.8", "profile_name": "dbt_project", "target_name": "dev", "node_id": "model.dbt_project.stg_orders"} */
alter table "dbt_project"."public"."stg_orders" rename to stg_orders__dbt_backup
[0m12:28:39.428435 [debug] [Thread-1 (]: SQL status: ALTER TABLE in 0.001 seconds
[0m12:28:39.428435 [debug] [Thread-2 (]: SQL status: ALTER TABLE in 0.001 seconds
[0m12:28:39.432431 [debug] [Thread-1 (]: Using postgres connection "model.dbt_project.stg_customers"
[0m12:28:39.436433 [debug] [Thread-2 (]: Using postgres connection "model.dbt_project.stg_orders"
[0m12:28:39.437434 [debug] [Thread-1 (]: On model.dbt_project.stg_customers: /* {"app": "dbt", "dbt_version": "1.10.8", "profile_name": "dbt_project", "target_name": "dev", "node_id": "model.dbt_project.stg_customers"} */
alter table "dbt_project".public.stg_customers__dbt_tmp rename to stg_customers
[0m12:28:39.438433 [debug] [Thread-2 (]: On model.dbt_project.stg_orders: /* {"app": "dbt", "dbt_version": "1.10.8", "profile_name": "dbt_project", "target_name": "dev", "node_id": "model.dbt_project.stg_orders"} */
alter table "dbt_project".public.stg_orders__dbt_tmp rename to stg_orders
[0m12:28:39.439432 [debug] [Thread-1 (]: SQL status: ALTER TABLE in 0.000 seconds
[0m12:28:39.440433 [debug] [Thread-2 (]: SQL status: ALTER TABLE in 0.001 seconds
[0m12:28:39.455439 [debug] [Thread-1 (]: On model.dbt_project.stg_customers: COMMIT
[0m12:28:39.456438 [debug] [Thread-2 (]: On model.dbt_project.stg_orders: COMMIT
[0m12:28:39.457437 [debug] [Thread-1 (]: Using postgres connection "model.dbt_project.stg_customers"
[0m12:28:39.458437 [debug] [Thread-2 (]: Using postgres connection "model.dbt_project.stg_orders"
[0m12:28:39.458437 [debug] [Thread-1 (]: On model.dbt_project.stg_customers: COMMIT
[0m12:28:39.459438 [debug] [Thread-2 (]: On model.dbt_project.stg_orders: COMMIT
[0m12:28:39.460437 [debug] [Thread-1 (]: SQL status: COMMIT in 0.001 seconds
[0m12:28:39.461438 [debug] [Thread-2 (]: SQL status: COMMIT in 0.001 seconds
[0m12:28:39.467443 [debug] [Thread-1 (]: Applying DROP to: "dbt_project".public.stg_customers__dbt_backup
[0m12:28:39.470441 [debug] [Thread-2 (]: Applying DROP to: "dbt_project".public.stg_orders__dbt_backup
[0m12:28:39.475441 [debug] [Thread-1 (]: Using postgres connection "model.dbt_project.stg_customers"
[0m12:28:39.477444 [debug] [Thread-2 (]: Using postgres connection "model.dbt_project.stg_orders"
[0m12:28:39.478442 [debug] [Thread-1 (]: On model.dbt_project.stg_customers: /* {"app": "dbt", "dbt_version": "1.10.8", "profile_name": "dbt_project", "target_name": "dev", "node_id": "model.dbt_project.stg_customers"} */
drop view if exists "dbt_project".public.stg_customers__dbt_backup cascade
[0m12:28:39.478442 [debug] [Thread-2 (]: On model.dbt_project.stg_orders: /* {"app": "dbt", "dbt_version": "1.10.8", "profile_name": "dbt_project", "target_name": "dev", "node_id": "model.dbt_project.stg_orders"} */
drop view if exists "dbt_project".public.stg_orders__dbt_backup cascade
[0m12:28:39.480444 [debug] [Thread-2 (]: SQL status: DROP VIEW in 0.001 seconds
[0m12:28:39.480444 [debug] [Thread-1 (]: SQL status: DROP VIEW in 0.002 seconds
[0m12:28:39.483443 [debug] [Thread-2 (]: On model.dbt_project.stg_orders: Close
[0m12:28:39.485444 [debug] [Thread-1 (]: On model.dbt_project.stg_customers: Close
[0m12:28:39.488445 [debug] [Thread-2 (]: Sending event: {'category': 'dbt', 'action': 'run_model', 'label': 'c30aa7e2-1964-41fe-88ff-16762bdfcfc9', 'context': [<snowplow_tracker.self_describing_json.SelfDescribingJson object at 0x00000176ECF16E50>]}
[0m12:28:39.488445 [debug] [Thread-1 (]: Sending event: {'category': 'dbt', 'action': 'run_model', 'label': 'c30aa7e2-1964-41fe-88ff-16762bdfcfc9', 'context': [<snowplow_tracker.self_describing_json.SelfDescribingJson object at 0x00000176ED1D3590>]}
[0m12:28:39.489447 [info ] [Thread-2 (]: 2 of 3 OK created sql view model public.stg_orders ............................. [[32mCREATE VIEW[0m in 0.20s]
[0m12:28:39.490445 [info ] [Thread-1 (]: 1 of 3 OK created sql view model public.stg_customers .......................... [[32mCREATE VIEW[0m in 0.20s]
[0m12:28:39.491446 [debug] [Thread-2 (]: Finished running node model.dbt_project.stg_orders
[0m12:28:39.492445 [debug] [Thread-1 (]: Finished running node model.dbt_project.stg_customers
[0m12:28:39.493445 [debug] [Thread-4 (]: Began running node model.dbt_project.customer_order_metrics
[0m12:28:39.494446 [info ] [Thread-4 (]: 3 of 3 START sql table model public.customer_order_metrics ..................... [RUN]
[0m12:28:39.495446 [debug] [Thread-4 (]: Acquiring new postgres connection 'model.dbt_project.customer_order_metrics'
[0m12:28:39.495446 [debug] [Thread-4 (]: Began compiling node model.dbt_project.customer_order_metrics
[0m12:28:39.499446 [debug] [Thread-4 (]: Writing injected SQL for node "model.dbt_project.customer_order_metrics"
[0m12:28:39.500446 [debug] [Thread-4 (]: Began executing node model.dbt_project.customer_order_metrics
[0m12:28:39.527455 [debug] [Thread-4 (]: Writing runtime sql for node "model.dbt_project.customer_order_metrics"
[0m12:28:39.529454 [debug] [Thread-4 (]: Using postgres connection "model.dbt_project.customer_order_metrics"
[0m12:28:39.529454 [debug] [Thread-4 (]: On model.dbt_project.customer_order_metrics: BEGIN
[0m12:28:39.530458 [debug] [Thread-4 (]: Opening a new connection, currently in state init
[0m12:28:39.561462 [debug] [Thread-4 (]: SQL status: BEGIN in 0.032 seconds
[0m12:28:39.562462 [debug] [Thread-4 (]: Using postgres connection "model.dbt_project.customer_order_metrics"
[0m12:28:39.563461 [debug] [Thread-4 (]: On model.dbt_project.customer_order_metrics: /* {"app": "dbt", "dbt_version": "1.10.8", "profile_name": "dbt_project", "target_name": "dev", "node_id": "model.dbt_project.customer_order_metrics"} */

  
    

  create  table "dbt_project".public.customer_order_metrics__dbt_tmp
  
  
    as
  
  (
    

WITH customer_metrics AS (
    SELECT
        c.customer_id,
        c.customer_name,
        c.email,
        c.country,
        COUNT(DISTINCT o.order_id) AS total_orders,
        COUNT(DISTINCT CASE WHEN o.status = 'completed' THEN o.order_id END) AS completed_orders,
        COUNT(DISTINCT CASE WHEN o.status = 'pending' THEN o.order_id END) AS pending_orders,
        COALESCE(SUM(CASE WHEN o.status = 'completed' THEN o.amount END), 0) AS total_revenue,
        ROUND(AVG(CASE WHEN o.status = 'completed' THEN o.amount END), 2) AS avg_order_value,
        MAX(o.order_date) AS last_order_date,
        MIN(o.order_date) AS first_order_date
    FROM "dbt_project".public.stg_customers c
    LEFT JOIN "dbt_project".public.stg_orders o ON c.customer_id = o.customer_id
    GROUP BY c.customer_id, c.customer_name, c.email, c.country
)

SELECT
    customer_id,
    customer_name,
    email,
    country,
    total_orders,
    completed_orders,
    pending_orders,
    total_revenue,
    avg_order_value,
    last_order_date,
    first_order_date,
    (last_order_date - first_order_date) AS days_as_customer,
    CURRENT_TIMESTAMP AS updated_at
FROM customer_metrics
ORDER BY total_revenue DESC
  );
  
[0m12:28:39.581467 [debug] [Thread-4 (]: SQL status: SELECT 10 in 0.018 seconds
[0m12:28:39.588468 [debug] [Thread-4 (]: Using postgres connection "model.dbt_project.customer_order_metrics"
[0m12:28:39.589466 [debug] [Thread-4 (]: On model.dbt_project.customer_order_metrics: /* {"app": "dbt", "dbt_version": "1.10.8", "profile_name": "dbt_project", "target_name": "dev", "node_id": "model.dbt_project.customer_order_metrics"} */
alter table "dbt_project"."public"."customer_order_metrics" rename to customer_order_metrics__dbt_backup
[0m12:28:39.590467 [debug] [Thread-4 (]: SQL status: ALTER TABLE in 0.000 seconds
[0m12:28:39.593468 [debug] [Thread-4 (]: Using postgres connection "model.dbt_project.customer_order_metrics"
[0m12:28:39.593468 [debug] [Thread-4 (]: On model.dbt_project.customer_order_metrics: /* {"app": "dbt", "dbt_version": "1.10.8", "profile_name": "dbt_project", "target_name": "dev", "node_id": "model.dbt_project.customer_order_metrics"} */
alter table "dbt_project".public.customer_order_metrics__dbt_tmp rename to customer_order_metrics
[0m12:28:39.594468 [debug] [Thread-4 (]: SQL status: ALTER TABLE in 0.000 seconds
[0m12:28:39.596472 [debug] [Thread-4 (]: On model.dbt_project.customer_order_metrics: COMMIT
[0m12:28:39.597470 [debug] [Thread-4 (]: Using postgres connection "model.dbt_project.customer_order_metrics"
[0m12:28:39.597470 [debug] [Thread-4 (]: On model.dbt_project.customer_order_metrics: COMMIT
[0m12:28:39.599469 [debug] [Thread-4 (]: SQL status: COMMIT in 0.001 seconds
[0m12:28:39.601469 [debug] [Thread-4 (]: Applying DROP to: "dbt_project".public.customer_order_metrics__dbt_backup
[0m12:28:39.604473 [debug] [Thread-4 (]: Using postgres connection "model.dbt_project.customer_order_metrics"
[0m12:28:39.605471 [debug] [Thread-4 (]: On model.dbt_project.customer_order_metrics: /* {"app": "dbt", "dbt_version": "1.10.8", "profile_name": "dbt_project", "target_name": "dev", "node_id": "model.dbt_project.customer_order_metrics"} */
drop table if exists "dbt_project".public.customer_order_metrics__dbt_backup cascade
[0m12:28:39.609472 [debug] [Thread-4 (]: SQL status: DROP TABLE in 0.003 seconds
[0m12:28:39.610471 [debug] [Thread-4 (]: On model.dbt_project.customer_order_metrics: Close
[0m12:28:39.611472 [debug] [Thread-4 (]: Sending event: {'category': 'dbt', 'action': 'run_model', 'label': 'c30aa7e2-1964-41fe-88ff-16762bdfcfc9', 'context': [<snowplow_tracker.self_describing_json.SelfDescribingJson object at 0x00000176EDA745D0>]}
[0m12:28:39.612473 [info ] [Thread-4 (]: 3 of 3 OK created sql table model public.customer_order_metrics ................ [[32mSELECT 10[0m in 0.12s]
[0m12:28:39.614473 [debug] [Thread-4 (]: Finished running node model.dbt_project.customer_order_metrics
[0m12:28:39.615473 [debug] [MainThread]: Using postgres connection "master"
[0m12:28:39.616473 [debug] [MainThread]: On master: BEGIN
[0m12:28:39.616473 [debug] [MainThread]: Opening a new connection, currently in state closed
[0m12:28:39.760378 [debug] [MainThread]: SQL status: BEGIN in 0.143 seconds
[0m12:28:39.760378 [debug] [MainThread]: On master: COMMIT
[0m12:28:39.761379 [debug] [MainThread]: Using postgres connection "master"
[0m12:28:39.761379 [debug] [MainThread]: On master: COMMIT
[0m12:28:39.762379 [debug] [MainThread]: SQL status: COMMIT in 0.000 seconds
[0m12:28:39.763379 [debug] [MainThread]: On master: Close
[0m12:28:39.763379 [debug] [MainThread]: Connection 'master' was properly closed.
[0m12:28:39.764379 [debug] [MainThread]: Connection 'list_dbt_project' was properly closed.
[0m12:28:39.764379 [debug] [MainThread]: Connection 'list_dbt_project_public' was properly closed.
[0m12:28:39.765379 [debug] [MainThread]: Connection 'model.dbt_project.stg_customers' was properly closed.
[0m12:28:39.765379 [debug] [MainThread]: Connection 'model.dbt_project.stg_orders' was properly closed.
[0m12:28:39.766380 [debug] [MainThread]: Connection 'model.dbt_project.customer_order_metrics' was properly closed.
[0m12:28:39.766380 [info ] [MainThread]: 
[0m12:28:39.767381 [info ] [MainThread]: Finished running 1 table model, 2 view models in 0 hours 0 minutes and 0.74 seconds (0.74s).
[0m12:28:39.769392 [debug] [MainThread]: Command end result
[0m12:28:39.792385 [debug] [MainThread]: Wrote artifact WritableManifest to C:\Users\arpit\Jupyter Notebook\CI CD Pipeline project\target\manifest.json
[0m12:28:39.795385 [debug] [MainThread]: Wrote artifact SemanticManifest to C:\Users\arpit\Jupyter Notebook\CI CD Pipeline project\target\semantic_manifest.json
[0m12:28:39.801388 [debug] [MainThread]: Wrote artifact RunExecutionResult to C:\Users\arpit\Jupyter Notebook\CI CD Pipeline project\target\run_results.json
[0m12:28:39.802388 [info ] [MainThread]: 
[0m12:28:39.803388 [info ] [MainThread]: [32mCompleted successfully[0m
[0m12:28:39.803388 [info ] [MainThread]: 
[0m12:28:39.804388 [info ] [MainThread]: Done. PASS=3 WARN=0 ERROR=0 SKIP=0 NO-OP=0 TOTAL=3
[0m12:28:39.804388 [warn ] [MainThread]: [[33mWARNING[0m][DeprecationsSummary]: Deprecated functionality
Summary of encountered deprecations:
- ConfigDataPathDeprecation: 1 occurrence
To see all deprecation instances instead of just the first occurrence of each,
run command again with the `--show-all-deprecations` flag. You may also need to
run with `--no-partial-parse` as some deprecations are only encountered during
parsing.
[0m12:28:39.806389 [debug] [MainThread]: Command `dbt run` succeeded at 12:28:39.805389 after 2.17 seconds
[0m12:28:39.806389 [debug] [MainThread]: Sending event: {'category': 'dbt', 'action': 'invocation', 'label': 'end', 'context': [<snowplow_tracker.self_describing_json.SelfDescribingJson object at 0x00000176E54E6150>, <snowplow_tracker.self_describing_json.SelfDescribingJson object at 0x00000176E54E6210>, <snowplow_tracker.self_describing_json.SelfDescribingJson object at 0x00000176E5461350>]}
[0m12:28:39.807389 [debug] [MainThread]: Flushing usage events
[0m12:28:40.792950 [debug] [MainThread]: An error was encountered while trying to flush usage events
[0m12:30:53.655861 [debug] [MainThread]: Sending event: {'category': 'dbt', 'action': 'invocation', 'label': 'start', 'context': [<snowplow_tracker.self_describing_json.SelfDescribingJson object at 0x0000016B40AADB50>, <snowplow_tracker.self_describing_json.SelfDescribingJson object at 0x0000016B40AAF090>, <snowplow_tracker.self_describing_json.SelfDescribingJson object at 0x0000016B40AAD450>]}


============================== 12:30:53.659862 | 26381be8-4fce-4b50-a024-8399dcecd1c8 ==============================
[0m12:30:53.659862 [info ] [MainThread]: Running with dbt=1.10.8
[0m12:30:53.660863 [debug] [MainThread]: running dbt with arguments {'printer_width': '80', 'indirect_selection': 'eager', 'log_cache_events': 'False', 'write_json': 'True', 'partial_parse': 'True', 'cache_selected_only': 'False', 'warn_error': 'None', 'debug': 'False', 'profiles_dir': 'C:\\Users\\arpit\\.dbt', 'log_path': 'C:\\Users\\arpit\\Jupyter Notebook\\CI CD Pipeline project\\logs', 'version_check': 'True', 'fail_fast': 'False', 'use_colors': 'True', 'use_experimental_parser': 'False', 'empty': 'False', 'quiet': 'False', 'no_print': 'None', 'log_format': 'default', 'static_parser': 'True', 'invocation_command': 'dbt run', 'introspect': 'True', 'target_path': 'None', 'warn_error_options': 'WarnErrorOptionsV2(error=[], warn=[], silence=[])', 'send_anonymous_usage_stats': 'True'}
[0m12:30:53.730885 [warn ] [MainThread]: [[33mWARNING[0m]: Deprecated functionality
The `data-paths` config has been renamed to `seed-paths`. Please update your
`dbt_project.yml` configuration to reflect this change.
[0m12:30:53.731885 [debug] [MainThread]: Sending event: {'category': 'dbt', 'action': 'deprecation', 'label': '26381be8-4fce-4b50-a024-8399dcecd1c8', 'property_': 'warn', 'context': [<snowplow_tracker.self_describing_json.SelfDescribingJson object at 0x0000016B41C465D0>]}
[0m12:30:53.911938 [debug] [MainThread]: Sending event: {'category': 'dbt', 'action': 'project_id', 'label': '26381be8-4fce-4b50-a024-8399dcecd1c8', 'context': [<snowplow_tracker.self_describing_json.SelfDescribingJson object at 0x0000016B41D09D90>]}
[0m12:30:53.985938 [debug] [MainThread]: Sending event: {'category': 'dbt', 'action': 'adapter_info', 'label': '26381be8-4fce-4b50-a024-8399dcecd1c8', 'context': [<snowplow_tracker.self_describing_json.SelfDescribingJson object at 0x0000016B3D47D210>]}
[0m12:30:53.987935 [info ] [MainThread]: Registered adapter: postgres=1.9.0
[0m12:30:54.296020 [debug] [MainThread]: checksum: 265d66e81f90af29a7a28579c9b54d938c94f4a57c57be5f853267ae509b5fcb, vars: {}, profile: , target: , version: 1.10.8
[0m12:30:54.478061 [debug] [MainThread]: Partial parsing enabled: 1 files deleted, 1 files added, 1 files changed.
[0m12:30:54.479063 [debug] [MainThread]: Partial parsing: added file: dbt_project://models\marts\customer_metrics.sql
[0m12:30:54.479063 [debug] [MainThread]: Partial parsing: deleted file: dbt_project://models\marts\customer_order_metrics.sql
[0m12:30:54.480050 [debug] [MainThread]: Partial parsing: updated file: dbt_project://data\final_dashboard_data.csv
[0m12:30:54.987180 [debug] [MainThread]: Sending event: {'category': 'dbt', 'action': 'load_project', 'label': '26381be8-4fce-4b50-a024-8399dcecd1c8', 'context': [<snowplow_tracker.self_describing_json.SelfDescribingJson object at 0x0000016B41F6E5D0>]}
[0m12:30:55.079195 [debug] [MainThread]: Wrote artifact WritableManifest to C:\Users\arpit\Jupyter Notebook\CI CD Pipeline project\target\manifest.json
[0m12:30:55.082202 [debug] [MainThread]: Wrote artifact SemanticManifest to C:\Users\arpit\Jupyter Notebook\CI CD Pipeline project\target\semantic_manifest.json
[0m12:30:55.110199 [debug] [MainThread]: Sending event: {'category': 'dbt', 'action': 'resource_counts', 'label': '26381be8-4fce-4b50-a024-8399dcecd1c8', 'context': [<snowplow_tracker.self_describing_json.SelfDescribingJson object at 0x0000016B40B22B90>]}
[0m12:30:55.111201 [info ] [MainThread]: Found 3 seeds, 3 data tests, 3 models, 2 sources, 434 macros
[0m12:30:55.112202 [debug] [MainThread]: Sending event: {'category': 'dbt', 'action': 'runnable_timing', 'label': '26381be8-4fce-4b50-a024-8399dcecd1c8', 'context': [<snowplow_tracker.self_describing_json.SelfDescribingJson object at 0x0000016B423B5350>]}
[0m12:30:55.114202 [info ] [MainThread]: 
[0m12:30:55.115203 [info ] [MainThread]: Concurrency: 4 threads (target='dev')
[0m12:30:55.116202 [info ] [MainThread]: 
[0m12:30:55.116202 [debug] [MainThread]: Acquiring new postgres connection 'master'
[0m12:30:55.121207 [debug] [ThreadPool]: Acquiring new postgres connection 'list_dbt_project'
[0m12:30:55.208232 [debug] [ThreadPool]: Using postgres connection "list_dbt_project"
[0m12:30:55.209230 [debug] [ThreadPool]: On list_dbt_project: /* {"app": "dbt", "dbt_version": "1.10.8", "profile_name": "dbt_project", "target_name": "dev", "connection_name": "list_dbt_project"} */

    select distinct nspname from pg_namespace
  
[0m12:30:55.209230 [debug] [ThreadPool]: Opening a new connection, currently in state init
[0m12:30:55.245239 [debug] [ThreadPool]: SQL status: SELECT 4 in 0.036 seconds
[0m12:30:55.247239 [debug] [ThreadPool]: On list_dbt_project: Close
[0m12:30:55.249234 [debug] [ThreadPool]: Acquiring new postgres connection 'list_dbt_project_public'
[0m12:30:55.255235 [debug] [ThreadPool]: Using postgres connection "list_dbt_project_public"
[0m12:30:55.255235 [debug] [ThreadPool]: On list_dbt_project_public: BEGIN
[0m12:30:55.256242 [debug] [ThreadPool]: Opening a new connection, currently in state init
[0m12:30:55.288240 [debug] [ThreadPool]: SQL status: BEGIN in 0.032 seconds
[0m12:30:55.288240 [debug] [ThreadPool]: Using postgres connection "list_dbt_project_public"
[0m12:30:55.289241 [debug] [ThreadPool]: On list_dbt_project_public: /* {"app": "dbt", "dbt_version": "1.10.8", "profile_name": "dbt_project", "target_name": "dev", "connection_name": "list_dbt_project_public"} */
select
      'dbt_project' as database,
      tablename as name,
      schemaname as schema,
      'table' as type
    from pg_tables
    where schemaname ilike 'public'
    union all
    select
      'dbt_project' as database,
      viewname as name,
      schemaname as schema,
      'view' as type
    from pg_views
    where schemaname ilike 'public'
    union all
    select
      'dbt_project' as database,
      matviewname as name,
      schemaname as schema,
      'materialized_view' as type
    from pg_matviews
    where schemaname ilike 'public'
  
[0m12:30:55.297242 [debug] [ThreadPool]: SQL status: SELECT 5 in 0.007 seconds
[0m12:30:55.298242 [debug] [ThreadPool]: On list_dbt_project_public: ROLLBACK
[0m12:30:55.299263 [debug] [ThreadPool]: On list_dbt_project_public: Close
[0m12:30:55.305252 [debug] [MainThread]: Using postgres connection "master"
[0m12:30:55.306252 [debug] [MainThread]: On master: BEGIN
[0m12:30:55.306252 [debug] [MainThread]: Opening a new connection, currently in state init
[0m12:30:55.343267 [debug] [MainThread]: SQL status: BEGIN in 0.037 seconds
[0m12:30:55.344268 [debug] [MainThread]: Using postgres connection "master"
[0m12:30:55.345275 [debug] [MainThread]: On master: /* {"app": "dbt", "dbt_version": "1.10.8", "profile_name": "dbt_project", "target_name": "dev", "connection_name": "master"} */
with relation as (
        select
            pg_rewrite.ev_class as class,
            pg_rewrite.oid as id
        from pg_rewrite
    ),
    class as (
        select
            oid as id,
            relname as name,
            relnamespace as schema,
            relkind as kind
        from pg_class
    ),
    dependency as (
        select distinct
            pg_depend.objid as id,
            pg_depend.refobjid as ref
        from pg_depend
    ),
    schema as (
        select
            pg_namespace.oid as id,
            pg_namespace.nspname as name
        from pg_namespace
        where nspname != 'information_schema' and nspname not like 'pg\_%'
    ),
    referenced as (
        select
            relation.id AS id,
            referenced_class.name ,
            referenced_class.schema ,
            referenced_class.kind
        from relation
        join class as referenced_class on relation.class=referenced_class.id
        where referenced_class.kind in ('r', 'v', 'm')
    ),
    relationships as (
        select
            referenced.name as referenced_name,
            referenced.schema as referenced_schema_id,
            dependent_class.name as dependent_name,
            dependent_class.schema as dependent_schema_id,
            referenced.kind as kind
        from referenced
        join dependency on referenced.id=dependency.id
        join class as dependent_class on dependency.ref=dependent_class.id
        where
            (referenced.name != dependent_class.name or
             referenced.schema != dependent_class.schema)
    )

    select
        referenced_schema.name as referenced_schema,
        relationships.referenced_name as referenced_name,
        dependent_schema.name as dependent_schema,
        relationships.dependent_name as dependent_name
    from relationships
    join schema as dependent_schema on relationships.dependent_schema_id=dependent_schema.id
    join schema as referenced_schema on relationships.referenced_schema_id=referenced_schema.id
    group by referenced_schema, referenced_name, dependent_schema, dependent_name
    order by referenced_schema, referenced_name, dependent_schema, dependent_name;
[0m12:30:55.354268 [debug] [MainThread]: SQL status: SELECT 2 in 0.009 seconds
[0m12:30:55.356277 [debug] [MainThread]: Sending event: {'category': 'dbt', 'action': 'runnable_timing', 'label': '26381be8-4fce-4b50-a024-8399dcecd1c8', 'context': [<snowplow_tracker.self_describing_json.SelfDescribingJson object at 0x0000016B42731710>]}
[0m12:30:55.357277 [debug] [MainThread]: On master: ROLLBACK
[0m12:30:55.357277 [debug] [MainThread]: Using postgres connection "master"
[0m12:30:55.358284 [debug] [MainThread]: On master: BEGIN
[0m12:30:55.359272 [debug] [MainThread]: SQL status: BEGIN in 0.000 seconds
[0m12:30:55.360278 [debug] [MainThread]: On master: COMMIT
[0m12:30:55.361272 [debug] [MainThread]: Using postgres connection "master"
[0m12:30:55.361272 [debug] [MainThread]: On master: COMMIT
[0m12:30:55.362279 [debug] [MainThread]: SQL status: COMMIT in 0.000 seconds
[0m12:30:55.362279 [debug] [MainThread]: On master: Close
[0m12:30:55.367271 [debug] [Thread-1 (]: Began running node model.dbt_project.stg_customers
[0m12:30:55.368271 [debug] [Thread-2 (]: Began running node model.dbt_project.stg_orders
[0m12:30:55.368271 [info ] [Thread-1 (]: 1 of 3 START sql view model public.stg_customers ............................... [RUN]
[0m12:30:55.370275 [info ] [Thread-2 (]: 2 of 3 START sql view model public.stg_orders .................................. [RUN]
[0m12:30:55.370275 [debug] [Thread-1 (]: Acquiring new postgres connection 'model.dbt_project.stg_customers'
[0m12:30:55.371273 [debug] [Thread-2 (]: Acquiring new postgres connection 'model.dbt_project.stg_orders'
[0m12:30:55.372273 [debug] [Thread-1 (]: Began compiling node model.dbt_project.stg_customers
[0m12:30:55.372273 [debug] [Thread-2 (]: Began compiling node model.dbt_project.stg_orders
[0m12:30:55.379276 [debug] [Thread-1 (]: Writing injected SQL for node "model.dbt_project.stg_customers"
[0m12:30:55.382275 [debug] [Thread-2 (]: Writing injected SQL for node "model.dbt_project.stg_orders"
[0m12:30:55.384276 [debug] [Thread-1 (]: Began executing node model.dbt_project.stg_customers
[0m12:30:55.384276 [debug] [Thread-2 (]: Began executing node model.dbt_project.stg_orders
[0m12:30:55.416302 [debug] [Thread-1 (]: Writing runtime sql for node "model.dbt_project.stg_customers"
[0m12:30:55.422285 [debug] [Thread-2 (]: Writing runtime sql for node "model.dbt_project.stg_orders"
[0m12:30:55.423284 [debug] [Thread-1 (]: Using postgres connection "model.dbt_project.stg_customers"
[0m12:30:55.424286 [debug] [Thread-2 (]: Using postgres connection "model.dbt_project.stg_orders"
[0m12:30:55.424286 [debug] [Thread-1 (]: On model.dbt_project.stg_customers: BEGIN
[0m12:30:55.424286 [debug] [Thread-2 (]: On model.dbt_project.stg_orders: BEGIN
[0m12:30:55.425285 [debug] [Thread-1 (]: Opening a new connection, currently in state init
[0m12:30:55.425285 [debug] [Thread-2 (]: Opening a new connection, currently in state init
[0m12:30:55.461294 [debug] [Thread-2 (]: SQL status: BEGIN in 0.036 seconds
[0m12:30:55.462293 [debug] [Thread-2 (]: Using postgres connection "model.dbt_project.stg_orders"
[0m12:30:55.463295 [debug] [Thread-2 (]: On model.dbt_project.stg_orders: /* {"app": "dbt", "dbt_version": "1.10.8", "profile_name": "dbt_project", "target_name": "dev", "node_id": "model.dbt_project.stg_orders"} */

  create view "dbt_project".public.stg_orders__dbt_tmp
    
    
  as (
    

SELECT
    order_id,
    customer_id,
    CASE 
        WHEN order_date IS NULL THEN NULL
        ELSE CAST(order_date AS DATE)
    END AS order_date,
    CASE 
        WHEN amount IS NULL OR amount <= 0 THEN NULL
        ELSE CAST(amount AS DECIMAL(10, 2))
    END AS amount,
    LOWER(TRIM(status)) AS status,
    CURRENT_TIMESTAMP AS created_at
FROM public.orders
WHERE 
    order_id IS NOT NULL
    AND customer_id IS NOT NULL
    AND order_date IS NOT NULL
  );
[0m12:30:55.476296 [debug] [Thread-2 (]: SQL status: CREATE VIEW in 0.013 seconds
[0m12:30:55.484298 [debug] [Thread-2 (]: Using postgres connection "model.dbt_project.stg_orders"
[0m12:30:55.484298 [debug] [Thread-2 (]: On model.dbt_project.stg_orders: /* {"app": "dbt", "dbt_version": "1.10.8", "profile_name": "dbt_project", "target_name": "dev", "node_id": "model.dbt_project.stg_orders"} */
alter table "dbt_project"."public"."stg_orders" rename to stg_orders__dbt_backup
[0m12:30:55.485319 [debug] [Thread-2 (]: SQL status: ALTER TABLE in 0.001 seconds
[0m12:30:55.488318 [debug] [Thread-2 (]: Using postgres connection "model.dbt_project.stg_orders"
[0m12:30:55.489304 [debug] [Thread-2 (]: On model.dbt_project.stg_orders: /* {"app": "dbt", "dbt_version": "1.10.8", "profile_name": "dbt_project", "target_name": "dev", "node_id": "model.dbt_project.stg_orders"} */
alter table "dbt_project".public.stg_orders__dbt_tmp rename to stg_orders
[0m12:30:55.490300 [debug] [Thread-2 (]: SQL status: ALTER TABLE in 0.000 seconds
[0m12:30:55.505306 [debug] [Thread-2 (]: On model.dbt_project.stg_orders: COMMIT
[0m12:30:55.506306 [debug] [Thread-2 (]: Using postgres connection "model.dbt_project.stg_orders"
[0m12:30:55.506306 [debug] [Thread-2 (]: On model.dbt_project.stg_orders: COMMIT
[0m12:30:55.514332 [debug] [Thread-2 (]: SQL status: COMMIT in 0.007 seconds
[0m12:30:55.520346 [debug] [Thread-2 (]: Applying DROP to: "dbt_project".public.stg_orders__dbt_backup
[0m12:30:55.525335 [debug] [Thread-2 (]: Using postgres connection "model.dbt_project.stg_orders"
[0m12:30:55.526335 [debug] [Thread-2 (]: On model.dbt_project.stg_orders: /* {"app": "dbt", "dbt_version": "1.10.8", "profile_name": "dbt_project", "target_name": "dev", "node_id": "model.dbt_project.stg_orders"} */
drop view if exists "dbt_project".public.stg_orders__dbt_backup cascade
[0m12:30:55.528348 [debug] [Thread-2 (]: SQL status: DROP VIEW in 0.001 seconds
[0m12:30:55.530348 [debug] [Thread-2 (]: On model.dbt_project.stg_orders: Close
[0m12:30:55.533333 [debug] [Thread-2 (]: Sending event: {'category': 'dbt', 'action': 'run_model', 'label': '26381be8-4fce-4b50-a024-8399dcecd1c8', 'context': [<snowplow_tracker.self_describing_json.SelfDescribingJson object at 0x0000016B427470D0>]}
[0m12:30:55.534338 [info ] [Thread-2 (]: 2 of 3 OK created sql view model public.stg_orders ............................. [[32mCREATE VIEW[0m in 0.16s]
[0m12:30:55.535332 [debug] [Thread-2 (]: Finished running node model.dbt_project.stg_orders
[0m12:30:55.567350 [debug] [Thread-1 (]: SQL status: BEGIN in 0.142 seconds
[0m12:30:55.568350 [debug] [Thread-1 (]: Using postgres connection "model.dbt_project.stg_customers"
[0m12:30:55.569358 [debug] [Thread-1 (]: On model.dbt_project.stg_customers: /* {"app": "dbt", "dbt_version": "1.10.8", "profile_name": "dbt_project", "target_name": "dev", "node_id": "model.dbt_project.stg_customers"} */

  create view "dbt_project".public.stg_customers__dbt_tmp
    
    
  as (
    

SELECT
    customer_id,
    customer_name,
    email,
    phone,
    country,
    CURRENT_TIMESTAMP AS created_at
FROM public.customers
WHERE customer_id IS NOT NULL
  );
[0m12:30:55.574353 [debug] [Thread-1 (]: SQL status: CREATE VIEW in 0.004 seconds
[0m12:30:55.578366 [debug] [Thread-1 (]: Using postgres connection "model.dbt_project.stg_customers"
[0m12:30:55.578366 [debug] [Thread-1 (]: On model.dbt_project.stg_customers: /* {"app": "dbt", "dbt_version": "1.10.8", "profile_name": "dbt_project", "target_name": "dev", "node_id": "model.dbt_project.stg_customers"} */
alter table "dbt_project"."public"."stg_customers" rename to stg_customers__dbt_backup
[0m12:30:55.580374 [debug] [Thread-1 (]: SQL status: ALTER TABLE in 0.001 seconds
[0m12:30:55.583354 [debug] [Thread-1 (]: Using postgres connection "model.dbt_project.stg_customers"
[0m12:30:55.583354 [debug] [Thread-1 (]: On model.dbt_project.stg_customers: /* {"app": "dbt", "dbt_version": "1.10.8", "profile_name": "dbt_project", "target_name": "dev", "node_id": "model.dbt_project.stg_customers"} */
alter table "dbt_project".public.stg_customers__dbt_tmp rename to stg_customers
[0m12:30:55.584360 [debug] [Thread-1 (]: SQL status: ALTER TABLE in 0.000 seconds
[0m12:30:55.586361 [debug] [Thread-1 (]: On model.dbt_project.stg_customers: COMMIT
[0m12:30:55.586361 [debug] [Thread-1 (]: Using postgres connection "model.dbt_project.stg_customers"
[0m12:30:55.587368 [debug] [Thread-1 (]: On model.dbt_project.stg_customers: COMMIT
[0m12:30:55.589356 [debug] [Thread-1 (]: SQL status: COMMIT in 0.001 seconds
[0m12:30:55.592356 [debug] [Thread-1 (]: Applying DROP to: "dbt_project".public.stg_customers__dbt_backup
[0m12:30:55.593364 [debug] [Thread-1 (]: Using postgres connection "model.dbt_project.stg_customers"
[0m12:30:55.593364 [debug] [Thread-1 (]: On model.dbt_project.stg_customers: /* {"app": "dbt", "dbt_version": "1.10.8", "profile_name": "dbt_project", "target_name": "dev", "node_id": "model.dbt_project.stg_customers"} */
drop view if exists "dbt_project".public.stg_customers__dbt_backup cascade
[0m12:30:55.595370 [debug] [Thread-1 (]: SQL status: DROP VIEW in 0.001 seconds
[0m12:30:55.596357 [debug] [Thread-1 (]: On model.dbt_project.stg_customers: Close
[0m12:30:55.597371 [debug] [Thread-1 (]: Sending event: {'category': 'dbt', 'action': 'run_model', 'label': '26381be8-4fce-4b50-a024-8399dcecd1c8', 'context': [<snowplow_tracker.self_describing_json.SelfDescribingJson object at 0x0000016B4276B190>]}
[0m12:30:55.598362 [info ] [Thread-1 (]: 1 of 3 OK created sql view model public.stg_customers .......................... [[32mCREATE VIEW[0m in 0.23s]
[0m12:30:55.599357 [debug] [Thread-1 (]: Finished running node model.dbt_project.stg_customers
[0m12:30:55.600357 [debug] [Thread-4 (]: Began running node model.dbt_project.customer_metrics
[0m12:30:55.601358 [info ] [Thread-4 (]: 3 of 3 START sql table model public.customer_metrics ........................... [RUN]
[0m12:30:55.602358 [debug] [Thread-4 (]: Acquiring new postgres connection 'model.dbt_project.customer_metrics'
[0m12:30:55.603365 [debug] [Thread-4 (]: Began compiling node model.dbt_project.customer_metrics
[0m12:30:55.606378 [debug] [Thread-4 (]: Writing injected SQL for node "model.dbt_project.customer_metrics"
[0m12:30:55.607378 [debug] [Thread-4 (]: Began executing node model.dbt_project.customer_metrics
[0m12:30:55.630363 [debug] [Thread-4 (]: Writing runtime sql for node "model.dbt_project.customer_metrics"
[0m12:30:55.631364 [debug] [Thread-4 (]: Using postgres connection "model.dbt_project.customer_metrics"
[0m12:30:55.632363 [debug] [Thread-4 (]: On model.dbt_project.customer_metrics: BEGIN
[0m12:30:55.633373 [debug] [Thread-4 (]: Opening a new connection, currently in state init
[0m12:30:55.669373 [debug] [Thread-4 (]: SQL status: BEGIN in 0.036 seconds
[0m12:30:55.669373 [debug] [Thread-4 (]: Using postgres connection "model.dbt_project.customer_metrics"
[0m12:30:55.670381 [debug] [Thread-4 (]: On model.dbt_project.customer_metrics: /* {"app": "dbt", "dbt_version": "1.10.8", "profile_name": "dbt_project", "target_name": "dev", "node_id": "model.dbt_project.customer_metrics"} */

  
    

  create  table "dbt_project".public.customer_metrics__dbt_tmp
  
  
    as
  
  (
    

WITH customer_metrics AS (
    SELECT
        c.customer_id,
        c.customer_name,
        c.email,
        c.country,
        COUNT(DISTINCT o.order_id) AS total_orders,
        COUNT(DISTINCT CASE WHEN o.status = 'completed' THEN o.order_id END) AS completed_orders,
        COUNT(DISTINCT CASE WHEN o.status = 'pending' THEN o.order_id END) AS pending_orders,
        COALESCE(SUM(CASE WHEN o.status = 'completed' THEN o.amount END), 0) AS total_revenue,
        ROUND(AVG(CASE WHEN o.status = 'completed' THEN o.amount END), 2) AS avg_order_value,
        MAX(o.order_date) AS last_order_date,
        MIN(o.order_date) AS first_order_date
    FROM "dbt_project".public.stg_customers c
    LEFT JOIN "dbt_project".public.stg_orders o ON c.customer_id = o.customer_id
    GROUP BY c.customer_id, c.customer_name, c.email, c.country
)

SELECT
    customer_id,
    customer_name,
    email,
    country,
    total_orders,
    completed_orders,
    pending_orders,
    total_revenue,
    avg_order_value,
    last_order_date,
    first_order_date,
    (last_order_date - first_order_date) AS days_as_customer,
    CURRENT_TIMESTAMP AS updated_at
FROM customer_metrics
ORDER BY total_revenue DESC
  );
  
[0m12:30:55.681374 [debug] [Thread-4 (]: SQL status: SELECT 10 in 0.010 seconds
[0m12:30:55.689391 [debug] [Thread-4 (]: Using postgres connection "model.dbt_project.customer_metrics"
[0m12:30:55.690381 [debug] [Thread-4 (]: On model.dbt_project.customer_metrics: /* {"app": "dbt", "dbt_version": "1.10.8", "profile_name": "dbt_project", "target_name": "dev", "node_id": "model.dbt_project.customer_metrics"} */
alter table "dbt_project".public.customer_metrics__dbt_tmp rename to customer_metrics
[0m12:30:55.691397 [debug] [Thread-4 (]: SQL status: ALTER TABLE in 0.001 seconds
[0m12:30:55.692379 [debug] [Thread-4 (]: On model.dbt_project.customer_metrics: COMMIT
[0m12:30:55.693379 [debug] [Thread-4 (]: Using postgres connection "model.dbt_project.customer_metrics"
[0m12:30:55.694383 [debug] [Thread-4 (]: On model.dbt_project.customer_metrics: COMMIT
[0m12:30:55.695381 [debug] [Thread-4 (]: SQL status: COMMIT in 0.001 seconds
[0m12:30:55.698386 [debug] [Thread-4 (]: Applying DROP to: "dbt_project".public.customer_metrics__dbt_backup
[0m12:30:55.701399 [debug] [Thread-4 (]: Using postgres connection "model.dbt_project.customer_metrics"
[0m12:30:55.701399 [debug] [Thread-4 (]: On model.dbt_project.customer_metrics: /* {"app": "dbt", "dbt_version": "1.10.8", "profile_name": "dbt_project", "target_name": "dev", "node_id": "model.dbt_project.customer_metrics"} */
drop table if exists "dbt_project".public.customer_metrics__dbt_backup cascade
[0m12:30:55.702400 [debug] [Thread-4 (]: SQL status: DROP TABLE in 0.000 seconds
[0m12:30:55.704389 [debug] [Thread-4 (]: On model.dbt_project.customer_metrics: Close
[0m12:30:55.705388 [debug] [Thread-4 (]: Sending event: {'category': 'dbt', 'action': 'run_model', 'label': '26381be8-4fce-4b50-a024-8399dcecd1c8', 'context': [<snowplow_tracker.self_describing_json.SelfDescribingJson object at 0x0000016B42851750>]}
[0m12:30:55.706396 [info ] [Thread-4 (]: 3 of 3 OK created sql table model public.customer_metrics ...................... [[32mSELECT 10[0m in 0.10s]
[0m12:30:55.707389 [debug] [Thread-4 (]: Finished running node model.dbt_project.customer_metrics
[0m12:30:55.708382 [debug] [MainThread]: Using postgres connection "master"
[0m12:30:55.709390 [debug] [MainThread]: On master: BEGIN
[0m12:30:55.709390 [debug] [MainThread]: Opening a new connection, currently in state closed
[0m12:30:55.743390 [debug] [MainThread]: SQL status: BEGIN in 0.034 seconds
[0m12:30:55.745389 [debug] [MainThread]: On master: COMMIT
[0m12:30:55.745389 [debug] [MainThread]: Using postgres connection "master"
[0m12:30:55.746391 [debug] [MainThread]: On master: COMMIT
[0m12:30:55.747391 [debug] [MainThread]: SQL status: COMMIT in 0.000 seconds
[0m12:30:55.747391 [debug] [MainThread]: On master: Close
[0m12:30:55.748402 [debug] [MainThread]: Connection 'master' was properly closed.
[0m12:30:55.748402 [debug] [MainThread]: Connection 'list_dbt_project' was properly closed.
[0m12:30:55.749399 [debug] [MainThread]: Connection 'list_dbt_project_public' was properly closed.
[0m12:30:55.749399 [debug] [MainThread]: Connection 'model.dbt_project.stg_customers' was properly closed.
[0m12:30:55.750390 [debug] [MainThread]: Connection 'model.dbt_project.stg_orders' was properly closed.
[0m12:30:55.750390 [debug] [MainThread]: Connection 'model.dbt_project.customer_metrics' was properly closed.
[0m12:30:55.751390 [info ] [MainThread]: 
[0m12:30:55.751390 [info ] [MainThread]: Finished running 1 table model, 2 view models in 0 hours 0 minutes and 0.63 seconds (0.63s).
[0m12:30:55.753391 [debug] [MainThread]: Command end result
[0m12:30:55.775397 [debug] [MainThread]: Wrote artifact WritableManifest to C:\Users\arpit\Jupyter Notebook\CI CD Pipeline project\target\manifest.json
[0m12:30:55.778405 [debug] [MainThread]: Wrote artifact SemanticManifest to C:\Users\arpit\Jupyter Notebook\CI CD Pipeline project\target\semantic_manifest.json
[0m12:30:55.784418 [debug] [MainThread]: Wrote artifact RunExecutionResult to C:\Users\arpit\Jupyter Notebook\CI CD Pipeline project\target\run_results.json
[0m12:30:55.785415 [info ] [MainThread]: 
[0m12:30:55.785415 [info ] [MainThread]: [32mCompleted successfully[0m
[0m12:30:55.786398 [info ] [MainThread]: 
[0m12:30:55.786398 [info ] [MainThread]: Done. PASS=3 WARN=0 ERROR=0 SKIP=0 NO-OP=0 TOTAL=3
[0m12:30:55.787399 [warn ] [MainThread]: [[33mWARNING[0m][DeprecationsSummary]: Deprecated functionality
Summary of encountered deprecations:
- ConfigDataPathDeprecation: 1 occurrence
To see all deprecation instances instead of just the first occurrence of each,
run command again with the `--show-all-deprecations` flag. You may also need to
run with `--no-partial-parse` as some deprecations are only encountered during
parsing.
[0m12:30:55.789401 [debug] [MainThread]: Command `dbt run` succeeded at 12:30:55.789401 after 2.22 seconds
[0m12:30:55.789401 [debug] [MainThread]: Sending event: {'category': 'dbt', 'action': 'invocation', 'label': 'end', 'context': [<snowplow_tracker.self_describing_json.SelfDescribingJson object at 0x0000016B40AF45D0>, <snowplow_tracker.self_describing_json.SelfDescribingJson object at 0x0000016B40768890>, <snowplow_tracker.self_describing_json.SelfDescribingJson object at 0x0000016B3A091350>]}
[0m12:30:55.790407 [debug] [MainThread]: Flushing usage events
[0m12:30:57.060157 [debug] [MainThread]: An error was encountered while trying to flush usage events
[0m12:31:09.268721 [debug] [MainThread]: Sending event: {'category': 'dbt', 'action': 'invocation', 'label': 'start', 'context': [<snowplow_tracker.self_describing_json.SelfDescribingJson object at 0x000001FAF9EAEBD0>, <snowplow_tracker.self_describing_json.SelfDescribingJson object at 0x000001FAF9EAC110>, <snowplow_tracker.self_describing_json.SelfDescribingJson object at 0x000001FAF9EAD6D0>]}


============================== 12:31:09.272724 | a8a10c9a-debc-4e01-80a9-e036ce0e7ed8 ==============================
[0m12:31:09.272724 [info ] [MainThread]: Running with dbt=1.10.8
[0m12:31:09.273723 [debug] [MainThread]: running dbt with arguments {'printer_width': '80', 'indirect_selection': 'eager', 'write_json': 'True', 'log_cache_events': 'False', 'partial_parse': 'True', 'cache_selected_only': 'False', 'warn_error': 'None', 'debug': 'False', 'version_check': 'True', 'log_path': 'C:\\Users\\arpit\\Jupyter Notebook\\CI CD Pipeline project\\logs', 'fail_fast': 'False', 'profiles_dir': 'C:\\Users\\arpit\\.dbt', 'use_colors': 'True', 'use_experimental_parser': 'False', 'empty': 'False', 'quiet': 'False', 'no_print': 'None', 'log_format': 'default', 'introspect': 'True', 'static_parser': 'True', 'warn_error_options': 'WarnErrorOptionsV2(error=[], warn=[], silence=[])', 'target_path': 'None', 'invocation_command': 'dbt run', 'send_anonymous_usage_stats': 'True'}
[0m12:31:09.342739 [warn ] [MainThread]: [[33mWARNING[0m]: Deprecated functionality
The `data-paths` config has been renamed to `seed-paths`. Please update your
`dbt_project.yml` configuration to reflect this change.
[0m12:31:09.343745 [debug] [MainThread]: Sending event: {'category': 'dbt', 'action': 'deprecation', 'label': 'a8a10c9a-debc-4e01-80a9-e036ce0e7ed8', 'property_': 'warn', 'context': [<snowplow_tracker.self_describing_json.SelfDescribingJson object at 0x000001FAF9F60490>]}
[0m12:31:09.523786 [debug] [MainThread]: Sending event: {'category': 'dbt', 'action': 'project_id', 'label': 'a8a10c9a-debc-4e01-80a9-e036ce0e7ed8', 'context': [<snowplow_tracker.self_describing_json.SelfDescribingJson object at 0x000001FAF9F61110>]}
[0m12:31:09.596796 [debug] [MainThread]: Sending event: {'category': 'dbt', 'action': 'adapter_info', 'label': 'a8a10c9a-debc-4e01-80a9-e036ce0e7ed8', 'context': [<snowplow_tracker.self_describing_json.SelfDescribingJson object at 0x000001FAF58AEA50>]}
[0m12:31:09.598803 [info ] [MainThread]: Registered adapter: postgres=1.9.0
[0m12:31:09.903883 [debug] [MainThread]: checksum: 265d66e81f90af29a7a28579c9b54d938c94f4a57c57be5f853267ae509b5fcb, vars: {}, profile: , target: , version: 1.10.8
[0m12:31:10.078911 [debug] [MainThread]: Partial parsing enabled: 0 files deleted, 0 files added, 0 files changed.
[0m12:31:10.078911 [debug] [MainThread]: Partial parsing enabled, no changes found, skipping parsing
[0m12:31:10.130923 [debug] [MainThread]: Sending event: {'category': 'dbt', 'action': 'load_project', 'label': 'a8a10c9a-debc-4e01-80a9-e036ce0e7ed8', 'context': [<snowplow_tracker.self_describing_json.SelfDescribingJson object at 0x000001FAFA4AC050>]}
[0m12:31:10.221938 [debug] [MainThread]: Wrote artifact WritableManifest to C:\Users\arpit\Jupyter Notebook\CI CD Pipeline project\target\manifest.json
[0m12:31:10.224944 [debug] [MainThread]: Wrote artifact SemanticManifest to C:\Users\arpit\Jupyter Notebook\CI CD Pipeline project\target\semantic_manifest.json
[0m12:31:10.254945 [debug] [MainThread]: Sending event: {'category': 'dbt', 'action': 'resource_counts', 'label': 'a8a10c9a-debc-4e01-80a9-e036ce0e7ed8', 'context': [<snowplow_tracker.self_describing_json.SelfDescribingJson object at 0x000001FAFA37DBD0>]}
[0m12:31:10.255945 [info ] [MainThread]: Found 3 seeds, 3 data tests, 3 models, 2 sources, 434 macros
[0m12:31:10.256945 [debug] [MainThread]: Sending event: {'category': 'dbt', 'action': 'runnable_timing', 'label': 'a8a10c9a-debc-4e01-80a9-e036ce0e7ed8', 'context': [<snowplow_tracker.self_describing_json.SelfDescribingJson object at 0x000001FAFA3AB9D0>]}
[0m12:31:10.258944 [info ] [MainThread]: 
[0m12:31:10.258944 [info ] [MainThread]: Concurrency: 4 threads (target='dev')
[0m12:31:10.259944 [info ] [MainThread]: 
[0m12:31:10.259944 [debug] [MainThread]: Acquiring new postgres connection 'master'
[0m12:31:10.264947 [debug] [ThreadPool]: Acquiring new postgres connection 'list_dbt_project'
[0m12:31:10.401978 [debug] [ThreadPool]: Using postgres connection "list_dbt_project"
[0m12:31:10.402985 [debug] [ThreadPool]: On list_dbt_project: /* {"app": "dbt", "dbt_version": "1.10.8", "profile_name": "dbt_project", "target_name": "dev", "connection_name": "list_dbt_project"} */

    select distinct nspname from pg_namespace
  
[0m12:31:10.403977 [debug] [ThreadPool]: Opening a new connection, currently in state init
[0m12:31:10.439985 [debug] [ThreadPool]: SQL status: SELECT 4 in 0.036 seconds
[0m12:31:10.441985 [debug] [ThreadPool]: On list_dbt_project: Close
[0m12:31:10.443987 [debug] [ThreadPool]: Acquiring new postgres connection 'list_dbt_project_public'
[0m12:31:10.449989 [debug] [ThreadPool]: Using postgres connection "list_dbt_project_public"
[0m12:31:10.450989 [debug] [ThreadPool]: On list_dbt_project_public: BEGIN
[0m12:31:10.450989 [debug] [ThreadPool]: Opening a new connection, currently in state init
[0m12:31:10.598031 [debug] [ThreadPool]: SQL status: BEGIN in 0.147 seconds
[0m12:31:10.598031 [debug] [ThreadPool]: Using postgres connection "list_dbt_project_public"
[0m12:31:10.599038 [debug] [ThreadPool]: On list_dbt_project_public: /* {"app": "dbt", "dbt_version": "1.10.8", "profile_name": "dbt_project", "target_name": "dev", "connection_name": "list_dbt_project_public"} */
select
      'dbt_project' as database,
      tablename as name,
      schemaname as schema,
      'table' as type
    from pg_tables
    where schemaname ilike 'public'
    union all
    select
      'dbt_project' as database,
      viewname as name,
      schemaname as schema,
      'view' as type
    from pg_views
    where schemaname ilike 'public'
    union all
    select
      'dbt_project' as database,
      matviewname as name,
      schemaname as schema,
      'materialized_view' as type
    from pg_matviews
    where schemaname ilike 'public'
  
[0m12:31:10.607033 [debug] [ThreadPool]: SQL status: SELECT 6 in 0.007 seconds
[0m12:31:10.608039 [debug] [ThreadPool]: On list_dbt_project_public: ROLLBACK
[0m12:31:10.609039 [debug] [ThreadPool]: On list_dbt_project_public: Close
[0m12:31:10.615033 [debug] [MainThread]: Using postgres connection "master"
[0m12:31:10.615033 [debug] [MainThread]: On master: BEGIN
[0m12:31:10.616048 [debug] [MainThread]: Opening a new connection, currently in state init
[0m12:31:10.750984 [debug] [MainThread]: SQL status: BEGIN in 0.135 seconds
[0m12:31:10.750984 [debug] [MainThread]: Using postgres connection "master"
[0m12:31:10.751985 [debug] [MainThread]: On master: /* {"app": "dbt", "dbt_version": "1.10.8", "profile_name": "dbt_project", "target_name": "dev", "connection_name": "master"} */
with relation as (
        select
            pg_rewrite.ev_class as class,
            pg_rewrite.oid as id
        from pg_rewrite
    ),
    class as (
        select
            oid as id,
            relname as name,
            relnamespace as schema,
            relkind as kind
        from pg_class
    ),
    dependency as (
        select distinct
            pg_depend.objid as id,
            pg_depend.refobjid as ref
        from pg_depend
    ),
    schema as (
        select
            pg_namespace.oid as id,
            pg_namespace.nspname as name
        from pg_namespace
        where nspname != 'information_schema' and nspname not like 'pg\_%'
    ),
    referenced as (
        select
            relation.id AS id,
            referenced_class.name ,
            referenced_class.schema ,
            referenced_class.kind
        from relation
        join class as referenced_class on relation.class=referenced_class.id
        where referenced_class.kind in ('r', 'v', 'm')
    ),
    relationships as (
        select
            referenced.name as referenced_name,
            referenced.schema as referenced_schema_id,
            dependent_class.name as dependent_name,
            dependent_class.schema as dependent_schema_id,
            referenced.kind as kind
        from referenced
        join dependency on referenced.id=dependency.id
        join class as dependent_class on dependency.ref=dependent_class.id
        where
            (referenced.name != dependent_class.name or
             referenced.schema != dependent_class.schema)
    )

    select
        referenced_schema.name as referenced_schema,
        relationships.referenced_name as referenced_name,
        dependent_schema.name as dependent_schema,
        relationships.dependent_name as dependent_name
    from relationships
    join schema as dependent_schema on relationships.dependent_schema_id=dependent_schema.id
    join schema as referenced_schema on relationships.referenced_schema_id=referenced_schema.id
    group by referenced_schema, referenced_name, dependent_schema, dependent_name
    order by referenced_schema, referenced_name, dependent_schema, dependent_name;
[0m12:31:10.760987 [debug] [MainThread]: SQL status: SELECT 2 in 0.008 seconds
[0m12:31:10.762986 [debug] [MainThread]: Sending event: {'category': 'dbt', 'action': 'runnable_timing', 'label': 'a8a10c9a-debc-4e01-80a9-e036ce0e7ed8', 'context': [<snowplow_tracker.self_describing_json.SelfDescribingJson object at 0x000001FAFA68CC90>]}
[0m12:31:10.764001 [debug] [MainThread]: On master: ROLLBACK
[0m12:31:10.764001 [debug] [MainThread]: Using postgres connection "master"
[0m12:31:10.764989 [debug] [MainThread]: On master: BEGIN
[0m12:31:10.765994 [debug] [MainThread]: SQL status: BEGIN in 0.000 seconds
[0m12:31:10.765994 [debug] [MainThread]: On master: COMMIT
[0m12:31:10.765994 [debug] [MainThread]: Using postgres connection "master"
[0m12:31:10.766990 [debug] [MainThread]: On master: COMMIT
[0m12:31:10.766990 [debug] [MainThread]: SQL status: COMMIT in 0.000 seconds
[0m12:31:10.767987 [debug] [MainThread]: On master: Close
[0m12:31:10.772989 [debug] [Thread-1 (]: Began running node model.dbt_project.stg_customers
[0m12:31:10.773996 [debug] [Thread-2 (]: Began running node model.dbt_project.stg_orders
[0m12:31:10.773996 [info ] [Thread-1 (]: 1 of 3 START sql view model public.stg_customers ............................... [RUN]
[0m12:31:10.774989 [info ] [Thread-2 (]: 2 of 3 START sql view model public.stg_orders .................................. [RUN]
[0m12:31:10.775989 [debug] [Thread-1 (]: Acquiring new postgres connection 'model.dbt_project.stg_customers'
[0m12:31:10.776991 [debug] [Thread-2 (]: Acquiring new postgres connection 'model.dbt_project.stg_orders'
[0m12:31:10.777999 [debug] [Thread-1 (]: Began compiling node model.dbt_project.stg_customers
[0m12:31:10.777999 [debug] [Thread-2 (]: Began compiling node model.dbt_project.stg_orders
[0m12:31:10.784991 [debug] [Thread-1 (]: Writing injected SQL for node "model.dbt_project.stg_customers"
[0m12:31:10.788993 [debug] [Thread-2 (]: Writing injected SQL for node "model.dbt_project.stg_orders"
[0m12:31:10.789992 [debug] [Thread-1 (]: Began executing node model.dbt_project.stg_customers
[0m12:31:10.801997 [debug] [Thread-2 (]: Began executing node model.dbt_project.stg_orders
[0m12:31:10.823014 [debug] [Thread-1 (]: Writing runtime sql for node "model.dbt_project.stg_customers"
[0m12:31:10.827015 [debug] [Thread-2 (]: Writing runtime sql for node "model.dbt_project.stg_orders"
[0m12:31:10.829004 [debug] [Thread-1 (]: Using postgres connection "model.dbt_project.stg_customers"
[0m12:31:10.830003 [debug] [Thread-2 (]: Using postgres connection "model.dbt_project.stg_orders"
[0m12:31:10.830003 [debug] [Thread-1 (]: On model.dbt_project.stg_customers: BEGIN
[0m12:31:10.831010 [debug] [Thread-2 (]: On model.dbt_project.stg_orders: BEGIN
[0m12:31:10.832009 [debug] [Thread-1 (]: Opening a new connection, currently in state init
[0m12:31:10.832009 [debug] [Thread-2 (]: Opening a new connection, currently in state init
[0m12:31:10.865017 [debug] [Thread-1 (]: SQL status: BEGIN in 0.033 seconds
[0m12:31:10.865017 [debug] [Thread-1 (]: Using postgres connection "model.dbt_project.stg_customers"
[0m12:31:10.866024 [debug] [Thread-1 (]: On model.dbt_project.stg_customers: /* {"app": "dbt", "dbt_version": "1.10.8", "profile_name": "dbt_project", "target_name": "dev", "node_id": "model.dbt_project.stg_customers"} */

  create view "dbt_project".public.stg_customers__dbt_tmp
    
    
  as (
    

SELECT
    customer_id,
    customer_name,
    email,
    phone,
    country,
    CURRENT_TIMESTAMP AS created_at
FROM public.customers
WHERE customer_id IS NOT NULL
  );
[0m12:31:10.870025 [debug] [Thread-1 (]: SQL status: CREATE VIEW in 0.003 seconds
[0m12:31:10.876031 [debug] [Thread-1 (]: Using postgres connection "model.dbt_project.stg_customers"
[0m12:31:10.877031 [debug] [Thread-1 (]: On model.dbt_project.stg_customers: /* {"app": "dbt", "dbt_version": "1.10.8", "profile_name": "dbt_project", "target_name": "dev", "node_id": "model.dbt_project.stg_customers"} */
alter table "dbt_project"."public"."stg_customers" rename to stg_customers__dbt_backup
[0m12:31:10.878013 [debug] [Thread-1 (]: SQL status: ALTER TABLE in 0.001 seconds
[0m12:31:10.882021 [debug] [Thread-1 (]: Using postgres connection "model.dbt_project.stg_customers"
[0m12:31:10.883028 [debug] [Thread-1 (]: On model.dbt_project.stg_customers: /* {"app": "dbt", "dbt_version": "1.10.8", "profile_name": "dbt_project", "target_name": "dev", "node_id": "model.dbt_project.stg_customers"} */
alter table "dbt_project".public.stg_customers__dbt_tmp rename to stg_customers
[0m12:31:10.884033 [debug] [Thread-1 (]: SQL status: ALTER TABLE in 0.001 seconds
[0m12:31:10.899017 [debug] [Thread-1 (]: On model.dbt_project.stg_customers: COMMIT
[0m12:31:10.900016 [debug] [Thread-1 (]: Using postgres connection "model.dbt_project.stg_customers"
[0m12:31:10.901018 [debug] [Thread-1 (]: On model.dbt_project.stg_customers: COMMIT
[0m12:31:10.902025 [debug] [Thread-1 (]: SQL status: COMMIT in 0.001 seconds
[0m12:31:10.908027 [debug] [Thread-1 (]: Applying DROP to: "dbt_project".public.stg_customers__dbt_backup
[0m12:31:10.913040 [debug] [Thread-1 (]: Using postgres connection "model.dbt_project.stg_customers"
[0m12:31:10.914021 [debug] [Thread-1 (]: On model.dbt_project.stg_customers: /* {"app": "dbt", "dbt_version": "1.10.8", "profile_name": "dbt_project", "target_name": "dev", "node_id": "model.dbt_project.stg_customers"} */
drop view if exists "dbt_project".public.stg_customers__dbt_backup cascade
[0m12:31:10.916031 [debug] [Thread-1 (]: SQL status: DROP VIEW in 0.001 seconds
[0m12:31:10.918029 [debug] [Thread-1 (]: On model.dbt_project.stg_customers: Close
[0m12:31:10.921021 [debug] [Thread-1 (]: Sending event: {'category': 'dbt', 'action': 'run_model', 'label': 'a8a10c9a-debc-4e01-80a9-e036ce0e7ed8', 'context': [<snowplow_tracker.self_describing_json.SelfDescribingJson object at 0x000001FAF86D1B90>]}
[0m12:31:10.923023 [info ] [Thread-1 (]: 1 of 3 OK created sql view model public.stg_customers .......................... [[32mCREATE VIEW[0m in 0.14s]
[0m12:31:10.924031 [debug] [Thread-1 (]: Finished running node model.dbt_project.stg_customers
[0m12:31:10.981249 [debug] [Thread-2 (]: SQL status: BEGIN in 0.149 seconds
[0m12:31:10.982245 [debug] [Thread-2 (]: Using postgres connection "model.dbt_project.stg_orders"
[0m12:31:10.983251 [debug] [Thread-2 (]: On model.dbt_project.stg_orders: /* {"app": "dbt", "dbt_version": "1.10.8", "profile_name": "dbt_project", "target_name": "dev", "node_id": "model.dbt_project.stg_orders"} */

  create view "dbt_project".public.stg_orders__dbt_tmp
    
    
  as (
    

SELECT
    order_id,
    customer_id,
    CASE 
        WHEN order_date IS NULL THEN NULL
        ELSE CAST(order_date AS DATE)
    END AS order_date,
    CASE 
        WHEN amount IS NULL OR amount <= 0 THEN NULL
        ELSE CAST(amount AS DECIMAL(10, 2))
    END AS amount,
    LOWER(TRIM(status)) AS status,
    CURRENT_TIMESTAMP AS created_at
FROM public.orders
WHERE 
    order_id IS NOT NULL
    AND customer_id IS NOT NULL
    AND order_date IS NOT NULL
  );
[0m12:31:10.988251 [debug] [Thread-2 (]: SQL status: CREATE VIEW in 0.004 seconds
[0m12:31:10.992245 [debug] [Thread-2 (]: Using postgres connection "model.dbt_project.stg_orders"
[0m12:31:10.993253 [debug] [Thread-2 (]: On model.dbt_project.stg_orders: /* {"app": "dbt", "dbt_version": "1.10.8", "profile_name": "dbt_project", "target_name": "dev", "node_id": "model.dbt_project.stg_orders"} */
alter table "dbt_project"."public"."stg_orders" rename to stg_orders__dbt_backup
[0m12:31:10.994252 [debug] [Thread-2 (]: SQL status: ALTER TABLE in 0.000 seconds
[0m12:31:10.997265 [debug] [Thread-2 (]: Using postgres connection "model.dbt_project.stg_orders"
[0m12:31:10.997265 [debug] [Thread-2 (]: On model.dbt_project.stg_orders: /* {"app": "dbt", "dbt_version": "1.10.8", "profile_name": "dbt_project", "target_name": "dev", "node_id": "model.dbt_project.stg_orders"} */
alter table "dbt_project".public.stg_orders__dbt_tmp rename to stg_orders
[0m12:31:10.998265 [debug] [Thread-2 (]: SQL status: ALTER TABLE in 0.001 seconds
[0m12:31:11.000248 [debug] [Thread-2 (]: On model.dbt_project.stg_orders: COMMIT
[0m12:31:11.001254 [debug] [Thread-2 (]: Using postgres connection "model.dbt_project.stg_orders"
[0m12:31:11.001254 [debug] [Thread-2 (]: On model.dbt_project.stg_orders: COMMIT
[0m12:31:11.003254 [debug] [Thread-2 (]: SQL status: COMMIT in 0.001 seconds
[0m12:31:11.005254 [debug] [Thread-2 (]: Applying DROP to: "dbt_project".public.stg_orders__dbt_backup
[0m12:31:11.006267 [debug] [Thread-2 (]: Using postgres connection "model.dbt_project.stg_orders"
[0m12:31:11.007248 [debug] [Thread-2 (]: On model.dbt_project.stg_orders: /* {"app": "dbt", "dbt_version": "1.10.8", "profile_name": "dbt_project", "target_name": "dev", "node_id": "model.dbt_project.stg_orders"} */
drop view if exists "dbt_project".public.stg_orders__dbt_backup cascade
[0m12:31:11.008251 [debug] [Thread-2 (]: SQL status: DROP VIEW in 0.001 seconds
[0m12:31:11.010256 [debug] [Thread-2 (]: On model.dbt_project.stg_orders: Close
[0m12:31:11.011257 [debug] [Thread-2 (]: Sending event: {'category': 'dbt', 'action': 'run_model', 'label': 'a8a10c9a-debc-4e01-80a9-e036ce0e7ed8', 'context': [<snowplow_tracker.self_describing_json.SelfDescribingJson object at 0x000001FAFA00E590>]}
[0m12:31:11.012263 [info ] [Thread-2 (]: 2 of 3 OK created sql view model public.stg_orders ............................. [[32mCREATE VIEW[0m in 0.23s]
[0m12:31:11.013249 [debug] [Thread-2 (]: Finished running node model.dbt_project.stg_orders
[0m12:31:11.013249 [debug] [Thread-4 (]: Began running node model.dbt_project.customer_metrics
[0m12:31:11.014250 [info ] [Thread-4 (]: 3 of 3 START sql table model public.customer_metrics ........................... [RUN]
[0m12:31:11.016252 [debug] [Thread-4 (]: Acquiring new postgres connection 'model.dbt_project.customer_metrics'
[0m12:31:11.017252 [debug] [Thread-4 (]: Began compiling node model.dbt_project.customer_metrics
[0m12:31:11.021251 [debug] [Thread-4 (]: Writing injected SQL for node "model.dbt_project.customer_metrics"
[0m12:31:11.022251 [debug] [Thread-4 (]: Began executing node model.dbt_project.customer_metrics
[0m12:31:11.043257 [debug] [Thread-4 (]: Writing runtime sql for node "model.dbt_project.customer_metrics"
[0m12:31:11.044264 [debug] [Thread-4 (]: Using postgres connection "model.dbt_project.customer_metrics"
[0m12:31:11.045264 [debug] [Thread-4 (]: On model.dbt_project.customer_metrics: BEGIN
[0m12:31:11.045264 [debug] [Thread-4 (]: Opening a new connection, currently in state init
[0m12:31:11.078264 [debug] [Thread-4 (]: SQL status: BEGIN in 0.033 seconds
[0m12:31:11.079272 [debug] [Thread-4 (]: Using postgres connection "model.dbt_project.customer_metrics"
[0m12:31:11.079272 [debug] [Thread-4 (]: On model.dbt_project.customer_metrics: /* {"app": "dbt", "dbt_version": "1.10.8", "profile_name": "dbt_project", "target_name": "dev", "node_id": "model.dbt_project.customer_metrics"} */

  
    

  create  table "dbt_project".public.customer_metrics__dbt_tmp
  
  
    as
  
  (
    

WITH customer_metrics AS (
    SELECT
        c.customer_id,
        c.customer_name,
        c.email,
        c.country,
        COUNT(DISTINCT o.order_id) AS total_orders,
        COUNT(DISTINCT CASE WHEN o.status = 'completed' THEN o.order_id END) AS completed_orders,
        COUNT(DISTINCT CASE WHEN o.status = 'pending' THEN o.order_id END) AS pending_orders,
        COALESCE(SUM(CASE WHEN o.status = 'completed' THEN o.amount END), 0) AS total_revenue,
        ROUND(AVG(CASE WHEN o.status = 'completed' THEN o.amount END), 2) AS avg_order_value,
        MAX(o.order_date) AS last_order_date,
        MIN(o.order_date) AS first_order_date
    FROM "dbt_project".public.stg_customers c
    LEFT JOIN "dbt_project".public.stg_orders o ON c.customer_id = o.customer_id
    GROUP BY c.customer_id, c.customer_name, c.email, c.country
)

SELECT
    customer_id,
    customer_name,
    email,
    country,
    total_orders,
    completed_orders,
    pending_orders,
    total_revenue,
    avg_order_value,
    last_order_date,
    first_order_date,
    (last_order_date - first_order_date) AS days_as_customer,
    CURRENT_TIMESTAMP AS updated_at
FROM customer_metrics
ORDER BY total_revenue DESC
  );
  
[0m12:31:11.093269 [debug] [Thread-4 (]: SQL status: SELECT 10 in 0.013 seconds
[0m12:31:11.099288 [debug] [Thread-4 (]: Using postgres connection "model.dbt_project.customer_metrics"
[0m12:31:11.100288 [debug] [Thread-4 (]: On model.dbt_project.customer_metrics: /* {"app": "dbt", "dbt_version": "1.10.8", "profile_name": "dbt_project", "target_name": "dev", "node_id": "model.dbt_project.customer_metrics"} */
alter table "dbt_project"."public"."customer_metrics" rename to customer_metrics__dbt_backup
[0m12:31:11.102272 [debug] [Thread-4 (]: SQL status: ALTER TABLE in 0.001 seconds
[0m12:31:11.105277 [debug] [Thread-4 (]: Using postgres connection "model.dbt_project.customer_metrics"
[0m12:31:11.105277 [debug] [Thread-4 (]: On model.dbt_project.customer_metrics: /* {"app": "dbt", "dbt_version": "1.10.8", "profile_name": "dbt_project", "target_name": "dev", "node_id": "model.dbt_project.customer_metrics"} */
alter table "dbt_project".public.customer_metrics__dbt_tmp rename to customer_metrics
[0m12:31:11.106284 [debug] [Thread-4 (]: SQL status: ALTER TABLE in 0.001 seconds
[0m12:31:11.108278 [debug] [Thread-4 (]: On model.dbt_project.customer_metrics: COMMIT
[0m12:31:11.109278 [debug] [Thread-4 (]: Using postgres connection "model.dbt_project.customer_metrics"
[0m12:31:11.109278 [debug] [Thread-4 (]: On model.dbt_project.customer_metrics: COMMIT
[0m12:31:11.111276 [debug] [Thread-4 (]: SQL status: COMMIT in 0.001 seconds
[0m12:31:11.114279 [debug] [Thread-4 (]: Applying DROP to: "dbt_project".public.customer_metrics__dbt_backup
[0m12:31:11.116287 [debug] [Thread-4 (]: Using postgres connection "model.dbt_project.customer_metrics"
[0m12:31:11.117288 [debug] [Thread-4 (]: On model.dbt_project.customer_metrics: /* {"app": "dbt", "dbt_version": "1.10.8", "profile_name": "dbt_project", "target_name": "dev", "node_id": "model.dbt_project.customer_metrics"} */
drop table if exists "dbt_project".public.customer_metrics__dbt_backup cascade
[0m12:31:11.122282 [debug] [Thread-4 (]: SQL status: DROP TABLE in 0.004 seconds
[0m12:31:11.124288 [debug] [Thread-4 (]: On model.dbt_project.customer_metrics: Close
[0m12:31:11.124288 [debug] [Thread-4 (]: Sending event: {'category': 'dbt', 'action': 'run_model', 'label': 'a8a10c9a-debc-4e01-80a9-e036ce0e7ed8', 'context': [<snowplow_tracker.self_describing_json.SelfDescribingJson object at 0x000001FAFA9E4610>]}
[0m12:31:11.125275 [info ] [Thread-4 (]: 3 of 3 OK created sql table model public.customer_metrics ...................... [[32mSELECT 10[0m in 0.11s]
[0m12:31:11.126275 [debug] [Thread-4 (]: Finished running node model.dbt_project.customer_metrics
[0m12:31:11.128276 [debug] [MainThread]: Using postgres connection "master"
[0m12:31:11.129276 [debug] [MainThread]: On master: BEGIN
[0m12:31:11.129276 [debug] [MainThread]: Opening a new connection, currently in state closed
[0m12:31:11.163284 [debug] [MainThread]: SQL status: BEGIN in 0.034 seconds
[0m12:31:11.164291 [debug] [MainThread]: On master: COMMIT
[0m12:31:11.164291 [debug] [MainThread]: Using postgres connection "master"
[0m12:31:11.165292 [debug] [MainThread]: On master: COMMIT
[0m12:31:11.165292 [debug] [MainThread]: SQL status: COMMIT in 0.000 seconds
[0m12:31:11.166292 [debug] [MainThread]: On master: Close
[0m12:31:11.166292 [debug] [MainThread]: Connection 'master' was properly closed.
[0m12:31:11.167291 [debug] [MainThread]: Connection 'list_dbt_project' was properly closed.
[0m12:31:11.167291 [debug] [MainThread]: Connection 'list_dbt_project_public' was properly closed.
[0m12:31:11.168303 [debug] [MainThread]: Connection 'model.dbt_project.stg_customers' was properly closed.
[0m12:31:11.168303 [debug] [MainThread]: Connection 'model.dbt_project.stg_orders' was properly closed.
[0m12:31:11.169298 [debug] [MainThread]: Connection 'model.dbt_project.customer_metrics' was properly closed.
[0m12:31:11.169298 [info ] [MainThread]: 
[0m12:31:11.170287 [info ] [MainThread]: Finished running 1 table model, 2 view models in 0 hours 0 minutes and 0.91 seconds (0.91s).
[0m12:31:11.172285 [debug] [MainThread]: Command end result
[0m12:31:11.195310 [debug] [MainThread]: Wrote artifact WritableManifest to C:\Users\arpit\Jupyter Notebook\CI CD Pipeline project\target\manifest.json
[0m12:31:11.198292 [debug] [MainThread]: Wrote artifact SemanticManifest to C:\Users\arpit\Jupyter Notebook\CI CD Pipeline project\target\semantic_manifest.json
[0m12:31:11.204294 [debug] [MainThread]: Wrote artifact RunExecutionResult to C:\Users\arpit\Jupyter Notebook\CI CD Pipeline project\target\run_results.json
[0m12:31:11.205298 [info ] [MainThread]: 
[0m12:31:11.206296 [info ] [MainThread]: [32mCompleted successfully[0m
[0m12:31:11.206296 [info ] [MainThread]: 
[0m12:31:11.207293 [info ] [MainThread]: Done. PASS=3 WARN=0 ERROR=0 SKIP=0 NO-OP=0 TOTAL=3
[0m12:31:11.208292 [warn ] [MainThread]: [[33mWARNING[0m][DeprecationsSummary]: Deprecated functionality
Summary of encountered deprecations:
- ConfigDataPathDeprecation: 1 occurrence
To see all deprecation instances instead of just the first occurrence of each,
run command again with the `--show-all-deprecations` flag. You may also need to
run with `--no-partial-parse` as some deprecations are only encountered during
parsing.
[0m12:31:11.209300 [debug] [MainThread]: Command `dbt run` succeeded at 12:31:11.209300 after 2.03 seconds
[0m12:31:11.210293 [debug] [MainThread]: Sending event: {'category': 'dbt', 'action': 'invocation', 'label': 'end', 'context': [<snowplow_tracker.self_describing_json.SelfDescribingJson object at 0x000001FAF2526150>, <snowplow_tracker.self_describing_json.SelfDescribingJson object at 0x000001FAF2526210>, <snowplow_tracker.self_describing_json.SelfDescribingJson object at 0x000001FAF24A1350>]}
[0m12:31:11.210293 [debug] [MainThread]: Flushing usage events
[0m12:31:12.454157 [debug] [MainThread]: An error was encountered while trying to flush usage events
[0m14:46:56.678356 [debug] [MainThread]: Sending event: {'category': 'dbt', 'action': 'invocation', 'label': 'start', 'context': [<snowplow_tracker.self_describing_json.SelfDescribingJson object at 0x000001EB164AD9D0>, <snowplow_tracker.self_describing_json.SelfDescribingJson object at 0x000001EB164AF650>, <snowplow_tracker.self_describing_json.SelfDescribingJson object at 0x000001EB164AC710>]}


============================== 14:46:56.685359 | 192b5a71-c00a-4e30-8a05-e14121d93233 ==============================
[0m14:46:56.685359 [info ] [MainThread]: Running with dbt=1.10.8
[0m14:46:56.687359 [debug] [MainThread]: running dbt with arguments {'printer_width': '80', 'indirect_selection': 'eager', 'write_json': 'True', 'log_cache_events': 'False', 'partial_parse': 'True', 'cache_selected_only': 'False', 'warn_error': 'None', 'version_check': 'True', 'profiles_dir': 'C:\\Users\\arpit\\.dbt', 'log_path': 'C:\\Users\\arpit\\Jupyter Notebook\\CI CD Pipeline project\\logs', 'debug': 'False', 'fail_fast': 'False', 'use_colors': 'True', 'use_experimental_parser': 'False', 'empty': 'None', 'quiet': 'False', 'no_print': 'None', 'log_format': 'default', 'introspect': 'True', 'invocation_command': 'dbt parse', 'static_parser': 'True', 'target_path': 'None', 'warn_error_options': 'WarnErrorOptionsV2(error=[], warn=[], silence=[])', 'send_anonymous_usage_stats': 'True'}
[0m14:46:57.038438 [debug] [MainThread]: Sending event: {'category': 'dbt', 'action': 'project_id', 'label': '192b5a71-c00a-4e30-8a05-e14121d93233', 'context': [<snowplow_tracker.self_describing_json.SelfDescribingJson object at 0x000001EB166E2BD0>]}
[0m14:46:57.116456 [debug] [MainThread]: Sending event: {'category': 'dbt', 'action': 'adapter_info', 'label': '192b5a71-c00a-4e30-8a05-e14121d93233', 'context': [<snowplow_tracker.self_describing_json.SelfDescribingJson object at 0x000001EB167E44D0>]}
[0m14:46:57.119457 [info ] [MainThread]: Registered adapter: postgres=1.9.0
[0m14:46:57.612568 [debug] [MainThread]: checksum: 265d66e81f90af29a7a28579c9b54d938c94f4a57c57be5f853267ae509b5fcb, vars: {}, profile: , target: , version: 1.10.8
[0m14:46:57.734597 [info ] [MainThread]: Unable to do partial parsing because a project config has changed
[0m14:46:57.735597 [debug] [MainThread]: Sending event: {'category': 'dbt', 'action': 'partial_parser', 'label': '192b5a71-c00a-4e30-8a05-e14121d93233', 'context': [<snowplow_tracker.self_describing_json.SelfDescribingJson object at 0x000001EB14C56290>]}
[0m14:46:59.847074 [error] [MainThread]: Encountered an error:
Compilation Error
  dbt found two models with the name "customer_metrics".
  
  Since these resources have the same name, dbt will be unable to find the correct resource
  when looking for ref("customer_metrics").
  
  To fix this, change the name of one of these resources:
  - model.dbt_project.customer_metrics (models\marts\customer_metrics.sql)
  - model.dbt_project.customer_metrics (models\gold\customer_metrics.sql)
[0m14:46:59.848074 [debug] [MainThread]: Command `dbt parse` failed at 14:46:59.848074 after 3.31 seconds
[0m14:46:59.849075 [debug] [MainThread]: Sending event: {'category': 'dbt', 'action': 'invocation', 'label': 'end', 'context': [<snowplow_tracker.self_describing_json.SelfDescribingJson object at 0x000001EB0EAC1ED0>, <snowplow_tracker.self_describing_json.SelfDescribingJson object at 0x000001EB164ACE90>, <snowplow_tracker.self_describing_json.SelfDescribingJson object at 0x000001EB164AE850>]}
[0m14:46:59.850075 [debug] [MainThread]: Flushing usage events
[0m14:47:01.035416 [debug] [MainThread]: An error was encountered while trying to flush usage events
[0m14:47:29.388483 [debug] [MainThread]: Sending event: {'category': 'dbt', 'action': 'invocation', 'label': 'start', 'context': [<snowplow_tracker.self_describing_json.SelfDescribingJson object at 0x00000184DF51C210>, <snowplow_tracker.self_describing_json.SelfDescribingJson object at 0x00000184DF51CD90>, <snowplow_tracker.self_describing_json.SelfDescribingJson object at 0x00000184DF51E050>]}


============================== 14:47:29.393480 | 370e7015-d519-4d87-a964-66ff8b5ad7fc ==============================
[0m14:47:29.393480 [info ] [MainThread]: Running with dbt=1.10.8
[0m14:47:29.394479 [debug] [MainThread]: running dbt with arguments {'printer_width': '80', 'indirect_selection': 'eager', 'write_json': 'True', 'log_cache_events': 'False', 'partial_parse': 'True', 'cache_selected_only': 'False', 'profiles_dir': 'C:\\Users\\arpit\\.dbt', 'version_check': 'True', 'warn_error': 'None', 'log_path': 'C:\\Users\\arpit\\Jupyter Notebook\\CI CD Pipeline project\\logs', 'debug': 'False', 'fail_fast': 'False', 'use_colors': 'True', 'use_experimental_parser': 'False', 'empty': 'None', 'quiet': 'False', 'no_print': 'None', 'log_format': 'default', 'invocation_command': 'dbt parse', 'introspect': 'True', 'static_parser': 'True', 'target_path': 'None', 'warn_error_options': 'WarnErrorOptionsV2(error=[], warn=[], silence=[])', 'send_anonymous_usage_stats': 'True'}
[0m14:47:29.662542 [debug] [MainThread]: Sending event: {'category': 'dbt', 'action': 'project_id', 'label': '370e7015-d519-4d87-a964-66ff8b5ad7fc', 'context': [<snowplow_tracker.self_describing_json.SelfDescribingJson object at 0x00000184DE55CE50>]}
[0m14:47:29.740558 [debug] [MainThread]: Sending event: {'category': 'dbt', 'action': 'adapter_info', 'label': '370e7015-d519-4d87-a964-66ff8b5ad7fc', 'context': [<snowplow_tracker.self_describing_json.SelfDescribingJson object at 0x00000184DBEEE910>]}
[0m14:47:29.742559 [info ] [MainThread]: Registered adapter: postgres=1.9.0
[0m14:47:30.076635 [debug] [MainThread]: checksum: 265d66e81f90af29a7a28579c9b54d938c94f4a57c57be5f853267ae509b5fcb, vars: {}, profile: , target: , version: 1.10.8
[0m14:47:30.181661 [info ] [MainThread]: Unable to do partial parsing because a project config has changed
[0m14:47:30.182659 [debug] [MainThread]: Sending event: {'category': 'dbt', 'action': 'partial_parser', 'label': '370e7015-d519-4d87-a964-66ff8b5ad7fc', 'context': [<snowplow_tracker.self_describing_json.SelfDescribingJson object at 0x00000184DF59C710>]}
[0m14:47:31.690216 [warn ] [MainThread]: [[33mWARNING[0m][MissingArgumentsPropertyInGenericTestDeprecation]: Deprecated
functionality
Found top-level arguments to test `accepted_values`. Arguments to generic tests
should be nested under the `arguments` property.`
[0m14:47:31.691216 [debug] [MainThread]: Sending event: {'category': 'dbt', 'action': 'deprecation', 'label': '370e7015-d519-4d87-a964-66ff8b5ad7fc', 'property_': 'warn', 'context': [<snowplow_tracker.self_describing_json.SelfDescribingJson object at 0x00000184E0E33B90>]}
[0m14:47:31.901263 [warn ] [MainThread]: [[33mWARNING[0m]: Configuration paths exist in your dbt_project.yml file which do not apply to any resources.
There are 2 unused configuration paths:
- models.dbt_project.staging
- models.dbt_project.marts
[0m14:47:31.911266 [debug] [MainThread]: Sending event: {'category': 'dbt', 'action': 'load_project', 'label': '370e7015-d519-4d87-a964-66ff8b5ad7fc', 'context': [<snowplow_tracker.self_describing_json.SelfDescribingJson object at 0x00000184E0C05F10>]}
[0m14:47:31.917267 [info ] [MainThread]: Performance info: C:\Users\arpit\Jupyter Notebook\CI CD Pipeline project\target\perf_info.json
[0m14:47:32.092308 [debug] [MainThread]: Wrote artifact WritableManifest to C:\Users\arpit\Jupyter Notebook\CI CD Pipeline project\target\manifest.json
[0m14:47:32.107309 [debug] [MainThread]: Wrote artifact SemanticManifest to C:\Users\arpit\Jupyter Notebook\CI CD Pipeline project\target\semantic_manifest.json
[0m14:47:32.108310 [warn ] [MainThread]: [[33mWARNING[0m][DeprecationsSummary]: Deprecated functionality
Summary of encountered deprecations:
- MissingArgumentsPropertyInGenericTestDeprecation: 3 occurrences
To see all deprecation instances instead of just the first occurrence of each,
run command again with the `--show-all-deprecations` flag. You may also need to
run with `--no-partial-parse` as some deprecations are only encountered during
parsing.
[0m14:47:32.110310 [debug] [MainThread]: Command `dbt parse` succeeded at 14:47:32.110310 after 2.81 seconds
[0m14:47:32.111310 [debug] [MainThread]: Sending event: {'category': 'dbt', 'action': 'invocation', 'label': 'end', 'context': [<snowplow_tracker.self_describing_json.SelfDescribingJson object at 0x00000184D8BA60D0>, <snowplow_tracker.self_describing_json.SelfDescribingJson object at 0x00000184D8B21310>, <snowplow_tracker.self_describing_json.SelfDescribingJson object at 0x00000184D8B21F10>]}
[0m14:47:32.111310 [debug] [MainThread]: Flushing usage events
[0m14:47:32.682441 [debug] [MainThread]: An error was encountered while trying to flush usage events
[0m14:47:46.394082 [debug] [MainThread]: Sending event: {'category': 'dbt', 'action': 'invocation', 'label': 'start', 'context': [<snowplow_tracker.self_describing_json.SelfDescribingJson object at 0x0000019521AFD710>, <snowplow_tracker.self_describing_json.SelfDescribingJson object at 0x0000019521AFD750>, <snowplow_tracker.self_describing_json.SelfDescribingJson object at 0x0000019521AFD490>]}


============================== 14:47:46.399082 | cc82f3b0-d0fe-4626-b50c-1f99b29a496f ==============================
[0m14:47:46.399082 [info ] [MainThread]: Running with dbt=1.10.8
[0m14:47:46.400083 [debug] [MainThread]: running dbt with arguments {'printer_width': '80', 'indirect_selection': 'eager', 'write_json': 'True', 'log_cache_events': 'False', 'partial_parse': 'True', 'cache_selected_only': 'False', 'warn_error': 'None', 'version_check': 'True', 'fail_fast': 'False', 'log_path': 'C:\\Users\\arpit\\Jupyter Notebook\\CI CD Pipeline project\\logs', 'debug': 'False', 'profiles_dir': 'C:\\Users\\arpit\\.dbt', 'use_colors': 'True', 'use_experimental_parser': 'False', 'empty': 'False', 'quiet': 'False', 'no_print': 'None', 'log_format': 'default', 'invocation_command': 'dbt run', 'introspect': 'True', 'warn_error_options': 'WarnErrorOptionsV2(error=[], warn=[], silence=[])', 'target_path': 'None', 'static_parser': 'True', 'send_anonymous_usage_stats': 'True'}
[0m14:47:46.674144 [debug] [MainThread]: Sending event: {'category': 'dbt', 'action': 'project_id', 'label': 'cc82f3b0-d0fe-4626-b50c-1f99b29a496f', 'context': [<snowplow_tracker.self_describing_json.SelfDescribingJson object at 0x0000019521DB6B90>]}
[0m14:47:46.751161 [debug] [MainThread]: Sending event: {'category': 'dbt', 'action': 'adapter_info', 'label': 'cc82f3b0-d0fe-4626-b50c-1f99b29a496f', 'context': [<snowplow_tracker.self_describing_json.SelfDescribingJson object at 0x000001951D4FEA50>]}
[0m14:47:46.753163 [info ] [MainThread]: Registered adapter: postgres=1.9.0
[0m14:47:47.099240 [debug] [MainThread]: checksum: 265d66e81f90af29a7a28579c9b54d938c94f4a57c57be5f853267ae509b5fcb, vars: {}, profile: , target: , version: 1.10.8
[0m14:47:47.295286 [debug] [MainThread]: Partial parsing enabled: 0 files deleted, 0 files added, 0 files changed.
[0m14:47:47.295286 [debug] [MainThread]: Partial parsing enabled, no changes found, skipping parsing
[0m14:47:47.301286 [warn ] [MainThread]: [[33mWARNING[0m]: Configuration paths exist in your dbt_project.yml file which do not apply to any resources.
There are 2 unused configuration paths:
- models.dbt_project.marts
- models.dbt_project.staging
[0m14:47:47.353299 [debug] [MainThread]: Sending event: {'category': 'dbt', 'action': 'load_project', 'label': 'cc82f3b0-d0fe-4626-b50c-1f99b29a496f', 'context': [<snowplow_tracker.self_describing_json.SelfDescribingJson object at 0x000001952213CB10>]}
[0m14:47:47.451320 [debug] [MainThread]: Wrote artifact WritableManifest to C:\Users\arpit\Jupyter Notebook\CI CD Pipeline project\target\manifest.json
[0m14:47:47.454321 [debug] [MainThread]: Wrote artifact SemanticManifest to C:\Users\arpit\Jupyter Notebook\CI CD Pipeline project\target\semantic_manifest.json
[0m14:47:47.508334 [debug] [MainThread]: Sending event: {'category': 'dbt', 'action': 'resource_counts', 'label': 'cc82f3b0-d0fe-4626-b50c-1f99b29a496f', 'context': [<snowplow_tracker.self_describing_json.SelfDescribingJson object at 0x000001951E19A410>]}
[0m14:47:47.509334 [info ] [MainThread]: Found 5 models, 3 seeds, 26 data tests, 2 sources, 434 macros
[0m14:47:47.510334 [debug] [MainThread]: Sending event: {'category': 'dbt', 'action': 'runnable_timing', 'label': 'cc82f3b0-d0fe-4626-b50c-1f99b29a496f', 'context': [<snowplow_tracker.self_describing_json.SelfDescribingJson object at 0x000001951DA81FD0>]}
[0m14:47:47.512335 [info ] [MainThread]: 
[0m14:47:47.513335 [info ] [MainThread]: Concurrency: 4 threads (target='dev')
[0m14:47:47.514336 [info ] [MainThread]: 
[0m14:47:47.515335 [debug] [MainThread]: Acquiring new postgres connection 'master'
[0m14:47:47.520337 [debug] [ThreadPool]: Acquiring new postgres connection 'list_dbt_project'
[0m14:47:49.308741 [debug] [ThreadPool]: Using postgres connection "list_dbt_project"
[0m14:47:49.309741 [debug] [ThreadPool]: On list_dbt_project: /* {"app": "dbt", "dbt_version": "1.10.8", "profile_name": "dbt_project", "target_name": "dev", "connection_name": "list_dbt_project"} */

    select distinct nspname from pg_namespace
  
[0m14:47:49.309741 [debug] [ThreadPool]: Opening a new connection, currently in state init
[0m14:47:49.351750 [debug] [ThreadPool]: SQL status: SELECT 4 in 0.042 seconds
[0m14:47:49.353754 [debug] [ThreadPool]: On list_dbt_project: Close
[0m14:47:49.355752 [debug] [ThreadPool]: Acquiring new postgres connection 'list_dbt_project_public'
[0m14:47:49.361755 [debug] [ThreadPool]: Using postgres connection "list_dbt_project_public"
[0m14:47:49.362753 [debug] [ThreadPool]: On list_dbt_project_public: BEGIN
[0m14:47:49.363753 [debug] [ThreadPool]: Opening a new connection, currently in state init
[0m14:47:49.395761 [debug] [ThreadPool]: SQL status: BEGIN in 0.032 seconds
[0m14:47:49.396761 [debug] [ThreadPool]: Using postgres connection "list_dbt_project_public"
[0m14:47:49.397761 [debug] [ThreadPool]: On list_dbt_project_public: /* {"app": "dbt", "dbt_version": "1.10.8", "profile_name": "dbt_project", "target_name": "dev", "connection_name": "list_dbt_project_public"} */
select
      'dbt_project' as database,
      tablename as name,
      schemaname as schema,
      'table' as type
    from pg_tables
    where schemaname ilike 'public'
    union all
    select
      'dbt_project' as database,
      viewname as name,
      schemaname as schema,
      'view' as type
    from pg_views
    where schemaname ilike 'public'
    union all
    select
      'dbt_project' as database,
      matviewname as name,
      schemaname as schema,
      'materialized_view' as type
    from pg_matviews
    where schemaname ilike 'public'
  
[0m14:47:49.411765 [debug] [ThreadPool]: SQL status: SELECT 6 in 0.014 seconds
[0m14:47:49.413766 [debug] [ThreadPool]: On list_dbt_project_public: ROLLBACK
[0m14:47:49.414765 [debug] [ThreadPool]: On list_dbt_project_public: Close
[0m14:47:49.419768 [debug] [MainThread]: Using postgres connection "master"
[0m14:47:49.420767 [debug] [MainThread]: On master: BEGIN
[0m14:47:49.420767 [debug] [MainThread]: Opening a new connection, currently in state init
[0m14:47:49.561954 [debug] [MainThread]: SQL status: BEGIN in 0.140 seconds
[0m14:47:49.561954 [debug] [MainThread]: Using postgres connection "master"
[0m14:47:49.562954 [debug] [MainThread]: On master: /* {"app": "dbt", "dbt_version": "1.10.8", "profile_name": "dbt_project", "target_name": "dev", "connection_name": "master"} */
with relation as (
        select
            pg_rewrite.ev_class as class,
            pg_rewrite.oid as id
        from pg_rewrite
    ),
    class as (
        select
            oid as id,
            relname as name,
            relnamespace as schema,
            relkind as kind
        from pg_class
    ),
    dependency as (
        select distinct
            pg_depend.objid as id,
            pg_depend.refobjid as ref
        from pg_depend
    ),
    schema as (
        select
            pg_namespace.oid as id,
            pg_namespace.nspname as name
        from pg_namespace
        where nspname != 'information_schema' and nspname not like 'pg\_%'
    ),
    referenced as (
        select
            relation.id AS id,
            referenced_class.name ,
            referenced_class.schema ,
            referenced_class.kind
        from relation
        join class as referenced_class on relation.class=referenced_class.id
        where referenced_class.kind in ('r', 'v', 'm')
    ),
    relationships as (
        select
            referenced.name as referenced_name,
            referenced.schema as referenced_schema_id,
            dependent_class.name as dependent_name,
            dependent_class.schema as dependent_schema_id,
            referenced.kind as kind
        from referenced
        join dependency on referenced.id=dependency.id
        join class as dependent_class on dependency.ref=dependent_class.id
        where
            (referenced.name != dependent_class.name or
             referenced.schema != dependent_class.schema)
    )

    select
        referenced_schema.name as referenced_schema,
        relationships.referenced_name as referenced_name,
        dependent_schema.name as dependent_schema,
        relationships.dependent_name as dependent_name
    from relationships
    join schema as dependent_schema on relationships.dependent_schema_id=dependent_schema.id
    join schema as referenced_schema on relationships.referenced_schema_id=referenced_schema.id
    group by referenced_schema, referenced_name, dependent_schema, dependent_name
    order by referenced_schema, referenced_name, dependent_schema, dependent_name;
[0m14:47:49.583958 [debug] [MainThread]: SQL status: SELECT 2 in 0.020 seconds
[0m14:47:49.585960 [debug] [MainThread]: Sending event: {'category': 'dbt', 'action': 'runnable_timing', 'label': 'cc82f3b0-d0fe-4626-b50c-1f99b29a496f', 'context': [<snowplow_tracker.self_describing_json.SelfDescribingJson object at 0x000001952214DED0>]}
[0m14:47:49.586960 [debug] [MainThread]: On master: ROLLBACK
[0m14:47:49.587959 [debug] [MainThread]: Using postgres connection "master"
[0m14:47:49.587959 [debug] [MainThread]: On master: BEGIN
[0m14:47:49.588960 [debug] [MainThread]: SQL status: BEGIN in 0.000 seconds
[0m14:47:49.589960 [debug] [MainThread]: On master: COMMIT
[0m14:47:49.590960 [debug] [MainThread]: Using postgres connection "master"
[0m14:47:49.590960 [debug] [MainThread]: On master: COMMIT
[0m14:47:49.591960 [debug] [MainThread]: SQL status: COMMIT in 0.000 seconds
[0m14:47:49.591960 [debug] [MainThread]: On master: Close
[0m14:47:49.598962 [debug] [Thread-1 (]: Began running node model.dbt_project.brnz_customers
[0m14:47:49.599963 [debug] [Thread-2 (]: Began running node model.dbt_project.brnz_orders
[0m14:47:49.599963 [info ] [Thread-1 (]: 1 of 5 START sql table model public.brnz_customers ............................. [RUN]
[0m14:47:49.601963 [info ] [Thread-2 (]: 2 of 5 START sql table model public.brnz_orders ................................ [RUN]
[0m14:47:49.602964 [debug] [Thread-1 (]: Acquiring new postgres connection 'model.dbt_project.brnz_customers'
[0m14:47:49.603963 [debug] [Thread-2 (]: Acquiring new postgres connection 'model.dbt_project.brnz_orders'
[0m14:47:49.603963 [debug] [Thread-1 (]: Began compiling node model.dbt_project.brnz_customers
[0m14:47:49.604963 [debug] [Thread-2 (]: Began compiling node model.dbt_project.brnz_orders
[0m14:47:49.611966 [debug] [Thread-1 (]: Writing injected SQL for node "model.dbt_project.brnz_customers"
[0m14:47:49.615967 [debug] [Thread-2 (]: Writing injected SQL for node "model.dbt_project.brnz_orders"
[0m14:47:49.618967 [debug] [Thread-1 (]: Began executing node model.dbt_project.brnz_customers
[0m14:47:49.619968 [debug] [Thread-2 (]: Began executing node model.dbt_project.brnz_orders
[0m14:47:49.656975 [debug] [Thread-1 (]: Writing runtime sql for node "model.dbt_project.brnz_customers"
[0m14:47:49.660976 [debug] [Thread-2 (]: Writing runtime sql for node "model.dbt_project.brnz_orders"
[0m14:47:49.663978 [debug] [Thread-2 (]: Using postgres connection "model.dbt_project.brnz_orders"
[0m14:47:49.663978 [debug] [Thread-1 (]: Using postgres connection "model.dbt_project.brnz_customers"
[0m14:47:49.664978 [debug] [Thread-2 (]: On model.dbt_project.brnz_orders: BEGIN
[0m14:47:49.665977 [debug] [Thread-1 (]: On model.dbt_project.brnz_customers: BEGIN
[0m14:47:49.665977 [debug] [Thread-2 (]: Opening a new connection, currently in state init
[0m14:47:49.666979 [debug] [Thread-1 (]: Opening a new connection, currently in state init
[0m14:47:49.701985 [debug] [Thread-2 (]: SQL status: BEGIN in 0.036 seconds
[0m14:47:49.702986 [debug] [Thread-2 (]: Using postgres connection "model.dbt_project.brnz_orders"
[0m14:47:49.703986 [debug] [Thread-2 (]: On model.dbt_project.brnz_orders: /* {"app": "dbt", "dbt_version": "1.10.8", "profile_name": "dbt_project", "target_name": "dev", "node_id": "model.dbt_project.brnz_orders"} */

  
    

  create  table "dbt_project".public.brnz_orders__dbt_tmp
  
  
    as
  
  (
    

SELECT
    order_id,
    customer_id,
    order_date,
    amount,
    status,
    CURRENT_TIMESTAMP AS loaded_at
FROM "dbt_project"."public"."orders"
WHERE 
    order_id IS NOT NULL
    AND customer_id IS NOT NULL
  );
  
[0m14:47:49.760999 [debug] [Thread-2 (]: SQL status: SELECT 5 in 0.056 seconds
[0m14:47:49.771003 [debug] [Thread-2 (]: Using postgres connection "model.dbt_project.brnz_orders"
[0m14:47:49.772009 [debug] [Thread-2 (]: On model.dbt_project.brnz_orders: /* {"app": "dbt", "dbt_version": "1.10.8", "profile_name": "dbt_project", "target_name": "dev", "node_id": "model.dbt_project.brnz_orders"} */
alter table "dbt_project".public.brnz_orders__dbt_tmp rename to brnz_orders
[0m14:47:49.774003 [debug] [Thread-2 (]: SQL status: ALTER TABLE in 0.001 seconds
[0m14:47:49.788008 [debug] [Thread-2 (]: On model.dbt_project.brnz_orders: COMMIT
[0m14:47:49.789006 [debug] [Thread-2 (]: Using postgres connection "model.dbt_project.brnz_orders"
[0m14:47:49.790005 [debug] [Thread-2 (]: On model.dbt_project.brnz_orders: COMMIT
[0m14:47:49.792006 [debug] [Thread-2 (]: SQL status: COMMIT in 0.001 seconds
[0m14:47:49.801008 [debug] [Thread-2 (]: Applying DROP to: "dbt_project".public.brnz_orders__dbt_backup
[0m14:47:49.806009 [debug] [Thread-2 (]: Using postgres connection "model.dbt_project.brnz_orders"
[0m14:47:49.808009 [debug] [Thread-2 (]: On model.dbt_project.brnz_orders: /* {"app": "dbt", "dbt_version": "1.10.8", "profile_name": "dbt_project", "target_name": "dev", "node_id": "model.dbt_project.brnz_orders"} */
drop table if exists "dbt_project".public.brnz_orders__dbt_backup cascade
[0m14:47:49.809009 [debug] [Thread-2 (]: SQL status: DROP TABLE in 0.001 seconds
[0m14:47:49.812010 [debug] [Thread-2 (]: On model.dbt_project.brnz_orders: Close
[0m14:47:49.814010 [debug] [Thread-1 (]: SQL status: BEGIN in 0.147 seconds
[0m14:47:49.815011 [debug] [Thread-1 (]: Using postgres connection "model.dbt_project.brnz_customers"
[0m14:47:49.816014 [debug] [Thread-1 (]: On model.dbt_project.brnz_customers: /* {"app": "dbt", "dbt_version": "1.10.8", "profile_name": "dbt_project", "target_name": "dev", "node_id": "model.dbt_project.brnz_customers"} */

  
    

  create  table "dbt_project".public.brnz_customers__dbt_tmp
  
  
    as
  
  (
    

SELECT
    customer_id,
    customer_name,
    email,
    phone,
    country,
    CURRENT_TIMESTAMP AS loaded_at
FROM "dbt_project"."public"."customers"
WHERE customer_id IS NOT NULL
  );
  
[0m14:47:49.817012 [debug] [Thread-2 (]: Sending event: {'category': 'dbt', 'action': 'run_model', 'label': 'cc82f3b0-d0fe-4626-b50c-1f99b29a496f', 'context': [<snowplow_tracker.self_describing_json.SelfDescribingJson object at 0x0000019521CD2250>]}
[0m14:47:49.818012 [info ] [Thread-2 (]: 2 of 5 OK created sql table model public.brnz_orders ........................... [[32mSELECT 5[0m in 0.21s]
[0m14:47:49.819013 [debug] [Thread-2 (]: Finished running node model.dbt_project.brnz_orders
[0m14:47:49.820012 [debug] [Thread-4 (]: Began running node model.dbt_project.stg_orders
[0m14:47:49.821013 [info ] [Thread-4 (]: 3 of 5 START sql view model public.stg_orders .................................. [RUN]
[0m14:47:49.822013 [debug] [Thread-4 (]: Acquiring new postgres connection 'model.dbt_project.stg_orders'
[0m14:47:49.822013 [debug] [Thread-4 (]: Began compiling node model.dbt_project.stg_orders
[0m14:47:49.826014 [debug] [Thread-4 (]: Writing injected SQL for node "model.dbt_project.stg_orders"
[0m14:47:49.828015 [debug] [Thread-4 (]: Began executing node model.dbt_project.stg_orders
[0m14:47:49.846017 [debug] [Thread-4 (]: Writing runtime sql for node "model.dbt_project.stg_orders"
[0m14:47:49.847018 [debug] [Thread-1 (]: SQL status: SELECT 10 in 0.030 seconds
[0m14:47:49.851019 [debug] [Thread-1 (]: Using postgres connection "model.dbt_project.brnz_customers"
[0m14:47:49.852019 [debug] [Thread-1 (]: On model.dbt_project.brnz_customers: /* {"app": "dbt", "dbt_version": "1.10.8", "profile_name": "dbt_project", "target_name": "dev", "node_id": "model.dbt_project.brnz_customers"} */
alter table "dbt_project".public.brnz_customers__dbt_tmp rename to brnz_customers
[0m14:47:49.853019 [debug] [Thread-4 (]: Using postgres connection "model.dbt_project.stg_orders"
[0m14:47:49.853019 [debug] [Thread-1 (]: SQL status: ALTER TABLE in 0.001 seconds
[0m14:47:49.854021 [debug] [Thread-4 (]: On model.dbt_project.stg_orders: BEGIN
[0m14:47:49.856022 [debug] [Thread-1 (]: On model.dbt_project.brnz_customers: COMMIT
[0m14:47:49.857021 [debug] [Thread-4 (]: Opening a new connection, currently in state init
[0m14:47:49.858021 [debug] [Thread-1 (]: Using postgres connection "model.dbt_project.brnz_customers"
[0m14:47:49.859023 [debug] [Thread-1 (]: On model.dbt_project.brnz_customers: COMMIT
[0m14:47:49.861021 [debug] [Thread-1 (]: SQL status: COMMIT in 0.001 seconds
[0m14:47:49.864023 [debug] [Thread-1 (]: Applying DROP to: "dbt_project".public.brnz_customers__dbt_backup
[0m14:47:49.865022 [debug] [Thread-1 (]: Using postgres connection "model.dbt_project.brnz_customers"
[0m14:47:49.866022 [debug] [Thread-1 (]: On model.dbt_project.brnz_customers: /* {"app": "dbt", "dbt_version": "1.10.8", "profile_name": "dbt_project", "target_name": "dev", "node_id": "model.dbt_project.brnz_customers"} */
drop table if exists "dbt_project".public.brnz_customers__dbt_backup cascade
[0m14:47:49.868023 [debug] [Thread-1 (]: SQL status: DROP TABLE in 0.000 seconds
[0m14:47:49.870024 [debug] [Thread-1 (]: On model.dbt_project.brnz_customers: Close
[0m14:47:49.871022 [debug] [Thread-1 (]: Sending event: {'category': 'dbt', 'action': 'run_model', 'label': 'cc82f3b0-d0fe-4626-b50c-1f99b29a496f', 'context': [<snowplow_tracker.self_describing_json.SelfDescribingJson object at 0x00000195225DB510>]}
[0m14:47:49.872024 [info ] [Thread-1 (]: 1 of 5 OK created sql table model public.brnz_customers ........................ [[32mSELECT 10[0m in 0.27s]
[0m14:47:49.873025 [debug] [Thread-1 (]: Finished running node model.dbt_project.brnz_customers
[0m14:47:49.874025 [debug] [Thread-2 (]: Began running node model.dbt_project.stg_customers
[0m14:47:49.875025 [info ] [Thread-2 (]: 4 of 5 START sql view model public.stg_customers ............................... [RUN]
[0m14:47:49.877026 [debug] [Thread-2 (]: Re-using an available connection from the pool (formerly model.dbt_project.brnz_orders, now model.dbt_project.stg_customers)
[0m14:47:49.878025 [debug] [Thread-2 (]: Began compiling node model.dbt_project.stg_customers
[0m14:47:49.883026 [debug] [Thread-2 (]: Writing injected SQL for node "model.dbt_project.stg_customers"
[0m14:47:49.885028 [debug] [Thread-2 (]: Began executing node model.dbt_project.stg_customers
[0m14:47:49.890027 [debug] [Thread-2 (]: Writing runtime sql for node "model.dbt_project.stg_customers"
[0m14:47:49.891027 [debug] [Thread-2 (]: Using postgres connection "model.dbt_project.stg_customers"
[0m14:47:49.892028 [debug] [Thread-2 (]: On model.dbt_project.stg_customers: BEGIN
[0m14:47:49.893029 [debug] [Thread-2 (]: Opening a new connection, currently in state closed
[0m14:47:49.895029 [debug] [Thread-4 (]: SQL status: BEGIN in 0.038 seconds
[0m14:47:49.896030 [debug] [Thread-4 (]: Using postgres connection "model.dbt_project.stg_orders"
[0m14:47:49.897030 [debug] [Thread-4 (]: On model.dbt_project.stg_orders: /* {"app": "dbt", "dbt_version": "1.10.8", "profile_name": "dbt_project", "target_name": "dev", "node_id": "model.dbt_project.stg_orders"} */

  create view "dbt_project".public.stg_orders__dbt_tmp
    
    
  as (
    

SELECT
    order_id,
    customer_id,
    CASE 
        WHEN order_date IS NULL THEN NULL
        ELSE CAST(order_date AS DATE)
    END AS order_date,
    CASE 
        WHEN amount IS NULL OR amount <= 0 THEN NULL
        ELSE CAST(amount AS DECIMAL(10, 2))
    END AS amount,
    LOWER(TRIM(status)) AS status,
    loaded_at,
    CURRENT_TIMESTAMP AS transformed_at
FROM "dbt_project".public.brnz_orders
WHERE 
    order_id IS NOT NULL
    AND customer_id IS NOT NULL
    AND order_date IS NOT NULL
  );
[0m14:47:49.921036 [debug] [Thread-4 (]: SQL status: CREATE VIEW in 0.023 seconds
[0m14:47:49.925036 [debug] [Thread-4 (]: Using postgres connection "model.dbt_project.stg_orders"
[0m14:47:49.926035 [debug] [Thread-4 (]: On model.dbt_project.stg_orders: /* {"app": "dbt", "dbt_version": "1.10.8", "profile_name": "dbt_project", "target_name": "dev", "node_id": "model.dbt_project.stg_orders"} */
alter table "dbt_project"."public"."stg_orders" rename to stg_orders__dbt_backup
[0m14:47:49.928037 [debug] [Thread-4 (]: SQL status: ALTER TABLE in 0.001 seconds
[0m14:47:49.931037 [debug] [Thread-4 (]: Using postgres connection "model.dbt_project.stg_orders"
[0m14:47:49.932038 [debug] [Thread-2 (]: SQL status: BEGIN in 0.038 seconds
[0m14:47:49.932038 [debug] [Thread-4 (]: On model.dbt_project.stg_orders: /* {"app": "dbt", "dbt_version": "1.10.8", "profile_name": "dbt_project", "target_name": "dev", "node_id": "model.dbt_project.stg_orders"} */
alter table "dbt_project".public.stg_orders__dbt_tmp rename to stg_orders
[0m14:47:49.933037 [debug] [Thread-2 (]: Using postgres connection "model.dbt_project.stg_customers"
[0m14:47:49.934037 [debug] [Thread-2 (]: On model.dbt_project.stg_customers: /* {"app": "dbt", "dbt_version": "1.10.8", "profile_name": "dbt_project", "target_name": "dev", "node_id": "model.dbt_project.stg_customers"} */

  create view "dbt_project".public.stg_customers__dbt_tmp
    
    
  as (
    

SELECT
    customer_id,
    customer_name,
    email,
    phone,
    country,
    loaded_at,
    CURRENT_TIMESTAMP AS transformed_at
FROM "dbt_project".public.brnz_customers
WHERE customer_id IS NOT NULL
  );
[0m14:47:49.934037 [debug] [Thread-4 (]: SQL status: ALTER TABLE in 0.001 seconds
[0m14:47:49.939039 [debug] [Thread-4 (]: On model.dbt_project.stg_orders: COMMIT
[0m14:47:49.939039 [debug] [Thread-2 (]: SQL status: CREATE VIEW in 0.005 seconds
[0m14:47:49.940039 [debug] [Thread-4 (]: Using postgres connection "model.dbt_project.stg_orders"
[0m14:47:49.943039 [debug] [Thread-2 (]: Using postgres connection "model.dbt_project.stg_customers"
[0m14:47:49.944043 [debug] [Thread-4 (]: On model.dbt_project.stg_orders: COMMIT
[0m14:47:49.945040 [debug] [Thread-2 (]: On model.dbt_project.stg_customers: /* {"app": "dbt", "dbt_version": "1.10.8", "profile_name": "dbt_project", "target_name": "dev", "node_id": "model.dbt_project.stg_customers"} */
alter table "dbt_project"."public"."stg_customers" rename to stg_customers__dbt_backup
[0m14:47:49.946042 [debug] [Thread-2 (]: SQL status: ALTER TABLE in 0.000 seconds
[0m14:47:49.947041 [debug] [Thread-4 (]: SQL status: COMMIT in 0.001 seconds
[0m14:47:49.951041 [debug] [Thread-2 (]: Using postgres connection "model.dbt_project.stg_customers"
[0m14:47:49.954042 [debug] [Thread-4 (]: Applying DROP to: "dbt_project".public.stg_orders__dbt_backup
[0m14:47:49.955043 [debug] [Thread-2 (]: On model.dbt_project.stg_customers: /* {"app": "dbt", "dbt_version": "1.10.8", "profile_name": "dbt_project", "target_name": "dev", "node_id": "model.dbt_project.stg_customers"} */
alter table "dbt_project".public.stg_customers__dbt_tmp rename to stg_customers
[0m14:47:49.958044 [debug] [Thread-4 (]: Using postgres connection "model.dbt_project.stg_orders"
[0m14:47:49.959044 [debug] [Thread-2 (]: SQL status: ALTER TABLE in 0.000 seconds
[0m14:47:49.960043 [debug] [Thread-4 (]: On model.dbt_project.stg_orders: /* {"app": "dbt", "dbt_version": "1.10.8", "profile_name": "dbt_project", "target_name": "dev", "node_id": "model.dbt_project.stg_orders"} */
drop view if exists "dbt_project".public.stg_orders__dbt_backup cascade
[0m14:47:49.962044 [debug] [Thread-2 (]: On model.dbt_project.stg_customers: COMMIT
[0m14:47:49.963045 [debug] [Thread-2 (]: Using postgres connection "model.dbt_project.stg_customers"
[0m14:47:49.964044 [debug] [Thread-2 (]: On model.dbt_project.stg_customers: COMMIT
[0m14:47:49.965045 [debug] [Thread-2 (]: SQL status: COMMIT in 0.001 seconds
[0m14:47:49.968045 [debug] [Thread-2 (]: Applying DROP to: "dbt_project".public.stg_customers__dbt_backup
[0m14:47:49.968045 [debug] [Thread-4 (]: SQL status: DROP VIEW in 0.005 seconds
[0m14:47:49.970048 [debug] [Thread-2 (]: Using postgres connection "model.dbt_project.stg_customers"
[0m14:47:49.972047 [debug] [Thread-4 (]: On model.dbt_project.stg_orders: Close
[0m14:47:49.972047 [debug] [Thread-2 (]: On model.dbt_project.stg_customers: /* {"app": "dbt", "dbt_version": "1.10.8", "profile_name": "dbt_project", "target_name": "dev", "node_id": "model.dbt_project.stg_customers"} */
drop view if exists "dbt_project".public.stg_customers__dbt_backup cascade
[0m14:47:49.973047 [debug] [Thread-4 (]: Sending event: {'category': 'dbt', 'action': 'run_model', 'label': 'cc82f3b0-d0fe-4626-b50c-1f99b29a496f', 'context': [<snowplow_tracker.self_describing_json.SelfDescribingJson object at 0x0000019522AC5410>]}
[0m14:47:49.975047 [debug] [Thread-2 (]: SQL status: DROP VIEW in 0.002 seconds
[0m14:47:49.975047 [info ] [Thread-4 (]: 3 of 5 OK created sql view model public.stg_orders ............................. [[32mCREATE VIEW[0m in 0.15s]
[0m14:47:49.977049 [debug] [Thread-2 (]: On model.dbt_project.stg_customers: Close
[0m14:47:49.978048 [debug] [Thread-4 (]: Finished running node model.dbt_project.stg_orders
[0m14:47:49.979049 [debug] [Thread-2 (]: Sending event: {'category': 'dbt', 'action': 'run_model', 'label': 'cc82f3b0-d0fe-4626-b50c-1f99b29a496f', 'context': [<snowplow_tracker.self_describing_json.SelfDescribingJson object at 0x0000019522AAFB10>]}
[0m14:47:49.980049 [info ] [Thread-2 (]: 4 of 5 OK created sql view model public.stg_customers .......................... [[32mCREATE VIEW[0m in 0.10s]
[0m14:47:49.982048 [debug] [Thread-2 (]: Finished running node model.dbt_project.stg_customers
[0m14:47:49.983049 [debug] [Thread-1 (]: Began running node model.dbt_project.customer_metrics
[0m14:47:49.984050 [info ] [Thread-1 (]: 5 of 5 START sql table model public.customer_metrics ........................... [RUN]
[0m14:47:49.985050 [debug] [Thread-1 (]: Re-using an available connection from the pool (formerly model.dbt_project.brnz_customers, now model.dbt_project.customer_metrics)
[0m14:47:49.985050 [debug] [Thread-1 (]: Began compiling node model.dbt_project.customer_metrics
[0m14:47:49.989050 [debug] [Thread-1 (]: Writing injected SQL for node "model.dbt_project.customer_metrics"
[0m14:47:49.991051 [debug] [Thread-1 (]: Began executing node model.dbt_project.customer_metrics
[0m14:47:49.996051 [debug] [Thread-1 (]: Writing runtime sql for node "model.dbt_project.customer_metrics"
[0m14:47:49.997051 [debug] [Thread-1 (]: Using postgres connection "model.dbt_project.customer_metrics"
[0m14:47:49.998052 [debug] [Thread-1 (]: On model.dbt_project.customer_metrics: BEGIN
[0m14:47:49.999053 [debug] [Thread-1 (]: Opening a new connection, currently in state closed
[0m14:47:50.034060 [debug] [Thread-1 (]: SQL status: BEGIN in 0.035 seconds
[0m14:47:50.035060 [debug] [Thread-1 (]: Using postgres connection "model.dbt_project.customer_metrics"
[0m14:47:50.035060 [debug] [Thread-1 (]: On model.dbt_project.customer_metrics: /* {"app": "dbt", "dbt_version": "1.10.8", "profile_name": "dbt_project", "target_name": "dev", "node_id": "model.dbt_project.customer_metrics"} */

  
    

  create  table "dbt_project".public.customer_metrics__dbt_tmp
  
  
    as
  
  (
    

WITH customer_metrics AS (
    SELECT
        c.customer_id,
        c.customer_name,
        c.email,
        c.country,
        COUNT(DISTINCT o.order_id) AS total_orders,
        COUNT(DISTINCT CASE WHEN o.status = 'completed' THEN o.order_id END) AS completed_orders,
        COUNT(DISTINCT CASE WHEN o.status = 'pending' THEN o.order_id END) AS pending_orders,
        COALESCE(SUM(CASE WHEN o.status = 'completed' THEN o.amount END), 0) AS total_revenue,
        ROUND(AVG(CASE WHEN o.status = 'completed' THEN o.amount END), 2) AS avg_order_value,
        MAX(o.order_date) AS last_order_date,
        MIN(o.order_date) AS first_order_date
    FROM "dbt_project".public.stg_customers c
    LEFT JOIN "dbt_project".public.stg_orders o ON c.customer_id = o.customer_id
    GROUP BY c.customer_id, c.customer_name, c.email, c.country
)

SELECT
    customer_id,
    customer_name,
    email,
    country,
    total_orders,
    completed_orders,
    pending_orders,
    total_revenue,
    avg_order_value,
    last_order_date,
    first_order_date,
    (last_order_date - first_order_date) AS days_as_customer,
    -- Customer Lifetime Value: Total revenue / Days as customer (daily rate)
    CASE 
        WHEN (last_order_date - first_order_date) > 0 
        THEN ROUND(total_revenue / (last_order_date - first_order_date)::NUMERIC, 2)
        ELSE total_revenue
    END AS customer_lifetime_value,
    -- Customer Segmentation: Categorize by revenue
    CASE 
        WHEN total_revenue >= 500 THEN 'High-Value'
        WHEN total_revenue >= 200 THEN 'Medium-Value'
        ELSE 'Low-Value'
    END AS customer_segment,
    -- Repeat Customer Flag: True if customer has more than 1 order
    CASE 
        WHEN total_orders > 1 THEN TRUE
        ELSE FALSE
    END AS is_repeat_customer,
    -- Order Recency: Days since last order
    CASE 
        WHEN last_order_date IS NOT NULL 
        THEN (CURRENT_DATE - last_order_date)
        ELSE NULL
    END AS days_since_last_order,
    -- Completion Rate: Percentage of orders completed
    CASE 
        WHEN total_orders > 0 
        THEN ROUND((completed_orders::NUMERIC / total_orders) * 100, 2)
        ELSE 0
    END AS order_completion_rate,
    -- Order Frequency: Average days between orders
    CASE 
        WHEN (last_order_date - first_order_date) > 0 AND total_orders > 1
        THEN ROUND((last_order_date - first_order_date)::NUMERIC / (total_orders - 1), 0)
        ELSE NULL
    END AS avg_days_between_orders,
    CURRENT_TIMESTAMP AS updated_at
FROM customer_metrics
ORDER BY total_revenue DESC
  );
  
[0m14:47:50.059066 [debug] [Thread-1 (]: SQL status: SELECT 10 in 0.023 seconds
[0m14:47:50.063066 [debug] [Thread-1 (]: Using postgres connection "model.dbt_project.customer_metrics"
[0m14:47:50.064067 [debug] [Thread-1 (]: On model.dbt_project.customer_metrics: /* {"app": "dbt", "dbt_version": "1.10.8", "profile_name": "dbt_project", "target_name": "dev", "node_id": "model.dbt_project.customer_metrics"} */
alter table "dbt_project"."public"."customer_metrics" rename to customer_metrics__dbt_backup
[0m14:47:50.065068 [debug] [Thread-1 (]: SQL status: ALTER TABLE in 0.001 seconds
[0m14:47:50.068068 [debug] [Thread-1 (]: Using postgres connection "model.dbt_project.customer_metrics"
[0m14:47:50.069070 [debug] [Thread-1 (]: On model.dbt_project.customer_metrics: /* {"app": "dbt", "dbt_version": "1.10.8", "profile_name": "dbt_project", "target_name": "dev", "node_id": "model.dbt_project.customer_metrics"} */
alter table "dbt_project".public.customer_metrics__dbt_tmp rename to customer_metrics
[0m14:47:50.070068 [debug] [Thread-1 (]: SQL status: ALTER TABLE in 0.000 seconds
[0m14:47:50.073070 [debug] [Thread-1 (]: On model.dbt_project.customer_metrics: COMMIT
[0m14:47:50.074070 [debug] [Thread-1 (]: Using postgres connection "model.dbt_project.customer_metrics"
[0m14:47:50.074070 [debug] [Thread-1 (]: On model.dbt_project.customer_metrics: COMMIT
[0m14:47:50.076070 [debug] [Thread-1 (]: SQL status: COMMIT in 0.001 seconds
[0m14:47:50.079071 [debug] [Thread-1 (]: Applying DROP to: "dbt_project".public.customer_metrics__dbt_backup
[0m14:47:50.081072 [debug] [Thread-1 (]: Using postgres connection "model.dbt_project.customer_metrics"
[0m14:47:50.081072 [debug] [Thread-1 (]: On model.dbt_project.customer_metrics: /* {"app": "dbt", "dbt_version": "1.10.8", "profile_name": "dbt_project", "target_name": "dev", "node_id": "model.dbt_project.customer_metrics"} */
drop table if exists "dbt_project".public.customer_metrics__dbt_backup cascade
[0m14:47:50.086071 [debug] [Thread-1 (]: SQL status: DROP TABLE in 0.004 seconds
[0m14:47:50.088074 [debug] [Thread-1 (]: On model.dbt_project.customer_metrics: Close
[0m14:47:50.089075 [debug] [Thread-1 (]: Sending event: {'category': 'dbt', 'action': 'run_model', 'label': 'cc82f3b0-d0fe-4626-b50c-1f99b29a496f', 'context': [<snowplow_tracker.self_describing_json.SelfDescribingJson object at 0x0000019522ACD110>]}
[0m14:47:50.090073 [info ] [Thread-1 (]: 5 of 5 OK created sql table model public.customer_metrics ...................... [[32mSELECT 10[0m in 0.10s]
[0m14:47:50.091073 [debug] [Thread-1 (]: Finished running node model.dbt_project.customer_metrics
[0m14:47:50.093075 [debug] [MainThread]: Using postgres connection "master"
[0m14:47:50.093075 [debug] [MainThread]: On master: BEGIN
[0m14:47:50.094076 [debug] [MainThread]: Opening a new connection, currently in state closed
[0m14:47:50.127082 [debug] [MainThread]: SQL status: BEGIN in 0.033 seconds
[0m14:47:50.128083 [debug] [MainThread]: On master: COMMIT
[0m14:47:50.128083 [debug] [MainThread]: Using postgres connection "master"
[0m14:47:50.129082 [debug] [MainThread]: On master: COMMIT
[0m14:47:50.130083 [debug] [MainThread]: SQL status: COMMIT in 0.000 seconds
[0m14:47:50.130083 [debug] [MainThread]: On master: Close
[0m14:47:50.131083 [debug] [MainThread]: Connection 'master' was properly closed.
[0m14:47:50.132082 [debug] [MainThread]: Connection 'list_dbt_project' was properly closed.
[0m14:47:50.132082 [debug] [MainThread]: Connection 'list_dbt_project_public' was properly closed.
[0m14:47:50.133083 [debug] [MainThread]: Connection 'model.dbt_project.customer_metrics' was properly closed.
[0m14:47:50.134083 [debug] [MainThread]: Connection 'model.dbt_project.stg_customers' was properly closed.
[0m14:47:50.134083 [debug] [MainThread]: Connection 'model.dbt_project.stg_orders' was properly closed.
[0m14:47:50.135084 [info ] [MainThread]: 
[0m14:47:50.136084 [info ] [MainThread]: Finished running 3 table models, 2 view models in 0 hours 0 minutes and 2.62 seconds (2.62s).
[0m14:47:50.138084 [debug] [MainThread]: Command end result
[0m14:47:50.168090 [debug] [MainThread]: Wrote artifact WritableManifest to C:\Users\arpit\Jupyter Notebook\CI CD Pipeline project\target\manifest.json
[0m14:47:50.172092 [debug] [MainThread]: Wrote artifact SemanticManifest to C:\Users\arpit\Jupyter Notebook\CI CD Pipeline project\target\semantic_manifest.json
[0m14:47:50.179093 [debug] [MainThread]: Wrote artifact RunExecutionResult to C:\Users\arpit\Jupyter Notebook\CI CD Pipeline project\target\run_results.json
[0m14:47:50.180093 [info ] [MainThread]: 
[0m14:47:50.180093 [info ] [MainThread]: [32mCompleted successfully[0m
[0m14:47:50.181093 [info ] [MainThread]: 
[0m14:47:50.182094 [info ] [MainThread]: Done. PASS=5 WARN=0 ERROR=0 SKIP=0 NO-OP=0 TOTAL=5
[0m14:47:50.184095 [debug] [MainThread]: Command `dbt run` succeeded at 14:47:50.183094 after 3.88 seconds
[0m14:47:50.184095 [debug] [MainThread]: Sending event: {'category': 'dbt', 'action': 'invocation', 'label': 'end', 'context': [<snowplow_tracker.self_describing_json.SelfDescribingJson object at 0x0000019521B73F90>, <snowplow_tracker.self_describing_json.SelfDescribingJson object at 0x0000019521B44750>, <snowplow_tracker.self_describing_json.SelfDescribingJson object at 0x0000019522AF3BD0>]}
[0m14:47:50.185096 [debug] [MainThread]: Flushing usage events
[0m14:47:50.799532 [debug] [MainThread]: An error was encountered while trying to flush usage events
[0m14:48:07.592397 [debug] [MainThread]: Sending event: {'category': 'dbt', 'action': 'invocation', 'label': 'start', 'context': [<snowplow_tracker.self_describing_json.SelfDescribingJson object at 0x00000293ADF4CB90>, <snowplow_tracker.self_describing_json.SelfDescribingJson object at 0x00000293ADF4CE10>, <snowplow_tracker.self_describing_json.SelfDescribingJson object at 0x00000293ADF4C550>]}


============================== 14:48:07.597396 | 6ef9dbf8-5641-441d-aabe-65b17b679c5d ==============================
[0m14:48:07.597396 [info ] [MainThread]: Running with dbt=1.10.8
[0m14:48:07.598397 [debug] [MainThread]: running dbt with arguments {'printer_width': '80', 'indirect_selection': 'eager', 'log_cache_events': 'False', 'write_json': 'True', 'partial_parse': 'True', 'cache_selected_only': 'False', 'profiles_dir': 'C:\\Users\\arpit\\.dbt', 'debug': 'False', 'fail_fast': 'False', 'log_path': 'C:\\Users\\arpit\\Jupyter Notebook\\CI CD Pipeline project\\logs', 'version_check': 'True', 'warn_error': 'None', 'use_colors': 'True', 'use_experimental_parser': 'False', 'empty': 'None', 'quiet': 'False', 'no_print': 'None', 'log_format': 'default', 'static_parser': 'True', 'invocation_command': 'dbt test', 'warn_error_options': 'WarnErrorOptionsV2(error=[], warn=[], silence=[])', 'target_path': 'None', 'introspect': 'True', 'send_anonymous_usage_stats': 'True'}
[0m14:48:07.874459 [debug] [MainThread]: Sending event: {'category': 'dbt', 'action': 'project_id', 'label': '6ef9dbf8-5641-441d-aabe-65b17b679c5d', 'context': [<snowplow_tracker.self_describing_json.SelfDescribingJson object at 0x00000293AD0A0910>]}
[0m14:48:07.954476 [debug] [MainThread]: Sending event: {'category': 'dbt', 'action': 'adapter_info', 'label': '6ef9dbf8-5641-441d-aabe-65b17b679c5d', 'context': [<snowplow_tracker.self_describing_json.SelfDescribingJson object at 0x00000293AA90D710>]}
[0m14:48:07.955477 [info ] [MainThread]: Registered adapter: postgres=1.9.0
[0m14:48:08.307557 [debug] [MainThread]: checksum: 265d66e81f90af29a7a28579c9b54d938c94f4a57c57be5f853267ae509b5fcb, vars: {}, profile: , target: , version: 1.10.8
[0m14:48:08.506604 [debug] [MainThread]: Partial parsing enabled: 0 files deleted, 0 files added, 0 files changed.
[0m14:48:08.507603 [debug] [MainThread]: Partial parsing enabled, no changes found, skipping parsing
[0m14:48:08.513604 [warn ] [MainThread]: [[33mWARNING[0m]: Configuration paths exist in your dbt_project.yml file which do not apply to any resources.
There are 2 unused configuration paths:
- models.dbt_project.staging
- models.dbt_project.marts
[0m14:48:08.568617 [debug] [MainThread]: Sending event: {'category': 'dbt', 'action': 'load_project', 'label': '6ef9dbf8-5641-441d-aabe-65b17b679c5d', 'context': [<snowplow_tracker.self_describing_json.SelfDescribingJson object at 0x00000293AF207E50>]}
[0m14:48:08.671640 [debug] [MainThread]: Wrote artifact WritableManifest to C:\Users\arpit\Jupyter Notebook\CI CD Pipeline project\target\manifest.json
[0m14:48:08.674642 [debug] [MainThread]: Wrote artifact SemanticManifest to C:\Users\arpit\Jupyter Notebook\CI CD Pipeline project\target\semantic_manifest.json
[0m14:48:08.721651 [debug] [MainThread]: Sending event: {'category': 'dbt', 'action': 'resource_counts', 'label': '6ef9dbf8-5641-441d-aabe-65b17b679c5d', 'context': [<snowplow_tracker.self_describing_json.SelfDescribingJson object at 0x00000293AF41BA10>]}
[0m14:48:08.722650 [info ] [MainThread]: Found 5 models, 3 seeds, 26 data tests, 2 sources, 434 macros
[0m14:48:08.722650 [debug] [MainThread]: Sending event: {'category': 'dbt', 'action': 'runnable_timing', 'label': '6ef9dbf8-5641-441d-aabe-65b17b679c5d', 'context': [<snowplow_tracker.self_describing_json.SelfDescribingJson object at 0x00000293ADF40BD0>]}
[0m14:48:08.726651 [info ] [MainThread]: 
[0m14:48:08.726651 [info ] [MainThread]: Concurrency: 4 threads (target='dev')
[0m14:48:08.727651 [info ] [MainThread]: 
[0m14:48:08.728653 [debug] [MainThread]: Acquiring new postgres connection 'master'
[0m14:48:08.788667 [debug] [ThreadPool]: Acquiring new postgres connection 'list_dbt_project_public'
[0m14:48:08.884689 [debug] [ThreadPool]: Using postgres connection "list_dbt_project_public"
[0m14:48:08.884689 [debug] [ThreadPool]: On list_dbt_project_public: BEGIN
[0m14:48:08.885687 [debug] [ThreadPool]: Opening a new connection, currently in state init
[0m14:48:08.921696 [debug] [ThreadPool]: SQL status: BEGIN in 0.036 seconds
[0m14:48:08.921696 [debug] [ThreadPool]: Using postgres connection "list_dbt_project_public"
[0m14:48:08.922695 [debug] [ThreadPool]: On list_dbt_project_public: /* {"app": "dbt", "dbt_version": "1.10.8", "profile_name": "dbt_project", "target_name": "dev", "connection_name": "list_dbt_project_public"} */
select
      'dbt_project' as database,
      tablename as name,
      schemaname as schema,
      'table' as type
    from pg_tables
    where schemaname ilike 'public'
    union all
    select
      'dbt_project' as database,
      viewname as name,
      schemaname as schema,
      'view' as type
    from pg_views
    where schemaname ilike 'public'
    union all
    select
      'dbt_project' as database,
      matviewname as name,
      schemaname as schema,
      'materialized_view' as type
    from pg_matviews
    where schemaname ilike 'public'
  
[0m14:48:08.930699 [debug] [ThreadPool]: SQL status: SELECT 8 in 0.008 seconds
[0m14:48:08.932699 [debug] [ThreadPool]: On list_dbt_project_public: ROLLBACK
[0m14:48:08.933698 [debug] [ThreadPool]: On list_dbt_project_public: Close
[0m14:48:08.939703 [debug] [MainThread]: Using postgres connection "master"
[0m14:48:08.940700 [debug] [MainThread]: On master: BEGIN
[0m14:48:08.941700 [debug] [MainThread]: Opening a new connection, currently in state init
[0m14:48:08.974707 [debug] [MainThread]: SQL status: BEGIN in 0.033 seconds
[0m14:48:08.974707 [debug] [MainThread]: Using postgres connection "master"
[0m14:48:08.975708 [debug] [MainThread]: On master: /* {"app": "dbt", "dbt_version": "1.10.8", "profile_name": "dbt_project", "target_name": "dev", "connection_name": "master"} */
with relation as (
        select
            pg_rewrite.ev_class as class,
            pg_rewrite.oid as id
        from pg_rewrite
    ),
    class as (
        select
            oid as id,
            relname as name,
            relnamespace as schema,
            relkind as kind
        from pg_class
    ),
    dependency as (
        select distinct
            pg_depend.objid as id,
            pg_depend.refobjid as ref
        from pg_depend
    ),
    schema as (
        select
            pg_namespace.oid as id,
            pg_namespace.nspname as name
        from pg_namespace
        where nspname != 'information_schema' and nspname not like 'pg\_%'
    ),
    referenced as (
        select
            relation.id AS id,
            referenced_class.name ,
            referenced_class.schema ,
            referenced_class.kind
        from relation
        join class as referenced_class on relation.class=referenced_class.id
        where referenced_class.kind in ('r', 'v', 'm')
    ),
    relationships as (
        select
            referenced.name as referenced_name,
            referenced.schema as referenced_schema_id,
            dependent_class.name as dependent_name,
            dependent_class.schema as dependent_schema_id,
            referenced.kind as kind
        from referenced
        join dependency on referenced.id=dependency.id
        join class as dependent_class on dependency.ref=dependent_class.id
        where
            (referenced.name != dependent_class.name or
             referenced.schema != dependent_class.schema)
    )

    select
        referenced_schema.name as referenced_schema,
        relationships.referenced_name as referenced_name,
        dependent_schema.name as dependent_schema,
        relationships.dependent_name as dependent_name
    from relationships
    join schema as dependent_schema on relationships.dependent_schema_id=dependent_schema.id
    join schema as referenced_schema on relationships.referenced_schema_id=referenced_schema.id
    group by referenced_schema, referenced_name, dependent_schema, dependent_name
    order by referenced_schema, referenced_name, dependent_schema, dependent_name;
[0m14:48:08.984710 [debug] [MainThread]: SQL status: SELECT 2 in 0.009 seconds
[0m14:48:08.987711 [debug] [MainThread]: Sending event: {'category': 'dbt', 'action': 'runnable_timing', 'label': '6ef9dbf8-5641-441d-aabe-65b17b679c5d', 'context': [<snowplow_tracker.self_describing_json.SelfDescribingJson object at 0x00000293AF7F2C10>]}
[0m14:48:08.987711 [debug] [MainThread]: On master: ROLLBACK
[0m14:48:08.988712 [debug] [MainThread]: Using postgres connection "master"
[0m14:48:08.989711 [debug] [MainThread]: On master: BEGIN
[0m14:48:08.989711 [debug] [MainThread]: SQL status: BEGIN in 0.000 seconds
[0m14:48:08.990712 [debug] [MainThread]: On master: COMMIT
[0m14:48:08.990712 [debug] [MainThread]: Using postgres connection "master"
[0m14:48:08.991712 [debug] [MainThread]: On master: COMMIT
[0m14:48:08.992712 [debug] [MainThread]: SQL status: COMMIT in 0.000 seconds
[0m14:48:08.992712 [debug] [MainThread]: On master: Close
[0m14:48:08.998713 [debug] [Thread-1 (]: Began running node test.dbt_project.accepted_values_customer_metrics_customer_segment__High_Value__Medium_Value__Low_Value.b79332e10e
[0m14:48:08.998713 [debug] [Thread-2 (]: Began running node test.dbt_project.accepted_values_stg_orders_status__completed__pending__cancelled.55410e9790
[0m14:48:08.999714 [debug] [Thread-3 (]: Began running node test.dbt_project.not_null_brnz_customers_customer_id.b4d91ba4e5
[0m14:48:08.999714 [debug] [Thread-4 (]: Began running node test.dbt_project.not_null_brnz_orders_customer_id.a7693da971
[0m14:48:08.999714 [info ] [Thread-1 (]: 1 of 26 START test accepted_values_customer_metrics_customer_segment__High_Value__Medium_Value__Low_Value  [RUN]
[0m14:48:09.000714 [info ] [Thread-2 (]: 2 of 26 START test accepted_values_stg_orders_status__completed__pending__cancelled  [RUN]
[0m14:48:09.001715 [info ] [Thread-3 (]: 3 of 26 START test not_null_brnz_customers_customer_id ......................... [RUN]
[0m14:48:09.002715 [info ] [Thread-4 (]: 4 of 26 START test not_null_brnz_orders_customer_id ............................ [RUN]
[0m14:48:09.003715 [debug] [Thread-1 (]: Acquiring new postgres connection 'test.dbt_project.accepted_values_customer_metrics_customer_segment__High_Value__Medium_Value__Low_Value.b79332e10e'
[0m14:48:09.004714 [debug] [Thread-2 (]: Acquiring new postgres connection 'test.dbt_project.accepted_values_stg_orders_status__completed__pending__cancelled.55410e9790'
[0m14:48:09.005715 [debug] [Thread-3 (]: Acquiring new postgres connection 'test.dbt_project.not_null_brnz_customers_customer_id.b4d91ba4e5'
[0m14:48:09.006714 [debug] [Thread-4 (]: Acquiring new postgres connection 'test.dbt_project.not_null_brnz_orders_customer_id.a7693da971'
[0m14:48:09.006714 [debug] [Thread-1 (]: Began compiling node test.dbt_project.accepted_values_customer_metrics_customer_segment__High_Value__Medium_Value__Low_Value.b79332e10e
[0m14:48:09.007715 [debug] [Thread-2 (]: Began compiling node test.dbt_project.accepted_values_stg_orders_status__completed__pending__cancelled.55410e9790
[0m14:48:09.008716 [debug] [Thread-3 (]: Began compiling node test.dbt_project.not_null_brnz_customers_customer_id.b4d91ba4e5
[0m14:48:09.008716 [debug] [Thread-4 (]: Began compiling node test.dbt_project.not_null_brnz_orders_customer_id.a7693da971
[0m14:48:09.026720 [debug] [Thread-1 (]: Writing injected SQL for node "test.dbt_project.accepted_values_customer_metrics_customer_segment__High_Value__Medium_Value__Low_Value.b79332e10e"
[0m14:48:09.033721 [debug] [Thread-2 (]: Writing injected SQL for node "test.dbt_project.accepted_values_stg_orders_status__completed__pending__cancelled.55410e9790"
[0m14:48:09.044723 [debug] [Thread-3 (]: Writing injected SQL for node "test.dbt_project.not_null_brnz_customers_customer_id.b4d91ba4e5"
[0m14:48:09.049725 [debug] [Thread-4 (]: Writing injected SQL for node "test.dbt_project.not_null_brnz_orders_customer_id.a7693da971"
[0m14:48:09.051727 [debug] [Thread-1 (]: Began executing node test.dbt_project.accepted_values_customer_metrics_customer_segment__High_Value__Medium_Value__Low_Value.b79332e10e
[0m14:48:09.068728 [debug] [Thread-1 (]: Writing runtime sql for node "test.dbt_project.accepted_values_customer_metrics_customer_segment__High_Value__Medium_Value__Low_Value.b79332e10e"
[0m14:48:09.069729 [debug] [Thread-2 (]: Began executing node test.dbt_project.accepted_values_stg_orders_status__completed__pending__cancelled.55410e9790
[0m14:48:09.069729 [debug] [Thread-4 (]: Began executing node test.dbt_project.not_null_brnz_orders_customer_id.a7693da971
[0m14:48:09.070729 [debug] [Thread-3 (]: Began executing node test.dbt_project.not_null_brnz_customers_customer_id.b4d91ba4e5
[0m14:48:09.073731 [debug] [Thread-2 (]: Writing runtime sql for node "test.dbt_project.accepted_values_stg_orders_status__completed__pending__cancelled.55410e9790"
[0m14:48:09.075730 [debug] [Thread-4 (]: Writing runtime sql for node "test.dbt_project.not_null_brnz_orders_customer_id.a7693da971"
[0m14:48:09.079732 [debug] [Thread-3 (]: Writing runtime sql for node "test.dbt_project.not_null_brnz_customers_customer_id.b4d91ba4e5"
[0m14:48:09.080732 [debug] [Thread-1 (]: Using postgres connection "test.dbt_project.accepted_values_customer_metrics_customer_segment__High_Value__Medium_Value__Low_Value.b79332e10e"
[0m14:48:09.081732 [debug] [Thread-1 (]: On test.dbt_project.accepted_values_customer_metrics_customer_segment__High_Value__Medium_Value__Low_Value.b79332e10e: BEGIN
[0m14:48:09.082733 [debug] [Thread-1 (]: Opening a new connection, currently in state init
[0m14:48:09.083732 [debug] [Thread-2 (]: Using postgres connection "test.dbt_project.accepted_values_stg_orders_status__completed__pending__cancelled.55410e9790"
[0m14:48:09.084732 [debug] [Thread-4 (]: Using postgres connection "test.dbt_project.not_null_brnz_orders_customer_id.a7693da971"
[0m14:48:09.084732 [debug] [Thread-3 (]: Using postgres connection "test.dbt_project.not_null_brnz_customers_customer_id.b4d91ba4e5"
[0m14:48:09.085734 [debug] [Thread-2 (]: On test.dbt_project.accepted_values_stg_orders_status__completed__pending__cancelled.55410e9790: BEGIN
[0m14:48:09.085734 [debug] [Thread-4 (]: On test.dbt_project.not_null_brnz_orders_customer_id.a7693da971: BEGIN
[0m14:48:09.086733 [debug] [Thread-3 (]: On test.dbt_project.not_null_brnz_customers_customer_id.b4d91ba4e5: BEGIN
[0m14:48:09.087733 [debug] [Thread-2 (]: Opening a new connection, currently in state init
[0m14:48:09.088734 [debug] [Thread-4 (]: Opening a new connection, currently in state init
[0m14:48:09.089734 [debug] [Thread-3 (]: Opening a new connection, currently in state init
[0m14:48:09.126743 [debug] [Thread-2 (]: SQL status: BEGIN in 0.039 seconds
[0m14:48:09.127742 [debug] [Thread-2 (]: Using postgres connection "test.dbt_project.accepted_values_stg_orders_status__completed__pending__cancelled.55410e9790"
[0m14:48:09.128742 [debug] [Thread-2 (]: On test.dbt_project.accepted_values_stg_orders_status__completed__pending__cancelled.55410e9790: /* {"app": "dbt", "dbt_version": "1.10.8", "profile_name": "dbt_project", "target_name": "dev", "node_id": "test.dbt_project.accepted_values_stg_orders_status__completed__pending__cancelled.55410e9790"} */

    select
      count(*) as failures,
      count(*) != 0 as should_warn,
      count(*) != 0 as should_error
    from (
      
    
  
    
    

with all_values as (

    select
        status as value_field,
        count(*) as n_records

    from "dbt_project".public.stg_orders
    group by status

)

select *
from all_values
where value_field not in (
    'completed','pending','cancelled'
)



  
  
      
    ) dbt_internal_test
[0m14:48:09.129743 [debug] [Thread-4 (]: SQL status: BEGIN in 0.042 seconds
[0m14:48:09.130743 [debug] [Thread-4 (]: Using postgres connection "test.dbt_project.not_null_brnz_orders_customer_id.a7693da971"
[0m14:48:09.131745 [debug] [Thread-4 (]: On test.dbt_project.not_null_brnz_orders_customer_id.a7693da971: /* {"app": "dbt", "dbt_version": "1.10.8", "profile_name": "dbt_project", "target_name": "dev", "node_id": "test.dbt_project.not_null_brnz_orders_customer_id.a7693da971"} */

    select
      count(*) as failures,
      count(*) != 0 as should_warn,
      count(*) != 0 as should_error
    from (
      
    
  
    
    



select customer_id
from "dbt_project".public.brnz_orders
where customer_id is null



  
  
      
    ) dbt_internal_test
[0m14:48:09.131745 [debug] [Thread-2 (]: SQL status: SELECT 1 in 0.002 seconds
[0m14:48:09.136743 [debug] [Thread-2 (]: On test.dbt_project.accepted_values_stg_orders_status__completed__pending__cancelled.55410e9790: ROLLBACK
[0m14:48:09.136743 [debug] [Thread-4 (]: SQL status: SELECT 1 in 0.004 seconds
[0m14:48:09.137745 [debug] [Thread-2 (]: On test.dbt_project.accepted_values_stg_orders_status__completed__pending__cancelled.55410e9790: Close
[0m14:48:09.139745 [debug] [Thread-4 (]: On test.dbt_project.not_null_brnz_orders_customer_id.a7693da971: ROLLBACK
[0m14:48:09.140746 [error] [Thread-2 (]: 2 of 26 FAIL 1 accepted_values_stg_orders_status__completed__pending__cancelled  [[31mFAIL 1[0m in 0.14s]
[0m14:48:09.141747 [debug] [Thread-4 (]: On test.dbt_project.not_null_brnz_orders_customer_id.a7693da971: Close
[0m14:48:09.142746 [debug] [Thread-2 (]: Finished running node test.dbt_project.accepted_values_stg_orders_status__completed__pending__cancelled.55410e9790
[0m14:48:09.143747 [info ] [Thread-4 (]: 4 of 26 PASS not_null_brnz_orders_customer_id .................................. [[32mPASS[0m in 0.14s]
[0m14:48:09.144747 [debug] [Thread-2 (]: Began running node test.dbt_project.not_null_brnz_orders_order_id.2e8ed23d30
[0m14:48:09.145748 [debug] [Thread-4 (]: Finished running node test.dbt_project.not_null_brnz_orders_customer_id.a7693da971
[0m14:48:09.146747 [info ] [Thread-2 (]: 5 of 26 START test not_null_brnz_orders_order_id ............................... [RUN]
[0m14:48:09.146747 [debug] [Thread-4 (]: Began running node test.dbt_project.not_null_customer_metrics_completed_orders.67267ba6bb
[0m14:48:09.148748 [debug] [Thread-2 (]: Re-using an available connection from the pool (formerly test.dbt_project.accepted_values_stg_orders_status__completed__pending__cancelled.55410e9790, now test.dbt_project.not_null_brnz_orders_order_id.2e8ed23d30)
[0m14:48:09.149748 [info ] [Thread-4 (]: 6 of 26 START test not_null_customer_metrics_completed_orders .................. [RUN]
[0m14:48:09.149748 [debug] [Thread-2 (]: Began compiling node test.dbt_project.not_null_brnz_orders_order_id.2e8ed23d30
[0m14:48:09.150750 [debug] [Thread-4 (]: Re-using an available connection from the pool (formerly test.dbt_project.not_null_brnz_orders_customer_id.a7693da971, now test.dbt_project.not_null_customer_metrics_completed_orders.67267ba6bb)
[0m14:48:09.155752 [debug] [Thread-2 (]: Writing injected SQL for node "test.dbt_project.not_null_brnz_orders_order_id.2e8ed23d30"
[0m14:48:09.156751 [debug] [Thread-4 (]: Began compiling node test.dbt_project.not_null_customer_metrics_completed_orders.67267ba6bb
[0m14:48:09.160750 [debug] [Thread-4 (]: Writing injected SQL for node "test.dbt_project.not_null_customer_metrics_completed_orders.67267ba6bb"
[0m14:48:09.161751 [debug] [Thread-2 (]: Began executing node test.dbt_project.not_null_brnz_orders_order_id.2e8ed23d30
[0m14:48:09.164754 [debug] [Thread-2 (]: Writing runtime sql for node "test.dbt_project.not_null_brnz_orders_order_id.2e8ed23d30"
[0m14:48:09.165758 [debug] [Thread-4 (]: Began executing node test.dbt_project.not_null_customer_metrics_completed_orders.67267ba6bb
[0m14:48:09.168755 [debug] [Thread-4 (]: Writing runtime sql for node "test.dbt_project.not_null_customer_metrics_completed_orders.67267ba6bb"
[0m14:48:09.169755 [debug] [Thread-2 (]: Using postgres connection "test.dbt_project.not_null_brnz_orders_order_id.2e8ed23d30"
[0m14:48:09.170755 [debug] [Thread-2 (]: On test.dbt_project.not_null_brnz_orders_order_id.2e8ed23d30: BEGIN
[0m14:48:09.171754 [debug] [Thread-2 (]: Opening a new connection, currently in state closed
[0m14:48:09.172755 [debug] [Thread-4 (]: Using postgres connection "test.dbt_project.not_null_customer_metrics_completed_orders.67267ba6bb"
[0m14:48:09.173754 [debug] [Thread-4 (]: On test.dbt_project.not_null_customer_metrics_completed_orders.67267ba6bb: BEGIN
[0m14:48:09.174755 [debug] [Thread-4 (]: Opening a new connection, currently in state closed
[0m14:48:09.213762 [debug] [Thread-2 (]: SQL status: BEGIN in 0.042 seconds
[0m14:48:09.214762 [debug] [Thread-2 (]: Using postgres connection "test.dbt_project.not_null_brnz_orders_order_id.2e8ed23d30"
[0m14:48:09.214762 [debug] [Thread-2 (]: On test.dbt_project.not_null_brnz_orders_order_id.2e8ed23d30: /* {"app": "dbt", "dbt_version": "1.10.8", "profile_name": "dbt_project", "target_name": "dev", "node_id": "test.dbt_project.not_null_brnz_orders_order_id.2e8ed23d30"} */

    select
      count(*) as failures,
      count(*) != 0 as should_warn,
      count(*) != 0 as should_error
    from (
      
    
  
    
    



select order_id
from "dbt_project".public.brnz_orders
where order_id is null



  
  
      
    ) dbt_internal_test
[0m14:48:09.217763 [debug] [Thread-2 (]: SQL status: SELECT 1 in 0.002 seconds
[0m14:48:09.219764 [debug] [Thread-2 (]: On test.dbt_project.not_null_brnz_orders_order_id.2e8ed23d30: ROLLBACK
[0m14:48:09.220764 [debug] [Thread-4 (]: SQL status: BEGIN in 0.046 seconds
[0m14:48:09.221764 [debug] [Thread-2 (]: On test.dbt_project.not_null_brnz_orders_order_id.2e8ed23d30: Close
[0m14:48:09.221764 [debug] [Thread-4 (]: Using postgres connection "test.dbt_project.not_null_customer_metrics_completed_orders.67267ba6bb"
[0m14:48:09.222764 [info ] [Thread-2 (]: 5 of 26 PASS not_null_brnz_orders_order_id ..................................... [[32mPASS[0m in 0.08s]
[0m14:48:09.223764 [debug] [Thread-4 (]: On test.dbt_project.not_null_customer_metrics_completed_orders.67267ba6bb: /* {"app": "dbt", "dbt_version": "1.10.8", "profile_name": "dbt_project", "target_name": "dev", "node_id": "test.dbt_project.not_null_customer_metrics_completed_orders.67267ba6bb"} */

    select
      count(*) as failures,
      count(*) != 0 as should_warn,
      count(*) != 0 as should_error
    from (
      
    
  
    
    



select completed_orders
from "dbt_project".public.customer_metrics
where completed_orders is null



  
  
      
    ) dbt_internal_test
[0m14:48:09.225766 [debug] [Thread-2 (]: Finished running node test.dbt_project.not_null_brnz_orders_order_id.2e8ed23d30
[0m14:48:09.226766 [debug] [Thread-2 (]: Began running node test.dbt_project.not_null_customer_metrics_customer_id.e9f6122c87
[0m14:48:09.228767 [debug] [Thread-4 (]: SQL status: SELECT 1 in 0.002 seconds
[0m14:48:09.227765 [info ] [Thread-2 (]: 7 of 26 START test not_null_customer_metrics_customer_id ....................... [RUN]
[0m14:48:09.230767 [debug] [Thread-4 (]: On test.dbt_project.not_null_customer_metrics_completed_orders.67267ba6bb: ROLLBACK
[0m14:48:09.230767 [debug] [Thread-1 (]: SQL status: BEGIN in 0.148 seconds
[0m14:48:09.231766 [debug] [Thread-2 (]: Re-using an available connection from the pool (formerly test.dbt_project.not_null_brnz_orders_order_id.2e8ed23d30, now test.dbt_project.not_null_customer_metrics_customer_id.e9f6122c87)
[0m14:48:09.232767 [debug] [Thread-4 (]: On test.dbt_project.not_null_customer_metrics_completed_orders.67267ba6bb: Close
[0m14:48:09.233766 [debug] [Thread-1 (]: Using postgres connection "test.dbt_project.accepted_values_customer_metrics_customer_segment__High_Value__Medium_Value__Low_Value.b79332e10e"
[0m14:48:09.234768 [debug] [Thread-2 (]: Began compiling node test.dbt_project.not_null_customer_metrics_customer_id.e9f6122c87
[0m14:48:09.236767 [info ] [Thread-4 (]: 6 of 26 PASS not_null_customer_metrics_completed_orders ........................ [[32mPASS[0m in 0.09s]
[0m14:48:09.237769 [debug] [Thread-1 (]: On test.dbt_project.accepted_values_customer_metrics_customer_segment__High_Value__Medium_Value__Low_Value.b79332e10e: /* {"app": "dbt", "dbt_version": "1.10.8", "profile_name": "dbt_project", "target_name": "dev", "node_id": "test.dbt_project.accepted_values_customer_metrics_customer_segment__High_Value__Medium_Value__Low_Value.b79332e10e"} */

    select
      count(*) as failures,
      count(*) != 0 as should_warn,
      count(*) != 0 as should_error
    from (
      
    
  
    
    

with all_values as (

    select
        customer_segment as value_field,
        count(*) as n_records

    from "dbt_project".public.customer_metrics
    group by customer_segment

)

select *
from all_values
where value_field not in (
    'High-Value','Medium-Value','Low-Value'
)



  
  
      
    ) dbt_internal_test
[0m14:48:09.242769 [debug] [Thread-2 (]: Writing injected SQL for node "test.dbt_project.not_null_customer_metrics_customer_id.e9f6122c87"
[0m14:48:09.243768 [debug] [Thread-4 (]: Finished running node test.dbt_project.not_null_customer_metrics_completed_orders.67267ba6bb
[0m14:48:09.244768 [debug] [Thread-4 (]: Began running node test.dbt_project.not_null_customer_metrics_customer_lifetime_value.06f78010af
[0m14:48:09.246771 [debug] [Thread-2 (]: Began executing node test.dbt_project.not_null_customer_metrics_customer_id.e9f6122c87
[0m14:48:09.245770 [info ] [Thread-4 (]: 8 of 26 START test not_null_customer_metrics_customer_lifetime_value ........... [RUN]
[0m14:48:09.247772 [debug] [Thread-1 (]: SQL status: SELECT 1 in 0.003 seconds
[0m14:48:09.252771 [debug] [Thread-2 (]: Writing runtime sql for node "test.dbt_project.not_null_customer_metrics_customer_id.e9f6122c87"
[0m14:48:09.252771 [debug] [Thread-3 (]: SQL status: BEGIN in 0.164 seconds
[0m14:48:09.253771 [debug] [Thread-4 (]: Re-using an available connection from the pool (formerly test.dbt_project.not_null_customer_metrics_completed_orders.67267ba6bb, now test.dbt_project.not_null_customer_metrics_customer_lifetime_value.06f78010af)
[0m14:48:09.255772 [debug] [Thread-1 (]: On test.dbt_project.accepted_values_customer_metrics_customer_segment__High_Value__Medium_Value__Low_Value.b79332e10e: ROLLBACK
[0m14:48:09.256772 [debug] [Thread-3 (]: Using postgres connection "test.dbt_project.not_null_brnz_customers_customer_id.b4d91ba4e5"
[0m14:48:09.257772 [debug] [Thread-4 (]: Began compiling node test.dbt_project.not_null_customer_metrics_customer_lifetime_value.06f78010af
[0m14:48:09.258773 [debug] [Thread-2 (]: Using postgres connection "test.dbt_project.not_null_customer_metrics_customer_id.e9f6122c87"
[0m14:48:09.259773 [debug] [Thread-1 (]: On test.dbt_project.accepted_values_customer_metrics_customer_segment__High_Value__Medium_Value__Low_Value.b79332e10e: Close
[0m14:48:09.259773 [debug] [Thread-3 (]: On test.dbt_project.not_null_brnz_customers_customer_id.b4d91ba4e5: /* {"app": "dbt", "dbt_version": "1.10.8", "profile_name": "dbt_project", "target_name": "dev", "node_id": "test.dbt_project.not_null_brnz_customers_customer_id.b4d91ba4e5"} */

    select
      count(*) as failures,
      count(*) != 0 as should_warn,
      count(*) != 0 as should_error
    from (
      
    
  
    
    



select customer_id
from "dbt_project".public.brnz_customers
where customer_id is null



  
  
      
    ) dbt_internal_test
[0m14:48:09.264773 [debug] [Thread-4 (]: Writing injected SQL for node "test.dbt_project.not_null_customer_metrics_customer_lifetime_value.06f78010af"
[0m14:48:09.265774 [debug] [Thread-2 (]: On test.dbt_project.not_null_customer_metrics_customer_id.e9f6122c87: BEGIN
[0m14:48:09.266774 [info ] [Thread-1 (]: 1 of 26 PASS accepted_values_customer_metrics_customer_segment__High_Value__Medium_Value__Low_Value  [[32mPASS[0m in 0.26s]
[0m14:48:09.268775 [debug] [Thread-2 (]: Opening a new connection, currently in state closed
[0m14:48:09.269776 [debug] [Thread-3 (]: SQL status: SELECT 1 in 0.002 seconds
[0m14:48:09.270775 [debug] [Thread-4 (]: Began executing node test.dbt_project.not_null_customer_metrics_customer_lifetime_value.06f78010af
[0m14:48:09.270775 [debug] [Thread-1 (]: Finished running node test.dbt_project.accepted_values_customer_metrics_customer_segment__High_Value__Medium_Value__Low_Value.b79332e10e
[0m14:48:09.273776 [debug] [Thread-3 (]: On test.dbt_project.not_null_brnz_customers_customer_id.b4d91ba4e5: ROLLBACK
[0m14:48:09.276778 [debug] [Thread-4 (]: Writing runtime sql for node "test.dbt_project.not_null_customer_metrics_customer_lifetime_value.06f78010af"
[0m14:48:09.277780 [debug] [Thread-1 (]: Began running node test.dbt_project.not_null_customer_metrics_customer_segment.26106bb21b
[0m14:48:09.278779 [debug] [Thread-3 (]: On test.dbt_project.not_null_brnz_customers_customer_id.b4d91ba4e5: Close
[0m14:48:09.280777 [info ] [Thread-1 (]: 9 of 26 START test not_null_customer_metrics_customer_segment .................. [RUN]
[0m14:48:09.281779 [debug] [Thread-4 (]: Using postgres connection "test.dbt_project.not_null_customer_metrics_customer_lifetime_value.06f78010af"
[0m14:48:09.282778 [info ] [Thread-3 (]: 3 of 26 PASS not_null_brnz_customers_customer_id ............................... [[32mPASS[0m in 0.28s]
[0m14:48:09.283778 [debug] [Thread-1 (]: Re-using an available connection from the pool (formerly test.dbt_project.accepted_values_customer_metrics_customer_segment__High_Value__Medium_Value__Low_Value.b79332e10e, now test.dbt_project.not_null_customer_metrics_customer_segment.26106bb21b)
[0m14:48:09.284778 [debug] [Thread-4 (]: On test.dbt_project.not_null_customer_metrics_customer_lifetime_value.06f78010af: BEGIN
[0m14:48:09.285779 [debug] [Thread-3 (]: Finished running node test.dbt_project.not_null_brnz_customers_customer_id.b4d91ba4e5
[0m14:48:09.286780 [debug] [Thread-1 (]: Began compiling node test.dbt_project.not_null_customer_metrics_customer_segment.26106bb21b
[0m14:48:09.287778 [debug] [Thread-4 (]: Opening a new connection, currently in state closed
[0m14:48:09.288779 [debug] [Thread-3 (]: Began running node test.dbt_project.not_null_customer_metrics_total_orders.70989cf36e
[0m14:48:09.292781 [debug] [Thread-1 (]: Writing injected SQL for node "test.dbt_project.not_null_customer_metrics_customer_segment.26106bb21b"
[0m14:48:09.294781 [info ] [Thread-3 (]: 10 of 26 START test not_null_customer_metrics_total_orders ..................... [RUN]
[0m14:48:09.295783 [debug] [Thread-3 (]: Re-using an available connection from the pool (formerly test.dbt_project.not_null_brnz_customers_customer_id.b4d91ba4e5, now test.dbt_project.not_null_customer_metrics_total_orders.70989cf36e)
[0m14:48:09.296781 [debug] [Thread-3 (]: Began compiling node test.dbt_project.not_null_customer_metrics_total_orders.70989cf36e
[0m14:48:09.297782 [debug] [Thread-1 (]: Began executing node test.dbt_project.not_null_customer_metrics_customer_segment.26106bb21b
[0m14:48:09.304783 [debug] [Thread-3 (]: Writing injected SQL for node "test.dbt_project.not_null_customer_metrics_total_orders.70989cf36e"
[0m14:48:09.307783 [debug] [Thread-1 (]: Writing runtime sql for node "test.dbt_project.not_null_customer_metrics_customer_segment.26106bb21b"
[0m14:48:09.308784 [debug] [Thread-3 (]: Began executing node test.dbt_project.not_null_customer_metrics_total_orders.70989cf36e
[0m14:48:09.312785 [debug] [Thread-3 (]: Writing runtime sql for node "test.dbt_project.not_null_customer_metrics_total_orders.70989cf36e"
[0m14:48:09.312785 [debug] [Thread-1 (]: Using postgres connection "test.dbt_project.not_null_customer_metrics_customer_segment.26106bb21b"
[0m14:48:09.313785 [debug] [Thread-1 (]: On test.dbt_project.not_null_customer_metrics_customer_segment.26106bb21b: BEGIN
[0m14:48:09.314785 [debug] [Thread-1 (]: Opening a new connection, currently in state closed
[0m14:48:09.314785 [debug] [Thread-3 (]: Using postgres connection "test.dbt_project.not_null_customer_metrics_total_orders.70989cf36e"
[0m14:48:09.315785 [debug] [Thread-3 (]: On test.dbt_project.not_null_customer_metrics_total_orders.70989cf36e: BEGIN
[0m14:48:09.317786 [debug] [Thread-3 (]: Opening a new connection, currently in state closed
[0m14:48:09.333789 [debug] [Thread-4 (]: SQL status: BEGIN in 0.046 seconds
[0m14:48:09.333789 [debug] [Thread-4 (]: Using postgres connection "test.dbt_project.not_null_customer_metrics_customer_lifetime_value.06f78010af"
[0m14:48:09.334789 [debug] [Thread-4 (]: On test.dbt_project.not_null_customer_metrics_customer_lifetime_value.06f78010af: /* {"app": "dbt", "dbt_version": "1.10.8", "profile_name": "dbt_project", "target_name": "dev", "node_id": "test.dbt_project.not_null_customer_metrics_customer_lifetime_value.06f78010af"} */

    select
      count(*) as failures,
      count(*) != 0 as should_warn,
      count(*) != 0 as should_error
    from (
      
    
  
    
    



select customer_lifetime_value
from "dbt_project".public.customer_metrics
where customer_lifetime_value is null



  
  
      
    ) dbt_internal_test
[0m14:48:09.337791 [debug] [Thread-4 (]: SQL status: SELECT 1 in 0.002 seconds
[0m14:48:09.339791 [debug] [Thread-4 (]: On test.dbt_project.not_null_customer_metrics_customer_lifetime_value.06f78010af: ROLLBACK
[0m14:48:09.340791 [debug] [Thread-4 (]: On test.dbt_project.not_null_customer_metrics_customer_lifetime_value.06f78010af: Close
[0m14:48:09.341792 [info ] [Thread-4 (]: 8 of 26 PASS not_null_customer_metrics_customer_lifetime_value ................. [[32mPASS[0m in 0.09s]
[0m14:48:09.343792 [debug] [Thread-4 (]: Finished running node test.dbt_project.not_null_customer_metrics_customer_lifetime_value.06f78010af
[0m14:48:09.344793 [debug] [Thread-4 (]: Began running node test.dbt_project.not_null_customer_metrics_total_revenue.08df7b5d70
[0m14:48:09.345793 [info ] [Thread-4 (]: 11 of 26 START test not_null_customer_metrics_total_revenue .................... [RUN]
[0m14:48:09.347793 [debug] [Thread-4 (]: Re-using an available connection from the pool (formerly test.dbt_project.not_null_customer_metrics_customer_lifetime_value.06f78010af, now test.dbt_project.not_null_customer_metrics_total_revenue.08df7b5d70)
[0m14:48:09.347793 [debug] [Thread-4 (]: Began compiling node test.dbt_project.not_null_customer_metrics_total_revenue.08df7b5d70
[0m14:48:09.352795 [debug] [Thread-4 (]: Writing injected SQL for node "test.dbt_project.not_null_customer_metrics_total_revenue.08df7b5d70"
[0m14:48:09.354795 [debug] [Thread-4 (]: Began executing node test.dbt_project.not_null_customer_metrics_total_revenue.08df7b5d70
[0m14:48:09.357797 [debug] [Thread-4 (]: Writing runtime sql for node "test.dbt_project.not_null_customer_metrics_total_revenue.08df7b5d70"
[0m14:48:09.357797 [debug] [Thread-1 (]: SQL status: BEGIN in 0.043 seconds
[0m14:48:09.359795 [debug] [Thread-1 (]: Using postgres connection "test.dbt_project.not_null_customer_metrics_customer_segment.26106bb21b"
[0m14:48:09.359795 [debug] [Thread-4 (]: Using postgres connection "test.dbt_project.not_null_customer_metrics_total_revenue.08df7b5d70"
[0m14:48:09.360796 [debug] [Thread-1 (]: On test.dbt_project.not_null_customer_metrics_customer_segment.26106bb21b: /* {"app": "dbt", "dbt_version": "1.10.8", "profile_name": "dbt_project", "target_name": "dev", "node_id": "test.dbt_project.not_null_customer_metrics_customer_segment.26106bb21b"} */

    select
      count(*) as failures,
      count(*) != 0 as should_warn,
      count(*) != 0 as should_error
    from (
      
    
  
    
    



select customer_segment
from "dbt_project".public.customer_metrics
where customer_segment is null



  
  
      
    ) dbt_internal_test
[0m14:48:09.361796 [debug] [Thread-4 (]: On test.dbt_project.not_null_customer_metrics_total_revenue.08df7b5d70: BEGIN
[0m14:48:09.362795 [debug] [Thread-4 (]: Opening a new connection, currently in state closed
[0m14:48:09.363796 [debug] [Thread-3 (]: SQL status: BEGIN in 0.047 seconds
[0m14:48:09.364798 [debug] [Thread-1 (]: SQL status: SELECT 1 in 0.002 seconds
[0m14:48:09.365799 [debug] [Thread-3 (]: Using postgres connection "test.dbt_project.not_null_customer_metrics_total_orders.70989cf36e"
[0m14:48:09.367800 [debug] [Thread-1 (]: On test.dbt_project.not_null_customer_metrics_customer_segment.26106bb21b: ROLLBACK
[0m14:48:09.367800 [debug] [Thread-3 (]: On test.dbt_project.not_null_customer_metrics_total_orders.70989cf36e: /* {"app": "dbt", "dbt_version": "1.10.8", "profile_name": "dbt_project", "target_name": "dev", "node_id": "test.dbt_project.not_null_customer_metrics_total_orders.70989cf36e"} */

    select
      count(*) as failures,
      count(*) != 0 as should_warn,
      count(*) != 0 as should_error
    from (
      
    
  
    
    



select total_orders
from "dbt_project".public.customer_metrics
where total_orders is null



  
  
      
    ) dbt_internal_test
[0m14:48:09.368798 [debug] [Thread-1 (]: On test.dbt_project.not_null_customer_metrics_customer_segment.26106bb21b: Close
[0m14:48:09.370800 [info ] [Thread-1 (]: 9 of 26 PASS not_null_customer_metrics_customer_segment ........................ [[32mPASS[0m in 0.09s]
[0m14:48:09.371800 [debug] [Thread-3 (]: SQL status: SELECT 1 in 0.002 seconds
[0m14:48:09.373799 [debug] [Thread-1 (]: Finished running node test.dbt_project.not_null_customer_metrics_customer_segment.26106bb21b
[0m14:48:09.375799 [debug] [Thread-3 (]: On test.dbt_project.not_null_customer_metrics_total_orders.70989cf36e: ROLLBACK
[0m14:48:09.376799 [debug] [Thread-1 (]: Began running node test.dbt_project.not_null_stg_customers_customer_id.e2cfb1f9aa
[0m14:48:09.376799 [debug] [Thread-3 (]: On test.dbt_project.not_null_customer_metrics_total_orders.70989cf36e: Close
[0m14:48:09.377800 [info ] [Thread-1 (]: 12 of 26 START test not_null_stg_customers_customer_id ......................... [RUN]
[0m14:48:09.378799 [info ] [Thread-3 (]: 10 of 26 PASS not_null_customer_metrics_total_orders ........................... [[32mPASS[0m in 0.08s]
[0m14:48:09.380802 [debug] [Thread-1 (]: Re-using an available connection from the pool (formerly test.dbt_project.not_null_customer_metrics_customer_segment.26106bb21b, now test.dbt_project.not_null_stg_customers_customer_id.e2cfb1f9aa)
[0m14:48:09.381800 [debug] [Thread-3 (]: Finished running node test.dbt_project.not_null_customer_metrics_total_orders.70989cf36e
[0m14:48:09.382803 [debug] [Thread-1 (]: Began compiling node test.dbt_project.not_null_stg_customers_customer_id.e2cfb1f9aa
[0m14:48:09.382803 [debug] [Thread-3 (]: Began running node test.dbt_project.not_null_stg_customers_customer_name.5c92a78a60
[0m14:48:09.388803 [debug] [Thread-1 (]: Writing injected SQL for node "test.dbt_project.not_null_stg_customers_customer_id.e2cfb1f9aa"
[0m14:48:09.389803 [info ] [Thread-3 (]: 13 of 26 START test not_null_stg_customers_customer_name ....................... [RUN]
[0m14:48:09.390802 [debug] [Thread-3 (]: Re-using an available connection from the pool (formerly test.dbt_project.not_null_customer_metrics_total_orders.70989cf36e, now test.dbt_project.not_null_stg_customers_customer_name.5c92a78a60)
[0m14:48:09.391802 [debug] [Thread-3 (]: Began compiling node test.dbt_project.not_null_stg_customers_customer_name.5c92a78a60
[0m14:48:09.392802 [debug] [Thread-1 (]: Began executing node test.dbt_project.not_null_stg_customers_customer_id.e2cfb1f9aa
[0m14:48:09.396803 [debug] [Thread-3 (]: Writing injected SQL for node "test.dbt_project.not_null_stg_customers_customer_name.5c92a78a60"
[0m14:48:09.402807 [debug] [Thread-1 (]: Writing runtime sql for node "test.dbt_project.not_null_stg_customers_customer_id.e2cfb1f9aa"
[0m14:48:09.403806 [debug] [Thread-4 (]: SQL status: BEGIN in 0.040 seconds
[0m14:48:09.404806 [debug] [Thread-4 (]: Using postgres connection "test.dbt_project.not_null_customer_metrics_total_revenue.08df7b5d70"
[0m14:48:09.404806 [debug] [Thread-3 (]: Began executing node test.dbt_project.not_null_stg_customers_customer_name.5c92a78a60
[0m14:48:09.405808 [debug] [Thread-4 (]: On test.dbt_project.not_null_customer_metrics_total_revenue.08df7b5d70: /* {"app": "dbt", "dbt_version": "1.10.8", "profile_name": "dbt_project", "target_name": "dev", "node_id": "test.dbt_project.not_null_customer_metrics_total_revenue.08df7b5d70"} */

    select
      count(*) as failures,
      count(*) != 0 as should_warn,
      count(*) != 0 as should_error
    from (
      
    
  
    
    



select total_revenue
from "dbt_project".public.customer_metrics
where total_revenue is null



  
  
      
    ) dbt_internal_test
[0m14:48:09.406806 [debug] [Thread-1 (]: Using postgres connection "test.dbt_project.not_null_stg_customers_customer_id.e2cfb1f9aa"
[0m14:48:09.408807 [debug] [Thread-3 (]: Writing runtime sql for node "test.dbt_project.not_null_stg_customers_customer_name.5c92a78a60"
[0m14:48:09.410806 [debug] [Thread-1 (]: On test.dbt_project.not_null_stg_customers_customer_id.e2cfb1f9aa: BEGIN
[0m14:48:09.411807 [debug] [Thread-2 (]: SQL status: BEGIN in 0.143 seconds
[0m14:48:09.411807 [debug] [Thread-4 (]: SQL status: SELECT 1 in 0.002 seconds
[0m14:48:09.412810 [debug] [Thread-1 (]: Opening a new connection, currently in state closed
[0m14:48:09.413808 [debug] [Thread-3 (]: Using postgres connection "test.dbt_project.not_null_stg_customers_customer_name.5c92a78a60"
[0m14:48:09.413808 [debug] [Thread-2 (]: Using postgres connection "test.dbt_project.not_null_customer_metrics_customer_id.e9f6122c87"
[0m14:48:09.415811 [debug] [Thread-4 (]: On test.dbt_project.not_null_customer_metrics_total_revenue.08df7b5d70: ROLLBACK
[0m14:48:09.416812 [debug] [Thread-3 (]: On test.dbt_project.not_null_stg_customers_customer_name.5c92a78a60: BEGIN
[0m14:48:09.418810 [debug] [Thread-2 (]: On test.dbt_project.not_null_customer_metrics_customer_id.e9f6122c87: /* {"app": "dbt", "dbt_version": "1.10.8", "profile_name": "dbt_project", "target_name": "dev", "node_id": "test.dbt_project.not_null_customer_metrics_customer_id.e9f6122c87"} */

    select
      count(*) as failures,
      count(*) != 0 as should_warn,
      count(*) != 0 as should_error
    from (
      
    
  
    
    



select customer_id
from "dbt_project".public.customer_metrics
where customer_id is null



  
  
      
    ) dbt_internal_test
[0m14:48:09.419809 [debug] [Thread-4 (]: On test.dbt_project.not_null_customer_metrics_total_revenue.08df7b5d70: Close
[0m14:48:09.420812 [debug] [Thread-3 (]: Opening a new connection, currently in state closed
[0m14:48:09.421811 [info ] [Thread-4 (]: 11 of 26 PASS not_null_customer_metrics_total_revenue .......................... [[32mPASS[0m in 0.08s]
[0m14:48:09.422809 [debug] [Thread-2 (]: SQL status: SELECT 1 in 0.002 seconds
[0m14:48:09.424810 [debug] [Thread-4 (]: Finished running node test.dbt_project.not_null_customer_metrics_total_revenue.08df7b5d70
[0m14:48:09.426811 [debug] [Thread-2 (]: On test.dbt_project.not_null_customer_metrics_customer_id.e9f6122c87: ROLLBACK
[0m14:48:09.427812 [debug] [Thread-4 (]: Began running node test.dbt_project.not_null_stg_orders_customer_id.af79d5e4b5
[0m14:48:09.429811 [debug] [Thread-2 (]: On test.dbt_project.not_null_customer_metrics_customer_id.e9f6122c87: Close
[0m14:48:09.429811 [info ] [Thread-4 (]: 14 of 26 START test not_null_stg_orders_customer_id ............................ [RUN]
[0m14:48:09.432813 [debug] [Thread-4 (]: Re-using an available connection from the pool (formerly test.dbt_project.not_null_customer_metrics_total_revenue.08df7b5d70, now test.dbt_project.not_null_stg_orders_customer_id.af79d5e4b5)
[0m14:48:09.431812 [info ] [Thread-2 (]: 7 of 26 PASS not_null_customer_metrics_customer_id ............................. [[32mPASS[0m in 0.20s]
[0m14:48:09.433814 [debug] [Thread-4 (]: Began compiling node test.dbt_project.not_null_stg_orders_customer_id.af79d5e4b5
[0m14:48:09.435813 [debug] [Thread-2 (]: Finished running node test.dbt_project.not_null_customer_metrics_customer_id.e9f6122c87
[0m14:48:09.439813 [debug] [Thread-4 (]: Writing injected SQL for node "test.dbt_project.not_null_stg_orders_customer_id.af79d5e4b5"
[0m14:48:09.440816 [debug] [Thread-2 (]: Began running node test.dbt_project.not_null_stg_orders_order_date.2177a3e8bb
[0m14:48:09.441815 [info ] [Thread-2 (]: 15 of 26 START test not_null_stg_orders_order_date ............................. [RUN]
[0m14:48:09.442815 [debug] [Thread-2 (]: Re-using an available connection from the pool (formerly test.dbt_project.not_null_customer_metrics_customer_id.e9f6122c87, now test.dbt_project.not_null_stg_orders_order_date.2177a3e8bb)
[0m14:48:09.443815 [debug] [Thread-4 (]: Began executing node test.dbt_project.not_null_stg_orders_customer_id.af79d5e4b5
[0m14:48:09.443815 [debug] [Thread-2 (]: Began compiling node test.dbt_project.not_null_stg_orders_order_date.2177a3e8bb
[0m14:48:09.447815 [debug] [Thread-4 (]: Writing runtime sql for node "test.dbt_project.not_null_stg_orders_customer_id.af79d5e4b5"
[0m14:48:09.452816 [debug] [Thread-2 (]: Writing injected SQL for node "test.dbt_project.not_null_stg_orders_order_date.2177a3e8bb"
[0m14:48:09.454816 [debug] [Thread-4 (]: Using postgres connection "test.dbt_project.not_null_stg_orders_customer_id.af79d5e4b5"
[0m14:48:09.455818 [debug] [Thread-2 (]: Began executing node test.dbt_project.not_null_stg_orders_order_date.2177a3e8bb
[0m14:48:09.456820 [debug] [Thread-4 (]: On test.dbt_project.not_null_stg_orders_customer_id.af79d5e4b5: BEGIN
[0m14:48:09.456820 [debug] [Thread-1 (]: SQL status: BEGIN in 0.044 seconds
[0m14:48:09.460819 [debug] [Thread-2 (]: Writing runtime sql for node "test.dbt_project.not_null_stg_orders_order_date.2177a3e8bb"
[0m14:48:09.461819 [debug] [Thread-4 (]: Opening a new connection, currently in state closed
[0m14:48:09.462820 [debug] [Thread-1 (]: Using postgres connection "test.dbt_project.not_null_stg_customers_customer_id.e2cfb1f9aa"
[0m14:48:09.462820 [debug] [Thread-3 (]: SQL status: BEGIN in 0.043 seconds
[0m14:48:09.464819 [debug] [Thread-2 (]: Using postgres connection "test.dbt_project.not_null_stg_orders_order_date.2177a3e8bb"
[0m14:48:09.465819 [debug] [Thread-1 (]: On test.dbt_project.not_null_stg_customers_customer_id.e2cfb1f9aa: /* {"app": "dbt", "dbt_version": "1.10.8", "profile_name": "dbt_project", "target_name": "dev", "node_id": "test.dbt_project.not_null_stg_customers_customer_id.e2cfb1f9aa"} */

    select
      count(*) as failures,
      count(*) != 0 as should_warn,
      count(*) != 0 as should_error
    from (
      
    
  
    
    



select customer_id
from "dbt_project".public.stg_customers
where customer_id is null



  
  
      
    ) dbt_internal_test
[0m14:48:09.466819 [debug] [Thread-3 (]: Using postgres connection "test.dbt_project.not_null_stg_customers_customer_name.5c92a78a60"
[0m14:48:09.467820 [debug] [Thread-2 (]: On test.dbt_project.not_null_stg_orders_order_date.2177a3e8bb: BEGIN
[0m14:48:09.468821 [debug] [Thread-3 (]: On test.dbt_project.not_null_stg_customers_customer_name.5c92a78a60: /* {"app": "dbt", "dbt_version": "1.10.8", "profile_name": "dbt_project", "target_name": "dev", "node_id": "test.dbt_project.not_null_stg_customers_customer_name.5c92a78a60"} */

    select
      count(*) as failures,
      count(*) != 0 as should_warn,
      count(*) != 0 as should_error
    from (
      
    
  
    
    



select customer_name
from "dbt_project".public.stg_customers
where customer_name is null



  
  
      
    ) dbt_internal_test
[0m14:48:09.469820 [debug] [Thread-2 (]: Opening a new connection, currently in state closed
[0m14:48:09.470820 [debug] [Thread-1 (]: SQL status: SELECT 1 in 0.002 seconds
[0m14:48:09.473822 [debug] [Thread-1 (]: On test.dbt_project.not_null_stg_customers_customer_id.e2cfb1f9aa: ROLLBACK
[0m14:48:09.474823 [debug] [Thread-3 (]: SQL status: SELECT 1 in 0.004 seconds
[0m14:48:09.476822 [debug] [Thread-1 (]: On test.dbt_project.not_null_stg_customers_customer_id.e2cfb1f9aa: Close
[0m14:48:09.478824 [debug] [Thread-3 (]: On test.dbt_project.not_null_stg_customers_customer_name.5c92a78a60: ROLLBACK
[0m14:48:09.479823 [info ] [Thread-1 (]: 12 of 26 PASS not_null_stg_customers_customer_id ............................... [[32mPASS[0m in 0.10s]
[0m14:48:09.481824 [debug] [Thread-3 (]: On test.dbt_project.not_null_stg_customers_customer_name.5c92a78a60: Close
[0m14:48:09.483823 [debug] [Thread-1 (]: Finished running node test.dbt_project.not_null_stg_customers_customer_id.e2cfb1f9aa
[0m14:48:09.484824 [info ] [Thread-3 (]: 13 of 26 PASS not_null_stg_customers_customer_name ............................. [[32mPASS[0m in 0.09s]
[0m14:48:09.486825 [debug] [Thread-1 (]: Began running node test.dbt_project.not_null_stg_orders_order_id.81cfe2fe64
[0m14:48:09.487824 [debug] [Thread-3 (]: Finished running node test.dbt_project.not_null_stg_customers_customer_name.5c92a78a60
[0m14:48:09.488826 [info ] [Thread-1 (]: 16 of 26 START test not_null_stg_orders_order_id ............................... [RUN]
[0m14:48:09.490826 [debug] [Thread-3 (]: Began running node test.dbt_project.relationships_stg_orders_customer_id__customer_id__ref_stg_customers_.430bf21500
[0m14:48:09.491826 [debug] [Thread-1 (]: Re-using an available connection from the pool (formerly test.dbt_project.not_null_stg_customers_customer_id.e2cfb1f9aa, now test.dbt_project.not_null_stg_orders_order_id.81cfe2fe64)
[0m14:48:09.492825 [info ] [Thread-3 (]: 17 of 26 START test relationships_stg_orders_customer_id__customer_id__ref_stg_customers_  [RUN]
[0m14:48:09.493826 [debug] [Thread-1 (]: Began compiling node test.dbt_project.not_null_stg_orders_order_id.81cfe2fe64
[0m14:48:09.494825 [debug] [Thread-3 (]: Re-using an available connection from the pool (formerly test.dbt_project.not_null_stg_customers_customer_name.5c92a78a60, now test.dbt_project.relationships_stg_orders_customer_id__customer_id__ref_stg_customers_.430bf21500)
[0m14:48:09.500829 [debug] [Thread-1 (]: Writing injected SQL for node "test.dbt_project.not_null_stg_orders_order_id.81cfe2fe64"
[0m14:48:09.501829 [debug] [Thread-3 (]: Began compiling node test.dbt_project.relationships_stg_orders_customer_id__customer_id__ref_stg_customers_.430bf21500
[0m14:48:09.513830 [debug] [Thread-3 (]: Writing injected SQL for node "test.dbt_project.relationships_stg_orders_customer_id__customer_id__ref_stg_customers_.430bf21500"
[0m14:48:09.514830 [debug] [Thread-1 (]: Began executing node test.dbt_project.not_null_stg_orders_order_id.81cfe2fe64
[0m14:48:09.515832 [debug] [Thread-4 (]: SQL status: BEGIN in 0.054 seconds
[0m14:48:09.518833 [debug] [Thread-1 (]: Writing runtime sql for node "test.dbt_project.not_null_stg_orders_order_id.81cfe2fe64"
[0m14:48:09.519832 [debug] [Thread-2 (]: SQL status: BEGIN in 0.050 seconds
[0m14:48:09.520833 [debug] [Thread-4 (]: Using postgres connection "test.dbt_project.not_null_stg_orders_customer_id.af79d5e4b5"
[0m14:48:09.520833 [debug] [Thread-3 (]: Began executing node test.dbt_project.relationships_stg_orders_customer_id__customer_id__ref_stg_customers_.430bf21500
[0m14:48:09.521833 [debug] [Thread-2 (]: Using postgres connection "test.dbt_project.not_null_stg_orders_order_date.2177a3e8bb"
[0m14:48:09.522832 [debug] [Thread-4 (]: On test.dbt_project.not_null_stg_orders_customer_id.af79d5e4b5: /* {"app": "dbt", "dbt_version": "1.10.8", "profile_name": "dbt_project", "target_name": "dev", "node_id": "test.dbt_project.not_null_stg_orders_customer_id.af79d5e4b5"} */

    select
      count(*) as failures,
      count(*) != 0 as should_warn,
      count(*) != 0 as should_error
    from (
      
    
  
    
    



select customer_id
from "dbt_project".public.stg_orders
where customer_id is null



  
  
      
    ) dbt_internal_test
[0m14:48:09.523833 [debug] [Thread-1 (]: Using postgres connection "test.dbt_project.not_null_stg_orders_order_id.81cfe2fe64"
[0m14:48:09.527834 [debug] [Thread-3 (]: Writing runtime sql for node "test.dbt_project.relationships_stg_orders_customer_id__customer_id__ref_stg_customers_.430bf21500"
[0m14:48:09.527834 [debug] [Thread-2 (]: On test.dbt_project.not_null_stg_orders_order_date.2177a3e8bb: /* {"app": "dbt", "dbt_version": "1.10.8", "profile_name": "dbt_project", "target_name": "dev", "node_id": "test.dbt_project.not_null_stg_orders_order_date.2177a3e8bb"} */

    select
      count(*) as failures,
      count(*) != 0 as should_warn,
      count(*) != 0 as should_error
    from (
      
    
  
    
    



select order_date
from "dbt_project".public.stg_orders
where order_date is null



  
  
      
    ) dbt_internal_test
[0m14:48:09.529833 [debug] [Thread-1 (]: On test.dbt_project.not_null_stg_orders_order_id.81cfe2fe64: BEGIN
[0m14:48:09.530834 [debug] [Thread-4 (]: SQL status: SELECT 1 in 0.002 seconds
[0m14:48:09.531837 [debug] [Thread-1 (]: Opening a new connection, currently in state closed
[0m14:48:09.531837 [debug] [Thread-3 (]: Using postgres connection "test.dbt_project.relationships_stg_orders_customer_id__customer_id__ref_stg_customers_.430bf21500"
[0m14:48:09.532836 [debug] [Thread-2 (]: SQL status: SELECT 1 in 0.002 seconds
[0m14:48:09.534837 [debug] [Thread-4 (]: On test.dbt_project.not_null_stg_orders_customer_id.af79d5e4b5: ROLLBACK
[0m14:48:09.535835 [debug] [Thread-3 (]: On test.dbt_project.relationships_stg_orders_customer_id__customer_id__ref_stg_customers_.430bf21500: BEGIN
[0m14:48:09.537836 [debug] [Thread-2 (]: On test.dbt_project.not_null_stg_orders_order_date.2177a3e8bb: ROLLBACK
[0m14:48:09.538837 [debug] [Thread-4 (]: On test.dbt_project.not_null_stg_orders_customer_id.af79d5e4b5: Close
[0m14:48:09.539836 [debug] [Thread-3 (]: Opening a new connection, currently in state closed
[0m14:48:09.540836 [debug] [Thread-2 (]: On test.dbt_project.not_null_stg_orders_order_date.2177a3e8bb: Close
[0m14:48:09.541836 [info ] [Thread-4 (]: 14 of 26 PASS not_null_stg_orders_customer_id .................................. [[32mPASS[0m in 0.11s]
[0m14:48:09.543837 [info ] [Thread-2 (]: 15 of 26 PASS not_null_stg_orders_order_date ................................... [[32mPASS[0m in 0.10s]
[0m14:48:09.545838 [debug] [Thread-4 (]: Finished running node test.dbt_project.not_null_stg_orders_customer_id.af79d5e4b5
[0m14:48:09.546837 [debug] [Thread-2 (]: Finished running node test.dbt_project.not_null_stg_orders_order_date.2177a3e8bb
[0m14:48:09.548838 [debug] [Thread-4 (]: Began running node test.dbt_project.source_not_null_raw_customers_customer_id.e869432dbb
[0m14:48:09.549839 [debug] [Thread-2 (]: Began running node test.dbt_project.source_unique_raw_customers_customer_id.3579d23017
[0m14:48:09.550840 [info ] [Thread-4 (]: 18 of 26 START test source_not_null_raw_customers_customer_id .................. [RUN]
[0m14:48:09.551839 [info ] [Thread-2 (]: 19 of 26 START test source_unique_raw_customers_customer_id .................... [RUN]
[0m14:48:09.552840 [debug] [Thread-4 (]: Re-using an available connection from the pool (formerly test.dbt_project.not_null_stg_orders_customer_id.af79d5e4b5, now test.dbt_project.source_not_null_raw_customers_customer_id.e869432dbb)
[0m14:48:09.554839 [debug] [Thread-2 (]: Re-using an available connection from the pool (formerly test.dbt_project.not_null_stg_orders_order_date.2177a3e8bb, now test.dbt_project.source_unique_raw_customers_customer_id.3579d23017)
[0m14:48:09.555840 [debug] [Thread-4 (]: Began compiling node test.dbt_project.source_not_null_raw_customers_customer_id.e869432dbb
[0m14:48:09.556840 [debug] [Thread-2 (]: Began compiling node test.dbt_project.source_unique_raw_customers_customer_id.3579d23017
[0m14:48:09.562841 [debug] [Thread-4 (]: Writing injected SQL for node "test.dbt_project.source_not_null_raw_customers_customer_id.e869432dbb"
[0m14:48:09.573845 [debug] [Thread-2 (]: Writing injected SQL for node "test.dbt_project.source_unique_raw_customers_customer_id.3579d23017"
[0m14:48:09.576844 [debug] [Thread-4 (]: Began executing node test.dbt_project.source_not_null_raw_customers_customer_id.e869432dbb
[0m14:48:09.577844 [debug] [Thread-2 (]: Began executing node test.dbt_project.source_unique_raw_customers_customer_id.3579d23017
[0m14:48:09.577844 [debug] [Thread-1 (]: SQL status: BEGIN in 0.047 seconds
[0m14:48:09.580845 [debug] [Thread-4 (]: Writing runtime sql for node "test.dbt_project.source_not_null_raw_customers_customer_id.e869432dbb"
[0m14:48:09.583847 [debug] [Thread-2 (]: Writing runtime sql for node "test.dbt_project.source_unique_raw_customers_customer_id.3579d23017"
[0m14:48:09.584848 [debug] [Thread-1 (]: Using postgres connection "test.dbt_project.not_null_stg_orders_order_id.81cfe2fe64"
[0m14:48:09.586848 [debug] [Thread-1 (]: On test.dbt_project.not_null_stg_orders_order_id.81cfe2fe64: /* {"app": "dbt", "dbt_version": "1.10.8", "profile_name": "dbt_project", "target_name": "dev", "node_id": "test.dbt_project.not_null_stg_orders_order_id.81cfe2fe64"} */

    select
      count(*) as failures,
      count(*) != 0 as should_warn,
      count(*) != 0 as should_error
    from (
      
    
  
    
    



select order_id
from "dbt_project".public.stg_orders
where order_id is null



  
  
      
    ) dbt_internal_test
[0m14:48:09.587847 [debug] [Thread-3 (]: SQL status: BEGIN in 0.048 seconds
[0m14:48:09.588849 [debug] [Thread-4 (]: Using postgres connection "test.dbt_project.source_not_null_raw_customers_customer_id.e869432dbb"
[0m14:48:09.589848 [debug] [Thread-2 (]: Using postgres connection "test.dbt_project.source_unique_raw_customers_customer_id.3579d23017"
[0m14:48:09.589848 [debug] [Thread-3 (]: Using postgres connection "test.dbt_project.relationships_stg_orders_customer_id__customer_id__ref_stg_customers_.430bf21500"
[0m14:48:09.590850 [debug] [Thread-1 (]: SQL status: SELECT 1 in 0.002 seconds
[0m14:48:09.591848 [debug] [Thread-4 (]: On test.dbt_project.source_not_null_raw_customers_customer_id.e869432dbb: BEGIN
[0m14:48:09.592851 [debug] [Thread-2 (]: On test.dbt_project.source_unique_raw_customers_customer_id.3579d23017: BEGIN
[0m14:48:09.593849 [debug] [Thread-3 (]: On test.dbt_project.relationships_stg_orders_customer_id__customer_id__ref_stg_customers_.430bf21500: /* {"app": "dbt", "dbt_version": "1.10.8", "profile_name": "dbt_project", "target_name": "dev", "node_id": "test.dbt_project.relationships_stg_orders_customer_id__customer_id__ref_stg_customers_.430bf21500"} */

    select
      count(*) as failures,
      count(*) != 0 as should_warn,
      count(*) != 0 as should_error
    from (
      
    
  
    
    

with child as (
    select customer_id as from_field
    from "dbt_project".public.stg_orders
    where customer_id is not null
),

parent as (
    select customer_id as to_field
    from "dbt_project".public.stg_customers
)

select
    from_field

from child
left join parent
    on child.from_field = parent.to_field

where parent.to_field is null



  
  
      
    ) dbt_internal_test
[0m14:48:09.595849 [debug] [Thread-1 (]: On test.dbt_project.not_null_stg_orders_order_id.81cfe2fe64: ROLLBACK
[0m14:48:09.596849 [debug] [Thread-4 (]: Opening a new connection, currently in state closed
[0m14:48:09.596849 [debug] [Thread-2 (]: Opening a new connection, currently in state closed
[0m14:48:09.597849 [debug] [Thread-1 (]: On test.dbt_project.not_null_stg_orders_order_id.81cfe2fe64: Close
[0m14:48:09.601851 [debug] [Thread-3 (]: SQL status: SELECT 1 in 0.005 seconds
[0m14:48:09.601851 [info ] [Thread-1 (]: 16 of 26 PASS not_null_stg_orders_order_id ..................................... [[32mPASS[0m in 0.11s]
[0m14:48:09.604851 [debug] [Thread-3 (]: On test.dbt_project.relationships_stg_orders_customer_id__customer_id__ref_stg_customers_.430bf21500: ROLLBACK
[0m14:48:09.605851 [debug] [Thread-1 (]: Finished running node test.dbt_project.not_null_stg_orders_order_id.81cfe2fe64
[0m14:48:09.606851 [debug] [Thread-3 (]: On test.dbt_project.relationships_stg_orders_customer_id__customer_id__ref_stg_customers_.430bf21500: Close
[0m14:48:09.607851 [debug] [Thread-1 (]: Began running node test.dbt_project.source_unique_raw_orders_order_id.2e0765462f
[0m14:48:09.609852 [info ] [Thread-3 (]: 17 of 26 PASS relationships_stg_orders_customer_id__customer_id__ref_stg_customers_  [[32mPASS[0m in 0.11s]
[0m14:48:09.610853 [info ] [Thread-1 (]: 20 of 26 START test source_unique_raw_orders_order_id .......................... [RUN]
[0m14:48:09.612852 [debug] [Thread-3 (]: Finished running node test.dbt_project.relationships_stg_orders_customer_id__customer_id__ref_stg_customers_.430bf21500
[0m14:48:09.613853 [debug] [Thread-1 (]: Re-using an available connection from the pool (formerly test.dbt_project.not_null_stg_orders_order_id.81cfe2fe64, now test.dbt_project.source_unique_raw_orders_order_id.2e0765462f)
[0m14:48:09.614853 [debug] [Thread-3 (]: Began running node test.dbt_project.unique_brnz_customers_customer_id.78e1c63f73
[0m14:48:09.614853 [debug] [Thread-1 (]: Began compiling node test.dbt_project.source_unique_raw_orders_order_id.2e0765462f
[0m14:48:09.615856 [info ] [Thread-3 (]: 21 of 26 START test unique_brnz_customers_customer_id .......................... [RUN]
[0m14:48:09.621855 [debug] [Thread-1 (]: Writing injected SQL for node "test.dbt_project.source_unique_raw_orders_order_id.2e0765462f"
[0m14:48:09.622855 [debug] [Thread-3 (]: Re-using an available connection from the pool (formerly test.dbt_project.relationships_stg_orders_customer_id__customer_id__ref_stg_customers_.430bf21500, now test.dbt_project.unique_brnz_customers_customer_id.78e1c63f73)
[0m14:48:09.623855 [debug] [Thread-3 (]: Began compiling node test.dbt_project.unique_brnz_customers_customer_id.78e1c63f73
[0m14:48:09.624857 [debug] [Thread-1 (]: Began executing node test.dbt_project.source_unique_raw_orders_order_id.2e0765462f
[0m14:48:09.629857 [debug] [Thread-3 (]: Writing injected SQL for node "test.dbt_project.unique_brnz_customers_customer_id.78e1c63f73"
[0m14:48:09.633857 [debug] [Thread-1 (]: Writing runtime sql for node "test.dbt_project.source_unique_raw_orders_order_id.2e0765462f"
[0m14:48:09.635858 [debug] [Thread-3 (]: Began executing node test.dbt_project.unique_brnz_customers_customer_id.78e1c63f73
[0m14:48:09.639861 [debug] [Thread-3 (]: Writing runtime sql for node "test.dbt_project.unique_brnz_customers_customer_id.78e1c63f73"
[0m14:48:09.639861 [debug] [Thread-1 (]: Using postgres connection "test.dbt_project.source_unique_raw_orders_order_id.2e0765462f"
[0m14:48:09.640860 [debug] [Thread-4 (]: SQL status: BEGIN in 0.044 seconds
[0m14:48:09.641860 [debug] [Thread-1 (]: On test.dbt_project.source_unique_raw_orders_order_id.2e0765462f: BEGIN
[0m14:48:09.642860 [debug] [Thread-3 (]: Using postgres connection "test.dbt_project.unique_brnz_customers_customer_id.78e1c63f73"
[0m14:48:09.642860 [debug] [Thread-4 (]: Using postgres connection "test.dbt_project.source_not_null_raw_customers_customer_id.e869432dbb"
[0m14:48:09.643860 [debug] [Thread-1 (]: Opening a new connection, currently in state closed
[0m14:48:09.644860 [debug] [Thread-3 (]: On test.dbt_project.unique_brnz_customers_customer_id.78e1c63f73: BEGIN
[0m14:48:09.645861 [debug] [Thread-4 (]: On test.dbt_project.source_not_null_raw_customers_customer_id.e869432dbb: /* {"app": "dbt", "dbt_version": "1.10.8", "profile_name": "dbt_project", "target_name": "dev", "node_id": "test.dbt_project.source_not_null_raw_customers_customer_id.e869432dbb"} */

    select
      count(*) as failures,
      count(*) != 0 as should_warn,
      count(*) != 0 as should_error
    from (
      
    
  
    
    



select customer_id
from "dbt_project"."public"."customers"
where customer_id is null



  
  
      
    ) dbt_internal_test
[0m14:48:09.646861 [debug] [Thread-3 (]: Opening a new connection, currently in state closed
[0m14:48:09.651861 [debug] [Thread-4 (]: SQL status: SELECT 1 in 0.003 seconds
[0m14:48:09.653862 [debug] [Thread-4 (]: On test.dbt_project.source_not_null_raw_customers_customer_id.e869432dbb: ROLLBACK
[0m14:48:09.654863 [debug] [Thread-4 (]: On test.dbt_project.source_not_null_raw_customers_customer_id.e869432dbb: Close
[0m14:48:09.656862 [info ] [Thread-4 (]: 18 of 26 PASS source_not_null_raw_customers_customer_id ........................ [[32mPASS[0m in 0.10s]
[0m14:48:09.657864 [debug] [Thread-4 (]: Finished running node test.dbt_project.source_not_null_raw_customers_customer_id.e869432dbb
[0m14:48:09.658863 [debug] [Thread-4 (]: Began running node test.dbt_project.unique_brnz_orders_order_id.96b1d65cd2
[0m14:48:09.659863 [info ] [Thread-4 (]: 22 of 26 START test unique_brnz_orders_order_id ................................ [RUN]
[0m14:48:09.661866 [debug] [Thread-4 (]: Re-using an available connection from the pool (formerly test.dbt_project.source_not_null_raw_customers_customer_id.e869432dbb, now test.dbt_project.unique_brnz_orders_order_id.96b1d65cd2)
[0m14:48:09.662864 [debug] [Thread-4 (]: Began compiling node test.dbt_project.unique_brnz_orders_order_id.96b1d65cd2
[0m14:48:09.668867 [debug] [Thread-4 (]: Writing injected SQL for node "test.dbt_project.unique_brnz_orders_order_id.96b1d65cd2"
[0m14:48:09.670866 [debug] [Thread-4 (]: Began executing node test.dbt_project.unique_brnz_orders_order_id.96b1d65cd2
[0m14:48:09.673866 [debug] [Thread-4 (]: Writing runtime sql for node "test.dbt_project.unique_brnz_orders_order_id.96b1d65cd2"
[0m14:48:09.675866 [debug] [Thread-4 (]: Using postgres connection "test.dbt_project.unique_brnz_orders_order_id.96b1d65cd2"
[0m14:48:09.676867 [debug] [Thread-4 (]: On test.dbt_project.unique_brnz_orders_order_id.96b1d65cd2: BEGIN
[0m14:48:09.677867 [debug] [Thread-4 (]: Opening a new connection, currently in state closed
[0m14:48:09.684871 [debug] [Thread-1 (]: SQL status: BEGIN in 0.040 seconds
[0m14:48:09.685869 [debug] [Thread-1 (]: Using postgres connection "test.dbt_project.source_unique_raw_orders_order_id.2e0765462f"
[0m14:48:09.686870 [debug] [Thread-1 (]: On test.dbt_project.source_unique_raw_orders_order_id.2e0765462f: /* {"app": "dbt", "dbt_version": "1.10.8", "profile_name": "dbt_project", "target_name": "dev", "node_id": "test.dbt_project.source_unique_raw_orders_order_id.2e0765462f"} */

    select
      count(*) as failures,
      count(*) != 0 as should_warn,
      count(*) != 0 as should_error
    from (
      
    
  
    
    

select
    order_id as unique_field,
    count(*) as n_records

from "dbt_project"."public"."orders"
where order_id is not null
group by order_id
having count(*) > 1



  
  
      
    ) dbt_internal_test
[0m14:48:09.690870 [debug] [Thread-3 (]: SQL status: BEGIN in 0.043 seconds
[0m14:48:09.690870 [debug] [Thread-3 (]: Using postgres connection "test.dbt_project.unique_brnz_customers_customer_id.78e1c63f73"
[0m14:48:09.691872 [debug] [Thread-1 (]: SQL status: SELECT 1 in 0.003 seconds
[0m14:48:09.691872 [debug] [Thread-3 (]: On test.dbt_project.unique_brnz_customers_customer_id.78e1c63f73: /* {"app": "dbt", "dbt_version": "1.10.8", "profile_name": "dbt_project", "target_name": "dev", "node_id": "test.dbt_project.unique_brnz_customers_customer_id.78e1c63f73"} */

    select
      count(*) as failures,
      count(*) != 0 as should_warn,
      count(*) != 0 as should_error
    from (
      
    
  
    
    

select
    customer_id as unique_field,
    count(*) as n_records

from "dbt_project".public.brnz_customers
where customer_id is not null
group by customer_id
having count(*) > 1



  
  
      
    ) dbt_internal_test
[0m14:48:09.694871 [debug] [Thread-1 (]: On test.dbt_project.source_unique_raw_orders_order_id.2e0765462f: ROLLBACK
[0m14:48:09.695872 [debug] [Thread-1 (]: On test.dbt_project.source_unique_raw_orders_order_id.2e0765462f: Close
[0m14:48:09.697872 [debug] [Thread-3 (]: SQL status: SELECT 1 in 0.003 seconds
[0m14:48:09.697872 [info ] [Thread-1 (]: 20 of 26 PASS source_unique_raw_orders_order_id ................................ [[32mPASS[0m in 0.08s]
[0m14:48:09.699872 [debug] [Thread-3 (]: On test.dbt_project.unique_brnz_customers_customer_id.78e1c63f73: ROLLBACK
[0m14:48:09.700873 [debug] [Thread-1 (]: Finished running node test.dbt_project.source_unique_raw_orders_order_id.2e0765462f
[0m14:48:09.701873 [debug] [Thread-3 (]: On test.dbt_project.unique_brnz_customers_customer_id.78e1c63f73: Close
[0m14:48:09.702875 [debug] [Thread-1 (]: Began running node test.dbt_project.unique_customer_metrics_customer_id.9d7dec9840
[0m14:48:09.703873 [info ] [Thread-3 (]: 21 of 26 PASS unique_brnz_customers_customer_id ................................ [[32mPASS[0m in 0.08s]
[0m14:48:09.704875 [info ] [Thread-1 (]: 23 of 26 START test unique_customer_metrics_customer_id ........................ [RUN]
[0m14:48:09.706874 [debug] [Thread-3 (]: Finished running node test.dbt_project.unique_brnz_customers_customer_id.78e1c63f73
[0m14:48:09.707874 [debug] [Thread-1 (]: Re-using an available connection from the pool (formerly test.dbt_project.source_unique_raw_orders_order_id.2e0765462f, now test.dbt_project.unique_customer_metrics_customer_id.9d7dec9840)
[0m14:48:09.707874 [debug] [Thread-3 (]: Began running node test.dbt_project.unique_stg_customers_customer_id.c7614daada
[0m14:48:09.708874 [debug] [Thread-1 (]: Began compiling node test.dbt_project.unique_customer_metrics_customer_id.9d7dec9840
[0m14:48:09.709874 [info ] [Thread-3 (]: 24 of 26 START test unique_stg_customers_customer_id ........................... [RUN]
[0m14:48:09.714876 [debug] [Thread-1 (]: Writing injected SQL for node "test.dbt_project.unique_customer_metrics_customer_id.9d7dec9840"
[0m14:48:09.715876 [debug] [Thread-3 (]: Re-using an available connection from the pool (formerly test.dbt_project.unique_brnz_customers_customer_id.78e1c63f73, now test.dbt_project.unique_stg_customers_customer_id.c7614daada)
[0m14:48:09.716878 [debug] [Thread-3 (]: Began compiling node test.dbt_project.unique_stg_customers_customer_id.c7614daada
[0m14:48:09.721877 [debug] [Thread-3 (]: Writing injected SQL for node "test.dbt_project.unique_stg_customers_customer_id.c7614daada"
[0m14:48:09.722877 [debug] [Thread-1 (]: Began executing node test.dbt_project.unique_customer_metrics_customer_id.9d7dec9840
[0m14:48:09.722877 [debug] [Thread-4 (]: SQL status: BEGIN in 0.046 seconds
[0m14:48:09.730879 [debug] [Thread-1 (]: Writing runtime sql for node "test.dbt_project.unique_customer_metrics_customer_id.9d7dec9840"
[0m14:48:09.731879 [debug] [Thread-4 (]: Using postgres connection "test.dbt_project.unique_brnz_orders_order_id.96b1d65cd2"
[0m14:48:09.732880 [debug] [Thread-3 (]: Began executing node test.dbt_project.unique_stg_customers_customer_id.c7614daada
[0m14:48:09.733882 [debug] [Thread-4 (]: On test.dbt_project.unique_brnz_orders_order_id.96b1d65cd2: /* {"app": "dbt", "dbt_version": "1.10.8", "profile_name": "dbt_project", "target_name": "dev", "node_id": "test.dbt_project.unique_brnz_orders_order_id.96b1d65cd2"} */

    select
      count(*) as failures,
      count(*) != 0 as should_warn,
      count(*) != 0 as should_error
    from (
      
    
  
    
    

select
    order_id as unique_field,
    count(*) as n_records

from "dbt_project".public.brnz_orders
where order_id is not null
group by order_id
having count(*) > 1



  
  
      
    ) dbt_internal_test
[0m14:48:09.736881 [debug] [Thread-3 (]: Writing runtime sql for node "test.dbt_project.unique_stg_customers_customer_id.c7614daada"
[0m14:48:09.737880 [debug] [Thread-1 (]: Using postgres connection "test.dbt_project.unique_customer_metrics_customer_id.9d7dec9840"
[0m14:48:09.739881 [debug] [Thread-1 (]: On test.dbt_project.unique_customer_metrics_customer_id.9d7dec9840: BEGIN
[0m14:48:09.740883 [debug] [Thread-3 (]: Using postgres connection "test.dbt_project.unique_stg_customers_customer_id.c7614daada"
[0m14:48:09.741883 [debug] [Thread-4 (]: SQL status: SELECT 1 in 0.003 seconds
[0m14:48:09.741883 [debug] [Thread-1 (]: Opening a new connection, currently in state closed
[0m14:48:09.742883 [debug] [Thread-3 (]: On test.dbt_project.unique_stg_customers_customer_id.c7614daada: BEGIN
[0m14:48:09.743881 [debug] [Thread-4 (]: On test.dbt_project.unique_brnz_orders_order_id.96b1d65cd2: ROLLBACK
[0m14:48:09.745883 [debug] [Thread-3 (]: Opening a new connection, currently in state closed
[0m14:48:09.746884 [debug] [Thread-4 (]: On test.dbt_project.unique_brnz_orders_order_id.96b1d65cd2: Close
[0m14:48:09.747884 [info ] [Thread-4 (]: 22 of 26 PASS unique_brnz_orders_order_id ...................................... [[32mPASS[0m in 0.09s]
[0m14:48:09.749885 [debug] [Thread-4 (]: Finished running node test.dbt_project.unique_brnz_orders_order_id.96b1d65cd2
[0m14:48:09.750884 [debug] [Thread-4 (]: Began running node test.dbt_project.unique_stg_customers_email.1ebcb2333e
[0m14:48:09.751886 [debug] [Thread-2 (]: SQL status: BEGIN in 0.155 seconds
[0m14:48:09.751886 [info ] [Thread-4 (]: 25 of 26 START test unique_stg_customers_email ................................. [RUN]
[0m14:48:09.752884 [debug] [Thread-2 (]: Using postgres connection "test.dbt_project.source_unique_raw_customers_customer_id.3579d23017"
[0m14:48:09.754885 [debug] [Thread-4 (]: Re-using an available connection from the pool (formerly test.dbt_project.unique_brnz_orders_order_id.96b1d65cd2, now test.dbt_project.unique_stg_customers_email.1ebcb2333e)
[0m14:48:09.755886 [debug] [Thread-2 (]: On test.dbt_project.source_unique_raw_customers_customer_id.3579d23017: /* {"app": "dbt", "dbt_version": "1.10.8", "profile_name": "dbt_project", "target_name": "dev", "node_id": "test.dbt_project.source_unique_raw_customers_customer_id.3579d23017"} */

    select
      count(*) as failures,
      count(*) != 0 as should_warn,
      count(*) != 0 as should_error
    from (
      
    
  
    
    

select
    customer_id as unique_field,
    count(*) as n_records

from "dbt_project"."public"."customers"
where customer_id is not null
group by customer_id
having count(*) > 1



  
  
      
    ) dbt_internal_test
[0m14:48:09.757888 [debug] [Thread-4 (]: Began compiling node test.dbt_project.unique_stg_customers_email.1ebcb2333e
[0m14:48:09.764887 [debug] [Thread-4 (]: Writing injected SQL for node "test.dbt_project.unique_stg_customers_email.1ebcb2333e"
[0m14:48:09.765887 [debug] [Thread-2 (]: SQL status: SELECT 1 in 0.007 seconds
[0m14:48:09.767887 [debug] [Thread-2 (]: On test.dbt_project.source_unique_raw_customers_customer_id.3579d23017: ROLLBACK
[0m14:48:09.768889 [debug] [Thread-4 (]: Began executing node test.dbt_project.unique_stg_customers_email.1ebcb2333e
[0m14:48:09.768889 [debug] [Thread-2 (]: On test.dbt_project.source_unique_raw_customers_customer_id.3579d23017: Close
[0m14:48:09.772889 [debug] [Thread-4 (]: Writing runtime sql for node "test.dbt_project.unique_stg_customers_email.1ebcb2333e"
[0m14:48:09.773889 [info ] [Thread-2 (]: 19 of 26 PASS source_unique_raw_customers_customer_id .......................... [[32mPASS[0m in 0.22s]
[0m14:48:09.775890 [debug] [Thread-2 (]: Finished running node test.dbt_project.source_unique_raw_customers_customer_id.3579d23017
[0m14:48:09.776891 [debug] [Thread-4 (]: Using postgres connection "test.dbt_project.unique_stg_customers_email.1ebcb2333e"
[0m14:48:09.777890 [debug] [Thread-2 (]: Began running node test.dbt_project.unique_stg_orders_order_id.e3b841c71a
[0m14:48:09.778889 [debug] [Thread-4 (]: On test.dbt_project.unique_stg_customers_email.1ebcb2333e: BEGIN
[0m14:48:09.779891 [info ] [Thread-2 (]: 26 of 26 START test unique_stg_orders_order_id ................................. [RUN]
[0m14:48:09.779891 [debug] [Thread-4 (]: Opening a new connection, currently in state closed
[0m14:48:09.781892 [debug] [Thread-2 (]: Re-using an available connection from the pool (formerly test.dbt_project.source_unique_raw_customers_customer_id.3579d23017, now test.dbt_project.unique_stg_orders_order_id.e3b841c71a)
[0m14:48:09.782891 [debug] [Thread-2 (]: Began compiling node test.dbt_project.unique_stg_orders_order_id.e3b841c71a
[0m14:48:09.787893 [debug] [Thread-2 (]: Writing injected SQL for node "test.dbt_project.unique_stg_orders_order_id.e3b841c71a"
[0m14:48:09.788892 [debug] [Thread-1 (]: SQL status: BEGIN in 0.046 seconds
[0m14:48:09.789894 [debug] [Thread-3 (]: SQL status: BEGIN in 0.044 seconds
[0m14:48:09.790895 [debug] [Thread-1 (]: Using postgres connection "test.dbt_project.unique_customer_metrics_customer_id.9d7dec9840"
[0m14:48:09.792895 [debug] [Thread-2 (]: Began executing node test.dbt_project.unique_stg_orders_order_id.e3b841c71a
[0m14:48:09.792895 [debug] [Thread-3 (]: Using postgres connection "test.dbt_project.unique_stg_customers_customer_id.c7614daada"
[0m14:48:09.793895 [debug] [Thread-1 (]: On test.dbt_project.unique_customer_metrics_customer_id.9d7dec9840: /* {"app": "dbt", "dbt_version": "1.10.8", "profile_name": "dbt_project", "target_name": "dev", "node_id": "test.dbt_project.unique_customer_metrics_customer_id.9d7dec9840"} */

    select
      count(*) as failures,
      count(*) != 0 as should_warn,
      count(*) != 0 as should_error
    from (
      
    
  
    
    

select
    customer_id as unique_field,
    count(*) as n_records

from "dbt_project".public.customer_metrics
where customer_id is not null
group by customer_id
having count(*) > 1



  
  
      
    ) dbt_internal_test
[0m14:48:09.796894 [debug] [Thread-2 (]: Writing runtime sql for node "test.dbt_project.unique_stg_orders_order_id.e3b841c71a"
[0m14:48:09.797895 [debug] [Thread-3 (]: On test.dbt_project.unique_stg_customers_customer_id.c7614daada: /* {"app": "dbt", "dbt_version": "1.10.8", "profile_name": "dbt_project", "target_name": "dev", "node_id": "test.dbt_project.unique_stg_customers_customer_id.c7614daada"} */

    select
      count(*) as failures,
      count(*) != 0 as should_warn,
      count(*) != 0 as should_error
    from (
      
    
  
    
    

select
    customer_id as unique_field,
    count(*) as n_records

from "dbt_project".public.stg_customers
where customer_id is not null
group by customer_id
having count(*) > 1



  
  
      
    ) dbt_internal_test
[0m14:48:09.800896 [debug] [Thread-2 (]: Using postgres connection "test.dbt_project.unique_stg_orders_order_id.e3b841c71a"
[0m14:48:09.801896 [debug] [Thread-1 (]: SQL status: SELECT 1 in 0.002 seconds
[0m14:48:09.801896 [debug] [Thread-2 (]: On test.dbt_project.unique_stg_orders_order_id.e3b841c71a: BEGIN
[0m14:48:09.802896 [debug] [Thread-3 (]: SQL status: SELECT 1 in 0.003 seconds
[0m14:48:09.804896 [debug] [Thread-1 (]: On test.dbt_project.unique_customer_metrics_customer_id.9d7dec9840: ROLLBACK
[0m14:48:09.805896 [debug] [Thread-2 (]: Opening a new connection, currently in state closed
[0m14:48:09.807896 [debug] [Thread-3 (]: On test.dbt_project.unique_stg_customers_customer_id.c7614daada: ROLLBACK
[0m14:48:09.808898 [debug] [Thread-1 (]: On test.dbt_project.unique_customer_metrics_customer_id.9d7dec9840: Close
[0m14:48:09.809897 [debug] [Thread-3 (]: On test.dbt_project.unique_stg_customers_customer_id.c7614daada: Close
[0m14:48:09.810897 [info ] [Thread-1 (]: 23 of 26 PASS unique_customer_metrics_customer_id .............................. [[32mPASS[0m in 0.10s]
[0m14:48:09.811900 [info ] [Thread-3 (]: 24 of 26 PASS unique_stg_customers_customer_id ................................. [[32mPASS[0m in 0.10s]
[0m14:48:09.812898 [debug] [Thread-1 (]: Finished running node test.dbt_project.unique_customer_metrics_customer_id.9d7dec9840
[0m14:48:09.814898 [debug] [Thread-3 (]: Finished running node test.dbt_project.unique_stg_customers_customer_id.c7614daada
[0m14:48:09.821899 [debug] [Thread-4 (]: SQL status: BEGIN in 0.042 seconds
[0m14:48:09.822899 [debug] [Thread-4 (]: Using postgres connection "test.dbt_project.unique_stg_customers_email.1ebcb2333e"
[0m14:48:09.823900 [debug] [Thread-4 (]: On test.dbt_project.unique_stg_customers_email.1ebcb2333e: /* {"app": "dbt", "dbt_version": "1.10.8", "profile_name": "dbt_project", "target_name": "dev", "node_id": "test.dbt_project.unique_stg_customers_email.1ebcb2333e"} */

    select
      count(*) as failures,
      count(*) != 0 as should_warn,
      count(*) != 0 as should_error
    from (
      
    
  
    
    

select
    email as unique_field,
    count(*) as n_records

from "dbt_project".public.stg_customers
where email is not null
group by email
having count(*) > 1



  
  
      
    ) dbt_internal_test
[0m14:48:09.826901 [debug] [Thread-4 (]: SQL status: SELECT 1 in 0.002 seconds
[0m14:48:09.828901 [debug] [Thread-4 (]: On test.dbt_project.unique_stg_customers_email.1ebcb2333e: ROLLBACK
[0m14:48:09.828901 [debug] [Thread-4 (]: On test.dbt_project.unique_stg_customers_email.1ebcb2333e: Close
[0m14:48:09.829901 [info ] [Thread-4 (]: 25 of 26 PASS unique_stg_customers_email ....................................... [[32mPASS[0m in 0.08s]
[0m14:48:09.830902 [debug] [Thread-4 (]: Finished running node test.dbt_project.unique_stg_customers_email.1ebcb2333e
[0m14:48:09.844904 [debug] [Thread-2 (]: SQL status: BEGIN in 0.039 seconds
[0m14:48:09.844904 [debug] [Thread-2 (]: Using postgres connection "test.dbt_project.unique_stg_orders_order_id.e3b841c71a"
[0m14:48:09.845905 [debug] [Thread-2 (]: On test.dbt_project.unique_stg_orders_order_id.e3b841c71a: /* {"app": "dbt", "dbt_version": "1.10.8", "profile_name": "dbt_project", "target_name": "dev", "node_id": "test.dbt_project.unique_stg_orders_order_id.e3b841c71a"} */

    select
      count(*) as failures,
      count(*) != 0 as should_warn,
      count(*) != 0 as should_error
    from (
      
    
  
    
    

select
    order_id as unique_field,
    count(*) as n_records

from "dbt_project".public.stg_orders
where order_id is not null
group by order_id
having count(*) > 1



  
  
      
    ) dbt_internal_test
[0m14:48:09.848905 [debug] [Thread-2 (]: SQL status: SELECT 1 in 0.002 seconds
[0m14:48:09.849906 [debug] [Thread-2 (]: On test.dbt_project.unique_stg_orders_order_id.e3b841c71a: ROLLBACK
[0m14:48:09.850906 [debug] [Thread-2 (]: On test.dbt_project.unique_stg_orders_order_id.e3b841c71a: Close
[0m14:48:09.852908 [info ] [Thread-2 (]: 26 of 26 PASS unique_stg_orders_order_id ....................................... [[32mPASS[0m in 0.07s]
[0m14:48:09.853908 [debug] [Thread-2 (]: Finished running node test.dbt_project.unique_stg_orders_order_id.e3b841c71a
[0m14:48:09.855908 [debug] [MainThread]: Using postgres connection "master"
[0m14:48:09.855908 [debug] [MainThread]: On master: BEGIN
[0m14:48:09.856908 [debug] [MainThread]: Opening a new connection, currently in state closed
[0m14:48:09.892916 [debug] [MainThread]: SQL status: BEGIN in 0.036 seconds
[0m14:48:09.892916 [debug] [MainThread]: On master: COMMIT
[0m14:48:09.893919 [debug] [MainThread]: Using postgres connection "master"
[0m14:48:09.894917 [debug] [MainThread]: On master: COMMIT
[0m14:48:09.895917 [debug] [MainThread]: SQL status: COMMIT in 0.000 seconds
[0m14:48:09.895917 [debug] [MainThread]: On master: Close
[0m14:48:09.896917 [debug] [MainThread]: Connection 'master' was properly closed.
[0m14:48:09.896917 [debug] [MainThread]: Connection 'list_dbt_project_public' was properly closed.
[0m14:48:09.897918 [debug] [MainThread]: Connection 'test.dbt_project.unique_customer_metrics_customer_id.9d7dec9840' was properly closed.
[0m14:48:09.897918 [debug] [MainThread]: Connection 'test.dbt_project.unique_stg_orders_order_id.e3b841c71a' was properly closed.
[0m14:48:09.898917 [debug] [MainThread]: Connection 'test.dbt_project.unique_stg_customers_customer_id.c7614daada' was properly closed.
[0m14:48:09.898917 [debug] [MainThread]: Connection 'test.dbt_project.unique_stg_customers_email.1ebcb2333e' was properly closed.
[0m14:48:09.899918 [info ] [MainThread]: 
[0m14:48:09.900919 [info ] [MainThread]: Finished running 26 data tests in 0 hours 0 minutes and 1.17 seconds (1.17s).
[0m14:48:09.905917 [debug] [MainThread]: Command end result
[0m14:48:09.937928 [debug] [MainThread]: Wrote artifact WritableManifest to C:\Users\arpit\Jupyter Notebook\CI CD Pipeline project\target\manifest.json
[0m14:48:09.940927 [debug] [MainThread]: Wrote artifact SemanticManifest to C:\Users\arpit\Jupyter Notebook\CI CD Pipeline project\target\semantic_manifest.json
[0m14:48:09.949930 [debug] [MainThread]: Wrote artifact RunExecutionResult to C:\Users\arpit\Jupyter Notebook\CI CD Pipeline project\target\run_results.json
[0m14:48:09.949930 [info ] [MainThread]: 
[0m14:48:09.950929 [info ] [MainThread]: [31mCompleted with 1 error, 0 partial successes, and 0 warnings:[0m
[0m14:48:09.951929 [info ] [MainThread]: 
[0m14:48:09.952930 [error] [MainThread]: [31mFailure in test accepted_values_stg_orders_status__completed__pending__cancelled (models\silver\_silver_models.yml)[0m
[0m14:48:09.953930 [error] [MainThread]:   Got 1 result, configured to fail if != 0
[0m14:48:09.954931 [info ] [MainThread]: 
[0m14:48:09.955930 [info ] [MainThread]:   compiled code at target\compiled\dbt_project\models\silver\_silver_models.yml\accepted_values_stg_orders_c217213702443ee7b09a23a60d631f4d.sql
[0m14:48:09.955930 [info ] [MainThread]: 
[0m14:48:09.956931 [info ] [MainThread]: Done. PASS=25 WARN=0 ERROR=1 SKIP=0 NO-OP=0 TOTAL=26
[0m14:48:09.958932 [debug] [MainThread]: Command `dbt test` failed at 14:48:09.958932 after 2.46 seconds
[0m14:48:09.958932 [debug] [MainThread]: Sending event: {'category': 'dbt', 'action': 'invocation', 'label': 'end', 'context': [<snowplow_tracker.self_describing_json.SelfDescribingJson object at 0x00000293AF7E9FD0>, <snowplow_tracker.self_describing_json.SelfDescribingJson object at 0x00000293A7506190>, <snowplow_tracker.self_describing_json.SelfDescribingJson object at 0x00000293A75060D0>]}
[0m14:48:09.959930 [debug] [MainThread]: Flushing usage events
[0m14:48:10.471061 [debug] [MainThread]: An error was encountered while trying to flush usage events
[0m14:48:36.229720 [debug] [MainThread]: Sending event: {'category': 'dbt', 'action': 'invocation', 'label': 'start', 'context': [<snowplow_tracker.self_describing_json.SelfDescribingJson object at 0x000001676499F710>, <snowplow_tracker.self_describing_json.SelfDescribingJson object at 0x000001676499C750>, <snowplow_tracker.self_describing_json.SelfDescribingJson object at 0x000001676499C810>]}


============================== 14:48:36.233721 | 06d9ae9a-f507-41a1-865c-d078bf2db915 ==============================
[0m14:48:36.233721 [info ] [MainThread]: Running with dbt=1.10.8
[0m14:48:36.234722 [debug] [MainThread]: running dbt with arguments {'printer_width': '80', 'indirect_selection': 'eager', 'log_cache_events': 'False', 'write_json': 'True', 'partial_parse': 'True', 'cache_selected_only': 'False', 'profiles_dir': 'C:\\Users\\arpit\\.dbt', 'debug': 'False', 'warn_error': 'None', 'log_path': 'C:\\Users\\arpit\\Jupyter Notebook\\CI CD Pipeline project\\logs', 'version_check': 'True', 'fail_fast': 'False', 'use_colors': 'True', 'use_experimental_parser': 'False', 'no_print': 'None', 'quiet': 'False', 'empty': 'None', 'log_format': 'default', 'introspect': 'True', 'static_parser': 'True', 'invocation_command': 'dbt run-operation query --args sql: SELECT DISTINCT LOWER(TRIM(status)) as status FROM public.orders ORDER BY status', 'target_path': 'None', 'warn_error_options': 'WarnErrorOptionsV2(error=[], warn=[], silence=[])', 'send_anonymous_usage_stats': 'True'}
[0m14:48:36.501783 [debug] [MainThread]: Sending event: {'category': 'dbt', 'action': 'project_id', 'label': '06d9ae9a-f507-41a1-865c-d078bf2db915', 'context': [<snowplow_tracker.self_describing_json.SelfDescribingJson object at 0x00000167639CCF10>]}
[0m14:48:36.580801 [debug] [MainThread]: Sending event: {'category': 'dbt', 'action': 'adapter_info', 'label': '06d9ae9a-f507-41a1-865c-d078bf2db915', 'context': [<snowplow_tracker.self_describing_json.SelfDescribingJson object at 0x000001676135E750>]}
[0m14:48:36.582801 [info ] [MainThread]: Registered adapter: postgres=1.9.0
[0m14:48:36.915876 [debug] [MainThread]: checksum: 265d66e81f90af29a7a28579c9b54d938c94f4a57c57be5f853267ae509b5fcb, vars: {}, profile: , target: , version: 1.10.8
[0m14:48:37.104920 [debug] [MainThread]: Partial parsing enabled: 0 files deleted, 0 files added, 0 files changed.
[0m14:48:37.105919 [debug] [MainThread]: Partial parsing enabled, no changes found, skipping parsing
[0m14:48:37.111919 [warn ] [MainThread]: [[33mWARNING[0m]: Configuration paths exist in your dbt_project.yml file which do not apply to any resources.
There are 2 unused configuration paths:
- models.dbt_project.marts
- models.dbt_project.staging
[0m14:48:37.163932 [debug] [MainThread]: Sending event: {'category': 'dbt', 'action': 'load_project', 'label': '06d9ae9a-f507-41a1-865c-d078bf2db915', 'context': [<snowplow_tracker.self_describing_json.SelfDescribingJson object at 0x0000016765E7C610>]}
[0m14:48:37.260954 [debug] [MainThread]: Wrote artifact WritableManifest to C:\Users\arpit\Jupyter Notebook\CI CD Pipeline project\target\manifest.json
[0m14:48:37.264956 [debug] [MainThread]: Wrote artifact SemanticManifest to C:\Users\arpit\Jupyter Notebook\CI CD Pipeline project\target\semantic_manifest.json
[0m14:48:37.291961 [debug] [MainThread]: Sending event: {'category': 'dbt', 'action': 'resource_counts', 'label': '06d9ae9a-f507-41a1-865c-d078bf2db915', 'context': [<snowplow_tracker.self_describing_json.SelfDescribingJson object at 0x0000016766144110>]}
[0m14:48:37.291961 [info ] [MainThread]: Found 5 models, 3 seeds, 26 data tests, 2 sources, 434 macros
[0m14:48:37.292963 [debug] [MainThread]: Sending event: {'category': 'dbt', 'action': 'runnable_timing', 'label': '06d9ae9a-f507-41a1-865c-d078bf2db915', 'context': [<snowplow_tracker.self_describing_json.SelfDescribingJson object at 0x0000016765BCA110>]}
[0m14:48:37.293962 [debug] [MainThread]: Acquiring new postgres connection 'macro_query'
[0m14:48:37.293962 [debug] [MainThread]: Using postgres connection "macro_query"
[0m14:48:37.294963 [debug] [MainThread]: On macro_query: BEGIN
[0m14:48:37.294963 [debug] [MainThread]: Opening a new connection, currently in state init
[0m14:48:37.447997 [debug] [MainThread]: SQL status: BEGIN in 0.153 seconds
[0m14:48:37.448996 [debug] [MainThread]: On macro_query: COMMIT
[0m14:48:37.449998 [debug] [MainThread]: Using postgres connection "macro_query"
[0m14:48:37.449998 [debug] [MainThread]: On macro_query: COMMIT
[0m14:48:37.450998 [debug] [MainThread]: SQL status: COMMIT in 0.000 seconds
[0m14:48:37.452000 [debug] [MainThread]: On macro_query: Close
[0m14:48:37.452998 [error] [MainThread]: Encountered an error while running operation: Runtime Error
  dbt could not find a macro with the name "query" in any package
[0m14:48:37.467001 [debug] [MainThread]: Traceback (most recent call last):
  File "C:\Users\arpit\AppData\Local\Programs\Python\Python311\Lib\site-packages\dbt\task\run_operation.py", line 64, in run
    self._run_unsafe(package_name, macro_name)
  File "C:\Users\arpit\AppData\Local\Programs\Python\Python311\Lib\site-packages\dbt\task\run_operation.py", line 45, in _run_unsafe
    res = adapter.execute_macro(
          ^^^^^^^^^^^^^^^^^^^^^^
  File "C:\Users\arpit\AppData\Local\Programs\Python\Python311\Lib\site-packages\dbt\adapters\base\impl.py", line 1271, in execute_macro
    raise DbtRuntimeError(
dbt_common.exceptions.base.DbtRuntimeError: Runtime Error
  dbt could not find a macro with the name "query" in any package

[0m14:48:37.468002 [error] [MainThread]: Encountered an error:
Compilation Error
  dbt could not find a macro with the name 'query' in any package. This can happen when calling a macro that does not exist. Check for typos and/or install package dependencies with "dbt deps".
[0m14:48:37.470003 [debug] [MainThread]: Command `dbt run-operation` failed at 14:48:37.470003 after 1.33 seconds
[0m14:48:37.470003 [debug] [MainThread]: Connection 'macro_query' was properly closed.
[0m14:48:37.471001 [debug] [MainThread]: Sending event: {'category': 'dbt', 'action': 'invocation', 'label': 'end', 'context': [<snowplow_tracker.self_describing_json.SelfDescribingJson object at 0x0000016764A1D150>, <snowplow_tracker.self_describing_json.SelfDescribingJson object at 0x00000167649E0410>, <snowplow_tracker.self_describing_json.SelfDescribingJson object at 0x0000016765BB0D90>]}
[0m14:48:37.472002 [debug] [MainThread]: Flushing usage events
[0m14:48:38.345224 [debug] [MainThread]: An error was encountered while trying to flush usage events
[0m14:49:43.917140 [debug] [MainThread]: Sending event: {'category': 'dbt', 'action': 'invocation', 'label': 'start', 'context': [<snowplow_tracker.self_describing_json.SelfDescribingJson object at 0x000002290BBDFFD0>, <snowplow_tracker.self_describing_json.SelfDescribingJson object at 0x000002290BBDD610>, <snowplow_tracker.self_describing_json.SelfDescribingJson object at 0x000002290BBDCE50>]}


============================== 14:49:43.921140 | c5bf7c63-bd2c-440f-b5b8-51c1bc79b134 ==============================
[0m14:49:43.921140 [info ] [MainThread]: Running with dbt=1.10.8
[0m14:49:43.923142 [debug] [MainThread]: running dbt with arguments {'printer_width': '80', 'indirect_selection': 'eager', 'log_cache_events': 'False', 'write_json': 'True', 'partial_parse': 'True', 'cache_selected_only': 'False', 'profiles_dir': 'C:\\Users\\arpit\\.dbt', 'version_check': 'True', 'fail_fast': 'False', 'log_path': 'C:\\Users\\arpit\\Jupyter Notebook\\CI CD Pipeline project\\logs', 'warn_error': 'None', 'debug': 'False', 'use_colors': 'True', 'use_experimental_parser': 'False', 'empty': 'False', 'quiet': 'False', 'no_print': 'None', 'log_format': 'default', 'static_parser': 'True', 'invocation_command': 'dbt run', 'introspect': 'True', 'target_path': 'None', 'warn_error_options': 'WarnErrorOptionsV2(error=[], warn=[], silence=[])', 'send_anonymous_usage_stats': 'True'}
[0m14:49:44.198203 [debug] [MainThread]: Sending event: {'category': 'dbt', 'action': 'project_id', 'label': 'c5bf7c63-bd2c-440f-b5b8-51c1bc79b134', 'context': [<snowplow_tracker.self_describing_json.SelfDescribingJson object at 0x000002290BDC1410>]}
[0m14:49:44.277221 [debug] [MainThread]: Sending event: {'category': 'dbt', 'action': 'adapter_info', 'label': 'c5bf7c63-bd2c-440f-b5b8-51c1bc79b134', 'context': [<snowplow_tracker.self_describing_json.SelfDescribingJson object at 0x000002290A8AFA90>]}
[0m14:49:44.279221 [info ] [MainThread]: Registered adapter: postgres=1.9.0
[0m14:49:44.620299 [debug] [MainThread]: checksum: 265d66e81f90af29a7a28579c9b54d938c94f4a57c57be5f853267ae509b5fcb, vars: {}, profile: , target: , version: 1.10.8
[0m14:49:44.820347 [debug] [MainThread]: Partial parsing enabled: 0 files deleted, 0 files added, 1 files changed.
[0m14:49:44.821345 [debug] [MainThread]: Partial parsing: updated file: dbt_project://models\silver\stg_orders.sql
[0m14:49:45.299453 [warn ] [MainThread]: [[33mWARNING[0m][MissingArgumentsPropertyInGenericTestDeprecation]: Deprecated
functionality
Found top-level arguments to test `relationships`. Arguments to generic tests
should be nested under the `arguments` property.`
[0m14:49:45.300453 [debug] [MainThread]: Sending event: {'category': 'dbt', 'action': 'deprecation', 'label': 'c5bf7c63-bd2c-440f-b5b8-51c1bc79b134', 'property_': 'warn', 'context': [<snowplow_tracker.self_describing_json.SelfDescribingJson object at 0x000002290BE7EE10>]}
[0m14:49:45.405478 [warn ] [MainThread]: [[33mWARNING[0m]: Configuration paths exist in your dbt_project.yml file which do not apply to any resources.
There are 2 unused configuration paths:
- models.dbt_project.marts
- models.dbt_project.staging
[0m14:49:45.421480 [debug] [MainThread]: Sending event: {'category': 'dbt', 'action': 'load_project', 'label': 'c5bf7c63-bd2c-440f-b5b8-51c1bc79b134', 'context': [<snowplow_tracker.self_describing_json.SelfDescribingJson object at 0x000002290C39D790>]}
[0m14:49:45.522503 [debug] [MainThread]: Wrote artifact WritableManifest to C:\Users\arpit\Jupyter Notebook\CI CD Pipeline project\target\manifest.json
[0m14:49:45.525504 [debug] [MainThread]: Wrote artifact SemanticManifest to C:\Users\arpit\Jupyter Notebook\CI CD Pipeline project\target\semantic_manifest.json
[0m14:49:45.562512 [debug] [MainThread]: Sending event: {'category': 'dbt', 'action': 'resource_counts', 'label': 'c5bf7c63-bd2c-440f-b5b8-51c1bc79b134', 'context': [<snowplow_tracker.self_describing_json.SelfDescribingJson object at 0x000002290BDED990>]}
[0m14:49:45.563513 [info ] [MainThread]: Found 5 models, 3 seeds, 26 data tests, 2 sources, 434 macros
[0m14:49:45.564513 [debug] [MainThread]: Sending event: {'category': 'dbt', 'action': 'runnable_timing', 'label': 'c5bf7c63-bd2c-440f-b5b8-51c1bc79b134', 'context': [<snowplow_tracker.self_describing_json.SelfDescribingJson object at 0x000002290BC48C10>]}
[0m14:49:45.567513 [info ] [MainThread]: 
[0m14:49:45.568513 [info ] [MainThread]: Concurrency: 4 threads (target='dev')
[0m14:49:45.569514 [info ] [MainThread]: 
[0m14:49:45.569514 [debug] [MainThread]: Acquiring new postgres connection 'master'
[0m14:49:45.574514 [debug] [ThreadPool]: Acquiring new postgres connection 'list_dbt_project'
[0m14:49:45.668536 [debug] [ThreadPool]: Using postgres connection "list_dbt_project"
[0m14:49:45.669537 [debug] [ThreadPool]: On list_dbt_project: /* {"app": "dbt", "dbt_version": "1.10.8", "profile_name": "dbt_project", "target_name": "dev", "connection_name": "list_dbt_project"} */

    select distinct nspname from pg_namespace
  
[0m14:49:45.669537 [debug] [ThreadPool]: Opening a new connection, currently in state init
[0m14:49:45.706546 [debug] [ThreadPool]: SQL status: SELECT 4 in 0.037 seconds
[0m14:49:45.708545 [debug] [ThreadPool]: On list_dbt_project: Close
[0m14:49:45.711546 [debug] [ThreadPool]: Acquiring new postgres connection 'list_dbt_project_public'
[0m14:49:45.717547 [debug] [ThreadPool]: Using postgres connection "list_dbt_project_public"
[0m14:49:45.718548 [debug] [ThreadPool]: On list_dbt_project_public: BEGIN
[0m14:49:45.719548 [debug] [ThreadPool]: Opening a new connection, currently in state init
[0m14:49:45.866581 [debug] [ThreadPool]: SQL status: BEGIN in 0.147 seconds
[0m14:49:45.866581 [debug] [ThreadPool]: Using postgres connection "list_dbt_project_public"
[0m14:49:45.867581 [debug] [ThreadPool]: On list_dbt_project_public: /* {"app": "dbt", "dbt_version": "1.10.8", "profile_name": "dbt_project", "target_name": "dev", "connection_name": "list_dbt_project_public"} */
select
      'dbt_project' as database,
      tablename as name,
      schemaname as schema,
      'table' as type
    from pg_tables
    where schemaname ilike 'public'
    union all
    select
      'dbt_project' as database,
      viewname as name,
      schemaname as schema,
      'view' as type
    from pg_views
    where schemaname ilike 'public'
    union all
    select
      'dbt_project' as database,
      matviewname as name,
      schemaname as schema,
      'materialized_view' as type
    from pg_matviews
    where schemaname ilike 'public'
  
[0m14:49:45.875582 [debug] [ThreadPool]: SQL status: SELECT 8 in 0.007 seconds
[0m14:49:45.876583 [debug] [ThreadPool]: On list_dbt_project_public: ROLLBACK
[0m14:49:45.877583 [debug] [ThreadPool]: On list_dbt_project_public: Close
[0m14:49:45.883584 [debug] [MainThread]: Using postgres connection "master"
[0m14:49:45.884586 [debug] [MainThread]: On master: BEGIN
[0m14:49:45.884586 [debug] [MainThread]: Opening a new connection, currently in state init
[0m14:49:46.019616 [debug] [MainThread]: SQL status: BEGIN in 0.134 seconds
[0m14:49:46.019616 [debug] [MainThread]: Using postgres connection "master"
[0m14:49:46.020616 [debug] [MainThread]: On master: /* {"app": "dbt", "dbt_version": "1.10.8", "profile_name": "dbt_project", "target_name": "dev", "connection_name": "master"} */
with relation as (
        select
            pg_rewrite.ev_class as class,
            pg_rewrite.oid as id
        from pg_rewrite
    ),
    class as (
        select
            oid as id,
            relname as name,
            relnamespace as schema,
            relkind as kind
        from pg_class
    ),
    dependency as (
        select distinct
            pg_depend.objid as id,
            pg_depend.refobjid as ref
        from pg_depend
    ),
    schema as (
        select
            pg_namespace.oid as id,
            pg_namespace.nspname as name
        from pg_namespace
        where nspname != 'information_schema' and nspname not like 'pg\_%'
    ),
    referenced as (
        select
            relation.id AS id,
            referenced_class.name ,
            referenced_class.schema ,
            referenced_class.kind
        from relation
        join class as referenced_class on relation.class=referenced_class.id
        where referenced_class.kind in ('r', 'v', 'm')
    ),
    relationships as (
        select
            referenced.name as referenced_name,
            referenced.schema as referenced_schema_id,
            dependent_class.name as dependent_name,
            dependent_class.schema as dependent_schema_id,
            referenced.kind as kind
        from referenced
        join dependency on referenced.id=dependency.id
        join class as dependent_class on dependency.ref=dependent_class.id
        where
            (referenced.name != dependent_class.name or
             referenced.schema != dependent_class.schema)
    )

    select
        referenced_schema.name as referenced_schema,
        relationships.referenced_name as referenced_name,
        dependent_schema.name as dependent_schema,
        relationships.dependent_name as dependent_name
    from relationships
    join schema as dependent_schema on relationships.dependent_schema_id=dependent_schema.id
    join schema as referenced_schema on relationships.referenced_schema_id=referenced_schema.id
    group by referenced_schema, referenced_name, dependent_schema, dependent_name
    order by referenced_schema, referenced_name, dependent_schema, dependent_name;
[0m14:49:46.030617 [debug] [MainThread]: SQL status: SELECT 2 in 0.009 seconds
[0m14:49:46.031618 [debug] [MainThread]: Sending event: {'category': 'dbt', 'action': 'runnable_timing', 'label': 'c5bf7c63-bd2c-440f-b5b8-51c1bc79b134', 'context': [<snowplow_tracker.self_describing_json.SelfDescribingJson object at 0x000002290C4ACDD0>]}
[0m14:49:46.032618 [debug] [MainThread]: On master: ROLLBACK
[0m14:49:46.033619 [debug] [MainThread]: Using postgres connection "master"
[0m14:49:46.034619 [debug] [MainThread]: On master: BEGIN
[0m14:49:46.035621 [debug] [MainThread]: SQL status: BEGIN in 0.000 seconds
[0m14:49:46.036620 [debug] [MainThread]: On master: COMMIT
[0m14:49:46.036620 [debug] [MainThread]: Using postgres connection "master"
[0m14:49:46.037619 [debug] [MainThread]: On master: COMMIT
[0m14:49:46.037619 [debug] [MainThread]: SQL status: COMMIT in 0.000 seconds
[0m14:49:46.038619 [debug] [MainThread]: On master: Close
[0m14:49:46.044621 [debug] [Thread-1 (]: Began running node model.dbt_project.brnz_customers
[0m14:49:46.044621 [debug] [Thread-2 (]: Began running node model.dbt_project.brnz_orders
[0m14:49:46.045621 [info ] [Thread-1 (]: 1 of 5 START sql table model public.brnz_customers ............................. [RUN]
[0m14:49:46.046621 [info ] [Thread-2 (]: 2 of 5 START sql table model public.brnz_orders ................................ [RUN]
[0m14:49:46.047621 [debug] [Thread-1 (]: Acquiring new postgres connection 'model.dbt_project.brnz_customers'
[0m14:49:46.047621 [debug] [Thread-2 (]: Acquiring new postgres connection 'model.dbt_project.brnz_orders'
[0m14:49:46.048622 [debug] [Thread-1 (]: Began compiling node model.dbt_project.brnz_customers
[0m14:49:46.049623 [debug] [Thread-2 (]: Began compiling node model.dbt_project.brnz_orders
[0m14:49:46.056624 [debug] [Thread-1 (]: Writing injected SQL for node "model.dbt_project.brnz_customers"
[0m14:49:46.061626 [debug] [Thread-2 (]: Writing injected SQL for node "model.dbt_project.brnz_orders"
[0m14:49:46.062625 [debug] [Thread-1 (]: Began executing node model.dbt_project.brnz_customers
[0m14:49:46.063626 [debug] [Thread-2 (]: Began executing node model.dbt_project.brnz_orders
[0m14:49:46.100634 [debug] [Thread-1 (]: Writing runtime sql for node "model.dbt_project.brnz_customers"
[0m14:49:46.105636 [debug] [Thread-2 (]: Writing runtime sql for node "model.dbt_project.brnz_orders"
[0m14:49:46.107635 [debug] [Thread-1 (]: Using postgres connection "model.dbt_project.brnz_customers"
[0m14:49:46.107635 [debug] [Thread-2 (]: Using postgres connection "model.dbt_project.brnz_orders"
[0m14:49:46.108637 [debug] [Thread-1 (]: On model.dbt_project.brnz_customers: BEGIN
[0m14:49:46.109635 [debug] [Thread-2 (]: On model.dbt_project.brnz_orders: BEGIN
[0m14:49:46.109635 [debug] [Thread-1 (]: Opening a new connection, currently in state init
[0m14:49:46.110636 [debug] [Thread-2 (]: Opening a new connection, currently in state init
[0m14:49:46.144645 [debug] [Thread-1 (]: SQL status: BEGIN in 0.035 seconds
[0m14:49:46.145647 [debug] [Thread-1 (]: Using postgres connection "model.dbt_project.brnz_customers"
[0m14:49:46.146646 [debug] [Thread-1 (]: On model.dbt_project.brnz_customers: /* {"app": "dbt", "dbt_version": "1.10.8", "profile_name": "dbt_project", "target_name": "dev", "node_id": "model.dbt_project.brnz_customers"} */

  
    

  create  table "dbt_project".public.brnz_customers__dbt_tmp
  
  
    as
  
  (
    

SELECT
    customer_id,
    customer_name,
    email,
    phone,
    country,
    CURRENT_TIMESTAMP AS loaded_at
FROM "dbt_project"."public"."customers"
WHERE customer_id IS NOT NULL
  );
  
[0m14:49:46.154648 [debug] [Thread-1 (]: SQL status: SELECT 10 in 0.007 seconds
[0m14:49:46.163649 [debug] [Thread-1 (]: Using postgres connection "model.dbt_project.brnz_customers"
[0m14:49:46.164649 [debug] [Thread-1 (]: On model.dbt_project.brnz_customers: /* {"app": "dbt", "dbt_version": "1.10.8", "profile_name": "dbt_project", "target_name": "dev", "node_id": "model.dbt_project.brnz_customers"} */
alter table "dbt_project"."public"."brnz_customers" rename to brnz_customers__dbt_backup
[0m14:49:46.165648 [debug] [Thread-1 (]: SQL status: ALTER TABLE in 0.000 seconds
[0m14:49:46.168650 [debug] [Thread-1 (]: Using postgres connection "model.dbt_project.brnz_customers"
[0m14:49:46.169650 [debug] [Thread-1 (]: On model.dbt_project.brnz_customers: /* {"app": "dbt", "dbt_version": "1.10.8", "profile_name": "dbt_project", "target_name": "dev", "node_id": "model.dbt_project.brnz_customers"} */
alter table "dbt_project".public.brnz_customers__dbt_tmp rename to brnz_customers
[0m14:49:46.170651 [debug] [Thread-1 (]: SQL status: ALTER TABLE in 0.001 seconds
[0m14:49:46.186653 [debug] [Thread-1 (]: On model.dbt_project.brnz_customers: COMMIT
[0m14:49:46.187654 [debug] [Thread-1 (]: Using postgres connection "model.dbt_project.brnz_customers"
[0m14:49:46.188654 [debug] [Thread-1 (]: On model.dbt_project.brnz_customers: COMMIT
[0m14:49:46.189656 [debug] [Thread-1 (]: SQL status: COMMIT in 0.001 seconds
[0m14:49:46.197657 [debug] [Thread-1 (]: Applying DROP to: "dbt_project".public.brnz_customers__dbt_backup
[0m14:49:46.202658 [debug] [Thread-1 (]: Using postgres connection "model.dbt_project.brnz_customers"
[0m14:49:46.203657 [debug] [Thread-1 (]: On model.dbt_project.brnz_customers: /* {"app": "dbt", "dbt_version": "1.10.8", "profile_name": "dbt_project", "target_name": "dev", "node_id": "model.dbt_project.brnz_customers"} */
drop table if exists "dbt_project".public.brnz_customers__dbt_backup cascade
[0m14:49:46.208659 [debug] [Thread-1 (]: SQL status: DROP TABLE in 0.004 seconds
[0m14:49:46.211659 [debug] [Thread-1 (]: On model.dbt_project.brnz_customers: Close
[0m14:49:46.214661 [debug] [Thread-1 (]: Sending event: {'category': 'dbt', 'action': 'run_model', 'label': 'c5bf7c63-bd2c-440f-b5b8-51c1bc79b134', 'context': [<snowplow_tracker.self_describing_json.SelfDescribingJson object at 0x000002290C4FF710>]}
[0m14:49:46.215660 [info ] [Thread-1 (]: 1 of 5 OK created sql table model public.brnz_customers ........................ [[32mSELECT 10[0m in 0.17s]
[0m14:49:46.216661 [debug] [Thread-1 (]: Finished running node model.dbt_project.brnz_customers
[0m14:49:46.217660 [debug] [Thread-4 (]: Began running node model.dbt_project.stg_customers
[0m14:49:46.218661 [info ] [Thread-4 (]: 3 of 5 START sql view model public.stg_customers ............................... [RUN]
[0m14:49:46.219661 [debug] [Thread-4 (]: Acquiring new postgres connection 'model.dbt_project.stg_customers'
[0m14:49:46.219661 [debug] [Thread-4 (]: Began compiling node model.dbt_project.stg_customers
[0m14:49:46.223661 [debug] [Thread-4 (]: Writing injected SQL for node "model.dbt_project.stg_customers"
[0m14:49:46.224662 [debug] [Thread-4 (]: Began executing node model.dbt_project.stg_customers
[0m14:49:46.243667 [debug] [Thread-4 (]: Writing runtime sql for node "model.dbt_project.stg_customers"
[0m14:49:46.245667 [debug] [Thread-4 (]: Using postgres connection "model.dbt_project.stg_customers"
[0m14:49:46.245667 [debug] [Thread-4 (]: On model.dbt_project.stg_customers: BEGIN
[0m14:49:46.246667 [debug] [Thread-4 (]: Opening a new connection, currently in state init
[0m14:49:46.251668 [debug] [Thread-2 (]: SQL status: BEGIN in 0.140 seconds
[0m14:49:46.251668 [debug] [Thread-2 (]: Using postgres connection "model.dbt_project.brnz_orders"
[0m14:49:46.252669 [debug] [Thread-2 (]: On model.dbt_project.brnz_orders: /* {"app": "dbt", "dbt_version": "1.10.8", "profile_name": "dbt_project", "target_name": "dev", "node_id": "model.dbt_project.brnz_orders"} */

  
    

  create  table "dbt_project".public.brnz_orders__dbt_tmp
  
  
    as
  
  (
    

SELECT
    order_id,
    customer_id,
    order_date,
    amount,
    status,
    CURRENT_TIMESTAMP AS loaded_at
FROM "dbt_project"."public"."orders"
WHERE 
    order_id IS NOT NULL
    AND customer_id IS NOT NULL
  );
  
[0m14:49:46.260671 [debug] [Thread-2 (]: SQL status: SELECT 5 in 0.007 seconds
[0m14:49:46.264672 [debug] [Thread-2 (]: Using postgres connection "model.dbt_project.brnz_orders"
[0m14:49:46.265671 [debug] [Thread-2 (]: On model.dbt_project.brnz_orders: /* {"app": "dbt", "dbt_version": "1.10.8", "profile_name": "dbt_project", "target_name": "dev", "node_id": "model.dbt_project.brnz_orders"} */
alter table "dbt_project"."public"."brnz_orders" rename to brnz_orders__dbt_backup
[0m14:49:46.266672 [debug] [Thread-2 (]: SQL status: ALTER TABLE in 0.000 seconds
[0m14:49:46.269673 [debug] [Thread-2 (]: Using postgres connection "model.dbt_project.brnz_orders"
[0m14:49:46.270674 [debug] [Thread-2 (]: On model.dbt_project.brnz_orders: /* {"app": "dbt", "dbt_version": "1.10.8", "profile_name": "dbt_project", "target_name": "dev", "node_id": "model.dbt_project.brnz_orders"} */
alter table "dbt_project".public.brnz_orders__dbt_tmp rename to brnz_orders
[0m14:49:46.272673 [debug] [Thread-2 (]: SQL status: ALTER TABLE in 0.000 seconds
[0m14:49:46.275673 [debug] [Thread-2 (]: On model.dbt_project.brnz_orders: COMMIT
[0m14:49:46.275673 [debug] [Thread-2 (]: Using postgres connection "model.dbt_project.brnz_orders"
[0m14:49:46.276674 [debug] [Thread-2 (]: On model.dbt_project.brnz_orders: COMMIT
[0m14:49:46.278674 [debug] [Thread-2 (]: SQL status: COMMIT in 0.001 seconds
[0m14:49:46.280674 [debug] [Thread-2 (]: Applying DROP to: "dbt_project".public.brnz_orders__dbt_backup
[0m14:49:46.282676 [debug] [Thread-2 (]: Using postgres connection "model.dbt_project.brnz_orders"
[0m14:49:46.283676 [debug] [Thread-2 (]: On model.dbt_project.brnz_orders: /* {"app": "dbt", "dbt_version": "1.10.8", "profile_name": "dbt_project", "target_name": "dev", "node_id": "model.dbt_project.brnz_orders"} */
drop table if exists "dbt_project".public.brnz_orders__dbt_backup cascade
[0m14:49:46.286676 [debug] [Thread-2 (]: SQL status: DROP TABLE in 0.003 seconds
[0m14:49:46.288677 [debug] [Thread-2 (]: On model.dbt_project.brnz_orders: Close
[0m14:49:46.289677 [debug] [Thread-2 (]: Sending event: {'category': 'dbt', 'action': 'run_model', 'label': 'c5bf7c63-bd2c-440f-b5b8-51c1bc79b134', 'context': [<snowplow_tracker.self_describing_json.SelfDescribingJson object at 0x000002290C8F1210>]}
[0m14:49:46.291680 [info ] [Thread-2 (]: 2 of 5 OK created sql table model public.brnz_orders ........................... [[32mSELECT 5[0m in 0.24s]
[0m14:49:46.292678 [debug] [Thread-2 (]: Finished running node model.dbt_project.brnz_orders
[0m14:49:46.293678 [debug] [Thread-1 (]: Began running node model.dbt_project.stg_orders
[0m14:49:46.294678 [info ] [Thread-1 (]: 4 of 5 START sql view model public.stg_orders .................................. [RUN]
[0m14:49:46.295677 [debug] [Thread-1 (]: Re-using an available connection from the pool (formerly model.dbt_project.brnz_customers, now model.dbt_project.stg_orders)
[0m14:49:46.296678 [debug] [Thread-1 (]: Began compiling node model.dbt_project.stg_orders
[0m14:49:46.299679 [debug] [Thread-1 (]: Writing injected SQL for node "model.dbt_project.stg_orders"
[0m14:49:46.300679 [debug] [Thread-1 (]: Began executing node model.dbt_project.stg_orders
[0m14:49:46.304679 [debug] [Thread-1 (]: Writing runtime sql for node "model.dbt_project.stg_orders"
[0m14:49:46.306682 [debug] [Thread-1 (]: Using postgres connection "model.dbt_project.stg_orders"
[0m14:49:46.307682 [debug] [Thread-1 (]: On model.dbt_project.stg_orders: BEGIN
[0m14:49:46.308682 [debug] [Thread-1 (]: Opening a new connection, currently in state closed
[0m14:49:46.343688 [debug] [Thread-1 (]: SQL status: BEGIN in 0.035 seconds
[0m14:49:46.344690 [debug] [Thread-1 (]: Using postgres connection "model.dbt_project.stg_orders"
[0m14:49:46.344690 [debug] [Thread-1 (]: On model.dbt_project.stg_orders: /* {"app": "dbt", "dbt_version": "1.10.8", "profile_name": "dbt_project", "target_name": "dev", "node_id": "model.dbt_project.stg_orders"} */

  create view "dbt_project".public.stg_orders__dbt_tmp
    
    
  as (
    

SELECT
    order_id,
    customer_id,
    CASE 
        WHEN order_date IS NULL THEN NULL
        ELSE CAST(order_date AS DATE)
    END AS order_date,
    CASE 
        WHEN amount IS NULL OR amount <= 0 THEN NULL
        ELSE CAST(amount AS DECIMAL(10, 2))
    END AS amount,
    LOWER(TRIM(status)) AS status,
    loaded_at,
    CURRENT_TIMESTAMP AS transformed_at
FROM "dbt_project".public.brnz_orders
WHERE 
    order_id IS NOT NULL
    AND customer_id IS NOT NULL
    AND order_date IS NOT NULL
    AND LOWER(TRIM(status)) IN ('completed', 'pending', 'cancelled')
  );
[0m14:49:46.351693 [debug] [Thread-1 (]: SQL status: CREATE VIEW in 0.005 seconds
[0m14:49:46.354692 [debug] [Thread-1 (]: Using postgres connection "model.dbt_project.stg_orders"
[0m14:49:46.355692 [debug] [Thread-1 (]: On model.dbt_project.stg_orders: /* {"app": "dbt", "dbt_version": "1.10.8", "profile_name": "dbt_project", "target_name": "dev", "node_id": "model.dbt_project.stg_orders"} */
alter table "dbt_project".public.stg_orders__dbt_tmp rename to stg_orders
[0m14:49:46.356692 [debug] [Thread-1 (]: SQL status: ALTER TABLE in 0.000 seconds
[0m14:49:46.357693 [debug] [Thread-1 (]: On model.dbt_project.stg_orders: COMMIT
[0m14:49:46.358692 [debug] [Thread-1 (]: Using postgres connection "model.dbt_project.stg_orders"
[0m14:49:46.359693 [debug] [Thread-1 (]: On model.dbt_project.stg_orders: COMMIT
[0m14:49:46.360694 [debug] [Thread-1 (]: SQL status: COMMIT in 0.001 seconds
[0m14:49:46.363693 [debug] [Thread-1 (]: Applying DROP to: "dbt_project".public.stg_orders__dbt_backup
[0m14:49:46.368696 [debug] [Thread-1 (]: Using postgres connection "model.dbt_project.stg_orders"
[0m14:49:46.369694 [debug] [Thread-1 (]: On model.dbt_project.stg_orders: /* {"app": "dbt", "dbt_version": "1.10.8", "profile_name": "dbt_project", "target_name": "dev", "node_id": "model.dbt_project.stg_orders"} */
drop view if exists "dbt_project".public.stg_orders__dbt_backup cascade
[0m14:49:46.369694 [debug] [Thread-1 (]: SQL status: DROP VIEW in 0.000 seconds
[0m14:49:46.371696 [debug] [Thread-1 (]: On model.dbt_project.stg_orders: Close
[0m14:49:46.372695 [debug] [Thread-1 (]: Sending event: {'category': 'dbt', 'action': 'run_model', 'label': 'c5bf7c63-bd2c-440f-b5b8-51c1bc79b134', 'context': [<snowplow_tracker.self_describing_json.SelfDescribingJson object at 0x000002290CE74E10>]}
[0m14:49:46.373696 [info ] [Thread-1 (]: 4 of 5 OK created sql view model public.stg_orders ............................. [[32mCREATE VIEW[0m in 0.08s]
[0m14:49:46.374695 [debug] [Thread-1 (]: Finished running node model.dbt_project.stg_orders
[0m14:49:46.387698 [debug] [Thread-4 (]: SQL status: BEGIN in 0.141 seconds
[0m14:49:46.387698 [debug] [Thread-4 (]: Using postgres connection "model.dbt_project.stg_customers"
[0m14:49:46.388699 [debug] [Thread-4 (]: On model.dbt_project.stg_customers: /* {"app": "dbt", "dbt_version": "1.10.8", "profile_name": "dbt_project", "target_name": "dev", "node_id": "model.dbt_project.stg_customers"} */

  create view "dbt_project".public.stg_customers__dbt_tmp
    
    
  as (
    

SELECT
    customer_id,
    customer_name,
    email,
    phone,
    country,
    loaded_at,
    CURRENT_TIMESTAMP AS transformed_at
FROM "dbt_project".public.brnz_customers
WHERE customer_id IS NOT NULL
  );
[0m14:49:46.392700 [debug] [Thread-4 (]: SQL status: CREATE VIEW in 0.003 seconds
[0m14:49:46.396701 [debug] [Thread-4 (]: Using postgres connection "model.dbt_project.stg_customers"
[0m14:49:46.396701 [debug] [Thread-4 (]: On model.dbt_project.stg_customers: /* {"app": "dbt", "dbt_version": "1.10.8", "profile_name": "dbt_project", "target_name": "dev", "node_id": "model.dbt_project.stg_customers"} */
alter table "dbt_project".public.stg_customers__dbt_tmp rename to stg_customers
[0m14:49:46.397701 [debug] [Thread-4 (]: SQL status: ALTER TABLE in 0.000 seconds
[0m14:49:46.399703 [debug] [Thread-4 (]: On model.dbt_project.stg_customers: COMMIT
[0m14:49:46.400702 [debug] [Thread-4 (]: Using postgres connection "model.dbt_project.stg_customers"
[0m14:49:46.401703 [debug] [Thread-4 (]: On model.dbt_project.stg_customers: COMMIT
[0m14:49:46.402703 [debug] [Thread-4 (]: SQL status: COMMIT in 0.001 seconds
[0m14:49:46.405704 [debug] [Thread-4 (]: Applying DROP to: "dbt_project".public.stg_customers__dbt_backup
[0m14:49:46.406704 [debug] [Thread-4 (]: Using postgres connection "model.dbt_project.stg_customers"
[0m14:49:46.407704 [debug] [Thread-4 (]: On model.dbt_project.stg_customers: /* {"app": "dbt", "dbt_version": "1.10.8", "profile_name": "dbt_project", "target_name": "dev", "node_id": "model.dbt_project.stg_customers"} */
drop view if exists "dbt_project".public.stg_customers__dbt_backup cascade
[0m14:49:46.408704 [debug] [Thread-4 (]: SQL status: DROP VIEW in 0.000 seconds
[0m14:49:46.409705 [debug] [Thread-4 (]: On model.dbt_project.stg_customers: Close
[0m14:49:46.410705 [debug] [Thread-4 (]: Sending event: {'category': 'dbt', 'action': 'run_model', 'label': 'c5bf7c63-bd2c-440f-b5b8-51c1bc79b134', 'context': [<snowplow_tracker.self_describing_json.SelfDescribingJson object at 0x000002290CE350D0>]}
[0m14:49:46.411704 [info ] [Thread-4 (]: 3 of 5 OK created sql view model public.stg_customers .......................... [[32mCREATE VIEW[0m in 0.19s]
[0m14:49:46.413707 [debug] [Thread-4 (]: Finished running node model.dbt_project.stg_customers
[0m14:49:46.414705 [debug] [Thread-2 (]: Began running node model.dbt_project.customer_metrics
[0m14:49:46.415706 [info ] [Thread-2 (]: 5 of 5 START sql table model public.customer_metrics ........................... [RUN]
[0m14:49:46.416706 [debug] [Thread-2 (]: Re-using an available connection from the pool (formerly model.dbt_project.brnz_orders, now model.dbt_project.customer_metrics)
[0m14:49:46.416706 [debug] [Thread-2 (]: Began compiling node model.dbt_project.customer_metrics
[0m14:49:46.421706 [debug] [Thread-2 (]: Writing injected SQL for node "model.dbt_project.customer_metrics"
[0m14:49:46.422707 [debug] [Thread-2 (]: Began executing node model.dbt_project.customer_metrics
[0m14:49:46.427710 [debug] [Thread-2 (]: Writing runtime sql for node "model.dbt_project.customer_metrics"
[0m14:49:46.429709 [debug] [Thread-2 (]: Using postgres connection "model.dbt_project.customer_metrics"
[0m14:49:46.430709 [debug] [Thread-2 (]: On model.dbt_project.customer_metrics: BEGIN
[0m14:49:46.430709 [debug] [Thread-2 (]: Opening a new connection, currently in state closed
[0m14:49:46.465717 [debug] [Thread-2 (]: SQL status: BEGIN in 0.035 seconds
[0m14:49:46.466717 [debug] [Thread-2 (]: Using postgres connection "model.dbt_project.customer_metrics"
[0m14:49:46.466717 [debug] [Thread-2 (]: On model.dbt_project.customer_metrics: /* {"app": "dbt", "dbt_version": "1.10.8", "profile_name": "dbt_project", "target_name": "dev", "node_id": "model.dbt_project.customer_metrics"} */

  
    

  create  table "dbt_project".public.customer_metrics__dbt_tmp
  
  
    as
  
  (
    

WITH customer_metrics AS (
    SELECT
        c.customer_id,
        c.customer_name,
        c.email,
        c.country,
        COUNT(DISTINCT o.order_id) AS total_orders,
        COUNT(DISTINCT CASE WHEN o.status = 'completed' THEN o.order_id END) AS completed_orders,
        COUNT(DISTINCT CASE WHEN o.status = 'pending' THEN o.order_id END) AS pending_orders,
        COALESCE(SUM(CASE WHEN o.status = 'completed' THEN o.amount END), 0) AS total_revenue,
        ROUND(AVG(CASE WHEN o.status = 'completed' THEN o.amount END), 2) AS avg_order_value,
        MAX(o.order_date) AS last_order_date,
        MIN(o.order_date) AS first_order_date
    FROM "dbt_project".public.stg_customers c
    LEFT JOIN "dbt_project".public.stg_orders o ON c.customer_id = o.customer_id
    GROUP BY c.customer_id, c.customer_name, c.email, c.country
)

SELECT
    customer_id,
    customer_name,
    email,
    country,
    total_orders,
    completed_orders,
    pending_orders,
    total_revenue,
    avg_order_value,
    last_order_date,
    first_order_date,
    (last_order_date - first_order_date) AS days_as_customer,
    -- Customer Lifetime Value: Total revenue / Days as customer (daily rate)
    CASE 
        WHEN (last_order_date - first_order_date) > 0 
        THEN ROUND(total_revenue / (last_order_date - first_order_date)::NUMERIC, 2)
        ELSE total_revenue
    END AS customer_lifetime_value,
    -- Customer Segmentation: Categorize by revenue
    CASE 
        WHEN total_revenue >= 500 THEN 'High-Value'
        WHEN total_revenue >= 200 THEN 'Medium-Value'
        ELSE 'Low-Value'
    END AS customer_segment,
    -- Repeat Customer Flag: True if customer has more than 1 order
    CASE 
        WHEN total_orders > 1 THEN TRUE
        ELSE FALSE
    END AS is_repeat_customer,
    -- Order Recency: Days since last order
    CASE 
        WHEN last_order_date IS NOT NULL 
        THEN (CURRENT_DATE - last_order_date)
        ELSE NULL
    END AS days_since_last_order,
    -- Completion Rate: Percentage of orders completed
    CASE 
        WHEN total_orders > 0 
        THEN ROUND((completed_orders::NUMERIC / total_orders) * 100, 2)
        ELSE 0
    END AS order_completion_rate,
    -- Order Frequency: Average days between orders
    CASE 
        WHEN (last_order_date - first_order_date) > 0 AND total_orders > 1
        THEN ROUND((last_order_date - first_order_date)::NUMERIC / (total_orders - 1), 0)
        ELSE NULL
    END AS avg_days_between_orders,
    CURRENT_TIMESTAMP AS updated_at
FROM customer_metrics
ORDER BY total_revenue DESC
  );
  
[0m14:49:46.478722 [debug] [Thread-2 (]: SQL status: SELECT 10 in 0.011 seconds
[0m14:49:46.482722 [debug] [Thread-2 (]: Using postgres connection "model.dbt_project.customer_metrics"
[0m14:49:46.483722 [debug] [Thread-2 (]: On model.dbt_project.customer_metrics: /* {"app": "dbt", "dbt_version": "1.10.8", "profile_name": "dbt_project", "target_name": "dev", "node_id": "model.dbt_project.customer_metrics"} */
alter table "dbt_project"."public"."customer_metrics" rename to customer_metrics__dbt_backup
[0m14:49:46.484721 [debug] [Thread-2 (]: SQL status: ALTER TABLE in 0.000 seconds
[0m14:49:46.487722 [debug] [Thread-2 (]: Using postgres connection "model.dbt_project.customer_metrics"
[0m14:49:46.488721 [debug] [Thread-2 (]: On model.dbt_project.customer_metrics: /* {"app": "dbt", "dbt_version": "1.10.8", "profile_name": "dbt_project", "target_name": "dev", "node_id": "model.dbt_project.customer_metrics"} */
alter table "dbt_project".public.customer_metrics__dbt_tmp rename to customer_metrics
[0m14:49:46.489722 [debug] [Thread-2 (]: SQL status: ALTER TABLE in 0.000 seconds
[0m14:49:46.491722 [debug] [Thread-2 (]: On model.dbt_project.customer_metrics: COMMIT
[0m14:49:46.492723 [debug] [Thread-2 (]: Using postgres connection "model.dbt_project.customer_metrics"
[0m14:49:46.493723 [debug] [Thread-2 (]: On model.dbt_project.customer_metrics: COMMIT
[0m14:49:46.495725 [debug] [Thread-2 (]: SQL status: COMMIT in 0.001 seconds
[0m14:49:46.498725 [debug] [Thread-2 (]: Applying DROP to: "dbt_project".public.customer_metrics__dbt_backup
[0m14:49:46.499726 [debug] [Thread-2 (]: Using postgres connection "model.dbt_project.customer_metrics"
[0m14:49:46.500725 [debug] [Thread-2 (]: On model.dbt_project.customer_metrics: /* {"app": "dbt", "dbt_version": "1.10.8", "profile_name": "dbt_project", "target_name": "dev", "node_id": "model.dbt_project.customer_metrics"} */
drop table if exists "dbt_project".public.customer_metrics__dbt_backup cascade
[0m14:49:46.505727 [debug] [Thread-2 (]: SQL status: DROP TABLE in 0.004 seconds
[0m14:49:46.506726 [debug] [Thread-2 (]: On model.dbt_project.customer_metrics: Close
[0m14:49:46.507726 [debug] [Thread-2 (]: Sending event: {'category': 'dbt', 'action': 'run_model', 'label': 'c5bf7c63-bd2c-440f-b5b8-51c1bc79b134', 'context': [<snowplow_tracker.self_describing_json.SelfDescribingJson object at 0x000002290CE76710>]}
[0m14:49:46.508726 [info ] [Thread-2 (]: 5 of 5 OK created sql table model public.customer_metrics ...................... [[32mSELECT 10[0m in 0.09s]
[0m14:49:46.509727 [debug] [Thread-2 (]: Finished running node model.dbt_project.customer_metrics
[0m14:49:46.511727 [debug] [MainThread]: Using postgres connection "master"
[0m14:49:46.511727 [debug] [MainThread]: On master: BEGIN
[0m14:49:46.512728 [debug] [MainThread]: Opening a new connection, currently in state closed
[0m14:49:46.547736 [debug] [MainThread]: SQL status: BEGIN in 0.034 seconds
[0m14:49:46.547736 [debug] [MainThread]: On master: COMMIT
[0m14:49:46.549738 [debug] [MainThread]: Using postgres connection "master"
[0m14:49:46.549738 [debug] [MainThread]: On master: COMMIT
[0m14:49:46.550736 [debug] [MainThread]: SQL status: COMMIT in 0.000 seconds
[0m14:49:46.551736 [debug] [MainThread]: On master: Close
[0m14:49:46.552736 [debug] [MainThread]: Connection 'master' was properly closed.
[0m14:49:46.552736 [debug] [MainThread]: Connection 'list_dbt_project' was properly closed.
[0m14:49:46.553737 [debug] [MainThread]: Connection 'list_dbt_project_public' was properly closed.
[0m14:49:46.554737 [debug] [MainThread]: Connection 'model.dbt_project.stg_orders' was properly closed.
[0m14:49:46.554737 [debug] [MainThread]: Connection 'model.dbt_project.customer_metrics' was properly closed.
[0m14:49:46.555738 [debug] [MainThread]: Connection 'model.dbt_project.stg_customers' was properly closed.
[0m14:49:46.556738 [info ] [MainThread]: 
[0m14:49:46.557737 [info ] [MainThread]: Finished running 3 table models, 2 view models in 0 hours 0 minutes and 0.99 seconds (0.99s).
[0m14:49:46.559738 [debug] [MainThread]: Command end result
[0m14:49:46.590745 [debug] [MainThread]: Wrote artifact WritableManifest to C:\Users\arpit\Jupyter Notebook\CI CD Pipeline project\target\manifest.json
[0m14:49:46.594746 [debug] [MainThread]: Wrote artifact SemanticManifest to C:\Users\arpit\Jupyter Notebook\CI CD Pipeline project\target\semantic_manifest.json
[0m14:49:46.602747 [debug] [MainThread]: Wrote artifact RunExecutionResult to C:\Users\arpit\Jupyter Notebook\CI CD Pipeline project\target\run_results.json
[0m14:49:46.602747 [info ] [MainThread]: 
[0m14:49:46.603747 [info ] [MainThread]: [32mCompleted successfully[0m
[0m14:49:46.604748 [info ] [MainThread]: 
[0m14:49:46.604748 [info ] [MainThread]: Done. PASS=5 WARN=0 ERROR=0 SKIP=0 NO-OP=0 TOTAL=5
[0m14:49:46.605748 [warn ] [MainThread]: [[33mWARNING[0m][DeprecationsSummary]: Deprecated functionality
Summary of encountered deprecations:
- MissingArgumentsPropertyInGenericTestDeprecation: 2 occurrences
To see all deprecation instances instead of just the first occurrence of each,
run command again with the `--show-all-deprecations` flag. You may also need to
run with `--no-partial-parse` as some deprecations are only encountered during
parsing.
[0m14:49:46.607749 [debug] [MainThread]: Command `dbt run` succeeded at 14:49:46.607749 after 2.79 seconds
[0m14:49:46.608750 [debug] [MainThread]: Sending event: {'category': 'dbt', 'action': 'invocation', 'label': 'end', 'context': [<snowplow_tracker.self_describing_json.SelfDescribingJson object at 0x00000229042560D0>, <snowplow_tracker.self_describing_json.SelfDescribingJson object at 0x0000022904256190>, <snowplow_tracker.self_describing_json.SelfDescribingJson object at 0x00000229041D1310>]}
[0m14:49:46.608750 [debug] [MainThread]: Flushing usage events
[0m14:49:47.296928 [debug] [MainThread]: An error was encountered while trying to flush usage events
[0m14:49:59.987463 [debug] [MainThread]: Sending event: {'category': 'dbt', 'action': 'invocation', 'label': 'start', 'context': [<snowplow_tracker.self_describing_json.SelfDescribingJson object at 0x000002A803D1FE10>, <snowplow_tracker.self_describing_json.SelfDescribingJson object at 0x000002A803D1C990>, <snowplow_tracker.self_describing_json.SelfDescribingJson object at 0x000002A803D1F210>]}


============================== 14:49:59.992465 | 2442a4aa-6858-4fba-80df-08ae1760066a ==============================
[0m14:49:59.992465 [info ] [MainThread]: Running with dbt=1.10.8
[0m14:49:59.993464 [debug] [MainThread]: running dbt with arguments {'printer_width': '80', 'indirect_selection': 'eager', 'log_cache_events': 'False', 'write_json': 'True', 'partial_parse': 'True', 'cache_selected_only': 'False', 'profiles_dir': 'C:\\Users\\arpit\\.dbt', 'debug': 'False', 'version_check': 'True', 'log_path': 'C:\\Users\\arpit\\Jupyter Notebook\\CI CD Pipeline project\\logs', 'fail_fast': 'False', 'warn_error': 'None', 'use_colors': 'True', 'use_experimental_parser': 'False', 'empty': 'None', 'quiet': 'False', 'no_print': 'None', 'warn_error_options': 'WarnErrorOptionsV2(error=[], warn=[], silence=[])', 'static_parser': 'True', 'invocation_command': 'dbt test', 'introspect': 'True', 'target_path': 'None', 'log_format': 'default', 'send_anonymous_usage_stats': 'True'}
[0m14:50:00.258525 [debug] [MainThread]: Sending event: {'category': 'dbt', 'action': 'project_id', 'label': '2442a4aa-6858-4fba-80df-08ae1760066a', 'context': [<snowplow_tracker.self_describing_json.SelfDescribingJson object at 0x000002A804F8BB50>]}
[0m14:50:00.336543 [debug] [MainThread]: Sending event: {'category': 'dbt', 'action': 'adapter_info', 'label': '2442a4aa-6858-4fba-80df-08ae1760066a', 'context': [<snowplow_tracker.self_describing_json.SelfDescribingJson object at 0x000002A87FEEED10>]}
[0m14:50:00.338543 [info ] [MainThread]: Registered adapter: postgres=1.9.0
[0m14:50:00.662617 [debug] [MainThread]: checksum: 265d66e81f90af29a7a28579c9b54d938c94f4a57c57be5f853267ae509b5fcb, vars: {}, profile: , target: , version: 1.10.8
[0m14:50:00.856661 [debug] [MainThread]: Partial parsing enabled: 0 files deleted, 0 files added, 0 files changed.
[0m14:50:00.856661 [debug] [MainThread]: Partial parsing enabled, no changes found, skipping parsing
[0m14:50:00.862662 [warn ] [MainThread]: [[33mWARNING[0m]: Configuration paths exist in your dbt_project.yml file which do not apply to any resources.
There are 2 unused configuration paths:
- models.dbt_project.staging
- models.dbt_project.marts
[0m14:50:00.913674 [debug] [MainThread]: Sending event: {'category': 'dbt', 'action': 'load_project', 'label': '2442a4aa-6858-4fba-80df-08ae1760066a', 'context': [<snowplow_tracker.self_describing_json.SelfDescribingJson object at 0x000002A8051E4910>]}
[0m14:50:01.012695 [debug] [MainThread]: Wrote artifact WritableManifest to C:\Users\arpit\Jupyter Notebook\CI CD Pipeline project\target\manifest.json
[0m14:50:01.015696 [debug] [MainThread]: Wrote artifact SemanticManifest to C:\Users\arpit\Jupyter Notebook\CI CD Pipeline project\target\semantic_manifest.json
[0m14:50:01.057707 [debug] [MainThread]: Sending event: {'category': 'dbt', 'action': 'resource_counts', 'label': '2442a4aa-6858-4fba-80df-08ae1760066a', 'context': [<snowplow_tracker.self_describing_json.SelfDescribingJson object at 0x000002A8055DBE50>]}
[0m14:50:01.058706 [info ] [MainThread]: Found 5 models, 3 seeds, 26 data tests, 2 sources, 434 macros
[0m14:50:01.059706 [debug] [MainThread]: Sending event: {'category': 'dbt', 'action': 'runnable_timing', 'label': '2442a4aa-6858-4fba-80df-08ae1760066a', 'context': [<snowplow_tracker.self_describing_json.SelfDescribingJson object at 0x000002A804F437D0>]}
[0m14:50:01.062707 [info ] [MainThread]: 
[0m14:50:01.063707 [info ] [MainThread]: Concurrency: 4 threads (target='dev')
[0m14:50:01.063707 [info ] [MainThread]: 
[0m14:50:01.064708 [debug] [MainThread]: Acquiring new postgres connection 'master'
[0m14:50:01.123722 [debug] [ThreadPool]: Acquiring new postgres connection 'list_dbt_project_public'
[0m14:50:01.217744 [debug] [ThreadPool]: Using postgres connection "list_dbt_project_public"
[0m14:50:01.217744 [debug] [ThreadPool]: On list_dbt_project_public: BEGIN
[0m14:50:01.218745 [debug] [ThreadPool]: Opening a new connection, currently in state init
[0m14:50:01.357774 [debug] [ThreadPool]: SQL status: BEGIN in 0.139 seconds
[0m14:50:01.358775 [debug] [ThreadPool]: Using postgres connection "list_dbt_project_public"
[0m14:50:01.358775 [debug] [ThreadPool]: On list_dbt_project_public: /* {"app": "dbt", "dbt_version": "1.10.8", "profile_name": "dbt_project", "target_name": "dev", "connection_name": "list_dbt_project_public"} */
select
      'dbt_project' as database,
      tablename as name,
      schemaname as schema,
      'table' as type
    from pg_tables
    where schemaname ilike 'public'
    union all
    select
      'dbt_project' as database,
      viewname as name,
      schemaname as schema,
      'view' as type
    from pg_views
    where schemaname ilike 'public'
    union all
    select
      'dbt_project' as database,
      matviewname as name,
      schemaname as schema,
      'materialized_view' as type
    from pg_matviews
    where schemaname ilike 'public'
  
[0m14:50:01.365777 [debug] [ThreadPool]: SQL status: SELECT 8 in 0.006 seconds
[0m14:50:01.366777 [debug] [ThreadPool]: On list_dbt_project_public: ROLLBACK
[0m14:50:01.367776 [debug] [ThreadPool]: On list_dbt_project_public: Close
[0m14:50:01.373779 [debug] [MainThread]: Using postgres connection "master"
[0m14:50:01.374778 [debug] [MainThread]: On master: BEGIN
[0m14:50:01.374778 [debug] [MainThread]: Opening a new connection, currently in state init
[0m14:50:01.511825 [debug] [MainThread]: SQL status: BEGIN in 0.136 seconds
[0m14:50:01.511825 [debug] [MainThread]: Using postgres connection "master"
[0m14:50:01.512824 [debug] [MainThread]: On master: /* {"app": "dbt", "dbt_version": "1.10.8", "profile_name": "dbt_project", "target_name": "dev", "connection_name": "master"} */
with relation as (
        select
            pg_rewrite.ev_class as class,
            pg_rewrite.oid as id
        from pg_rewrite
    ),
    class as (
        select
            oid as id,
            relname as name,
            relnamespace as schema,
            relkind as kind
        from pg_class
    ),
    dependency as (
        select distinct
            pg_depend.objid as id,
            pg_depend.refobjid as ref
        from pg_depend
    ),
    schema as (
        select
            pg_namespace.oid as id,
            pg_namespace.nspname as name
        from pg_namespace
        where nspname != 'information_schema' and nspname not like 'pg\_%'
    ),
    referenced as (
        select
            relation.id AS id,
            referenced_class.name ,
            referenced_class.schema ,
            referenced_class.kind
        from relation
        join class as referenced_class on relation.class=referenced_class.id
        where referenced_class.kind in ('r', 'v', 'm')
    ),
    relationships as (
        select
            referenced.name as referenced_name,
            referenced.schema as referenced_schema_id,
            dependent_class.name as dependent_name,
            dependent_class.schema as dependent_schema_id,
            referenced.kind as kind
        from referenced
        join dependency on referenced.id=dependency.id
        join class as dependent_class on dependency.ref=dependent_class.id
        where
            (referenced.name != dependent_class.name or
             referenced.schema != dependent_class.schema)
    )

    select
        referenced_schema.name as referenced_schema,
        relationships.referenced_name as referenced_name,
        dependent_schema.name as dependent_schema,
        relationships.dependent_name as dependent_name
    from relationships
    join schema as dependent_schema on relationships.dependent_schema_id=dependent_schema.id
    join schema as referenced_schema on relationships.referenced_schema_id=referenced_schema.id
    group by referenced_schema, referenced_name, dependent_schema, dependent_name
    order by referenced_schema, referenced_name, dependent_schema, dependent_name;
[0m14:50:01.522826 [debug] [MainThread]: SQL status: SELECT 2 in 0.009 seconds
[0m14:50:01.524826 [debug] [MainThread]: Sending event: {'category': 'dbt', 'action': 'runnable_timing', 'label': '2442a4aa-6858-4fba-80df-08ae1760066a', 'context': [<snowplow_tracker.self_describing_json.SelfDescribingJson object at 0x000002A8051C5CD0>]}
[0m14:50:01.524826 [debug] [MainThread]: On master: ROLLBACK
[0m14:50:01.525826 [debug] [MainThread]: Using postgres connection "master"
[0m14:50:01.525826 [debug] [MainThread]: On master: BEGIN
[0m14:50:01.526826 [debug] [MainThread]: SQL status: BEGIN in 0.000 seconds
[0m14:50:01.527832 [debug] [MainThread]: On master: COMMIT
[0m14:50:01.527832 [debug] [MainThread]: Using postgres connection "master"
[0m14:50:01.528831 [debug] [MainThread]: On master: COMMIT
[0m14:50:01.529828 [debug] [MainThread]: SQL status: COMMIT in 0.000 seconds
[0m14:50:01.529828 [debug] [MainThread]: On master: Close
[0m14:50:01.534829 [debug] [Thread-1 (]: Began running node test.dbt_project.accepted_values_customer_metrics_customer_segment__High_Value__Medium_Value__Low_Value.b79332e10e
[0m14:50:01.534829 [debug] [Thread-2 (]: Began running node test.dbt_project.accepted_values_stg_orders_status__completed__pending__cancelled.55410e9790
[0m14:50:01.535829 [debug] [Thread-3 (]: Began running node test.dbt_project.not_null_brnz_customers_customer_id.b4d91ba4e5
[0m14:50:01.535829 [debug] [Thread-4 (]: Began running node test.dbt_project.not_null_brnz_orders_customer_id.a7693da971
[0m14:50:01.536831 [info ] [Thread-1 (]: 1 of 26 START test accepted_values_customer_metrics_customer_segment__High_Value__Medium_Value__Low_Value  [RUN]
[0m14:50:01.536831 [info ] [Thread-2 (]: 2 of 26 START test accepted_values_stg_orders_status__completed__pending__cancelled  [RUN]
[0m14:50:01.537830 [info ] [Thread-3 (]: 3 of 26 START test not_null_brnz_customers_customer_id ......................... [RUN]
[0m14:50:01.538830 [info ] [Thread-4 (]: 4 of 26 START test not_null_brnz_orders_customer_id ............................ [RUN]
[0m14:50:01.538830 [debug] [Thread-1 (]: Acquiring new postgres connection 'test.dbt_project.accepted_values_customer_metrics_customer_segment__High_Value__Medium_Value__Low_Value.b79332e10e'
[0m14:50:01.539830 [debug] [Thread-2 (]: Acquiring new postgres connection 'test.dbt_project.accepted_values_stg_orders_status__completed__pending__cancelled.55410e9790'
[0m14:50:01.540831 [debug] [Thread-3 (]: Acquiring new postgres connection 'test.dbt_project.not_null_brnz_customers_customer_id.b4d91ba4e5'
[0m14:50:01.540831 [debug] [Thread-4 (]: Acquiring new postgres connection 'test.dbt_project.not_null_brnz_orders_customer_id.a7693da971'
[0m14:50:01.541831 [debug] [Thread-1 (]: Began compiling node test.dbt_project.accepted_values_customer_metrics_customer_segment__High_Value__Medium_Value__Low_Value.b79332e10e
[0m14:50:01.542831 [debug] [Thread-2 (]: Began compiling node test.dbt_project.accepted_values_stg_orders_status__completed__pending__cancelled.55410e9790
[0m14:50:01.542831 [debug] [Thread-3 (]: Began compiling node test.dbt_project.not_null_brnz_customers_customer_id.b4d91ba4e5
[0m14:50:01.543831 [debug] [Thread-4 (]: Began compiling node test.dbt_project.not_null_brnz_orders_customer_id.a7693da971
[0m14:50:01.560835 [debug] [Thread-1 (]: Writing injected SQL for node "test.dbt_project.accepted_values_customer_metrics_customer_segment__High_Value__Medium_Value__Low_Value.b79332e10e"
[0m14:50:01.567836 [debug] [Thread-2 (]: Writing injected SQL for node "test.dbt_project.accepted_values_stg_orders_status__completed__pending__cancelled.55410e9790"
[0m14:50:01.577840 [debug] [Thread-3 (]: Writing injected SQL for node "test.dbt_project.not_null_brnz_customers_customer_id.b4d91ba4e5"
[0m14:50:01.581838 [debug] [Thread-4 (]: Writing injected SQL for node "test.dbt_project.not_null_brnz_orders_customer_id.a7693da971"
[0m14:50:01.583840 [debug] [Thread-1 (]: Began executing node test.dbt_project.accepted_values_customer_metrics_customer_segment__High_Value__Medium_Value__Low_Value.b79332e10e
[0m14:50:01.584840 [debug] [Thread-2 (]: Began executing node test.dbt_project.accepted_values_stg_orders_status__completed__pending__cancelled.55410e9790
[0m14:50:01.594841 [debug] [Thread-3 (]: Began executing node test.dbt_project.not_null_brnz_customers_customer_id.b4d91ba4e5
[0m14:50:01.602864 [debug] [Thread-1 (]: Writing runtime sql for node "test.dbt_project.accepted_values_customer_metrics_customer_segment__High_Value__Medium_Value__Low_Value.b79332e10e"
[0m14:50:01.606845 [debug] [Thread-2 (]: Writing runtime sql for node "test.dbt_project.accepted_values_stg_orders_status__completed__pending__cancelled.55410e9790"
[0m14:50:01.606845 [debug] [Thread-4 (]: Began executing node test.dbt_project.not_null_brnz_orders_customer_id.a7693da971
[0m14:50:01.609846 [debug] [Thread-3 (]: Writing runtime sql for node "test.dbt_project.not_null_brnz_customers_customer_id.b4d91ba4e5"
[0m14:50:01.611847 [debug] [Thread-1 (]: Using postgres connection "test.dbt_project.accepted_values_customer_metrics_customer_segment__High_Value__Medium_Value__Low_Value.b79332e10e"
[0m14:50:01.613846 [debug] [Thread-4 (]: Writing runtime sql for node "test.dbt_project.not_null_brnz_orders_customer_id.a7693da971"
[0m14:50:01.614847 [debug] [Thread-2 (]: Using postgres connection "test.dbt_project.accepted_values_stg_orders_status__completed__pending__cancelled.55410e9790"
[0m14:50:01.615848 [debug] [Thread-1 (]: On test.dbt_project.accepted_values_customer_metrics_customer_segment__High_Value__Medium_Value__Low_Value.b79332e10e: BEGIN
[0m14:50:01.616847 [debug] [Thread-3 (]: Using postgres connection "test.dbt_project.not_null_brnz_customers_customer_id.b4d91ba4e5"
[0m14:50:01.617848 [debug] [Thread-2 (]: On test.dbt_project.accepted_values_stg_orders_status__completed__pending__cancelled.55410e9790: BEGIN
[0m14:50:01.617848 [debug] [Thread-4 (]: Using postgres connection "test.dbt_project.not_null_brnz_orders_customer_id.a7693da971"
[0m14:50:01.618848 [debug] [Thread-1 (]: Opening a new connection, currently in state init
[0m14:50:01.618848 [debug] [Thread-3 (]: On test.dbt_project.not_null_brnz_customers_customer_id.b4d91ba4e5: BEGIN
[0m14:50:01.619850 [debug] [Thread-2 (]: Opening a new connection, currently in state init
[0m14:50:01.620848 [debug] [Thread-4 (]: On test.dbt_project.not_null_brnz_orders_customer_id.a7693da971: BEGIN
[0m14:50:01.621849 [debug] [Thread-3 (]: Opening a new connection, currently in state init
[0m14:50:01.622850 [debug] [Thread-4 (]: Opening a new connection, currently in state init
[0m14:50:01.664859 [debug] [Thread-3 (]: SQL status: BEGIN in 0.043 seconds
[0m14:50:01.665866 [debug] [Thread-3 (]: Using postgres connection "test.dbt_project.not_null_brnz_customers_customer_id.b4d91ba4e5"
[0m14:50:01.665866 [debug] [Thread-3 (]: On test.dbt_project.not_null_brnz_customers_customer_id.b4d91ba4e5: /* {"app": "dbt", "dbt_version": "1.10.8", "profile_name": "dbt_project", "target_name": "dev", "node_id": "test.dbt_project.not_null_brnz_customers_customer_id.b4d91ba4e5"} */

    select
      count(*) as failures,
      count(*) != 0 as should_warn,
      count(*) != 0 as should_error
    from (
      
    
  
    
    



select customer_id
from "dbt_project".public.brnz_customers
where customer_id is null



  
  
      
    ) dbt_internal_test
[0m14:50:01.666862 [debug] [Thread-4 (]: SQL status: BEGIN in 0.044 seconds
[0m14:50:01.667859 [debug] [Thread-4 (]: Using postgres connection "test.dbt_project.not_null_brnz_orders_customer_id.a7693da971"
[0m14:50:01.668860 [debug] [Thread-3 (]: SQL status: SELECT 1 in 0.002 seconds
[0m14:50:01.668860 [debug] [Thread-4 (]: On test.dbt_project.not_null_brnz_orders_customer_id.a7693da971: /* {"app": "dbt", "dbt_version": "1.10.8", "profile_name": "dbt_project", "target_name": "dev", "node_id": "test.dbt_project.not_null_brnz_orders_customer_id.a7693da971"} */

    select
      count(*) as failures,
      count(*) != 0 as should_warn,
      count(*) != 0 as should_error
    from (
      
    
  
    
    



select customer_id
from "dbt_project".public.brnz_orders
where customer_id is null



  
  
      
    ) dbt_internal_test
[0m14:50:01.672860 [debug] [Thread-3 (]: On test.dbt_project.not_null_brnz_customers_customer_id.b4d91ba4e5: ROLLBACK
[0m14:50:01.674862 [debug] [Thread-3 (]: On test.dbt_project.not_null_brnz_customers_customer_id.b4d91ba4e5: Close
[0m14:50:01.675861 [debug] [Thread-4 (]: SQL status: SELECT 1 in 0.002 seconds
[0m14:50:01.675861 [info ] [Thread-3 (]: 3 of 26 PASS not_null_brnz_customers_customer_id ............................... [[32mPASS[0m in 0.14s]
[0m14:50:01.677861 [debug] [Thread-4 (]: On test.dbt_project.not_null_brnz_orders_customer_id.a7693da971: ROLLBACK
[0m14:50:01.678862 [debug] [Thread-3 (]: Finished running node test.dbt_project.not_null_brnz_customers_customer_id.b4d91ba4e5
[0m14:50:01.679862 [debug] [Thread-4 (]: On test.dbt_project.not_null_brnz_orders_customer_id.a7693da971: Close
[0m14:50:01.679862 [debug] [Thread-3 (]: Began running node test.dbt_project.not_null_brnz_orders_order_id.2e8ed23d30
[0m14:50:01.680861 [info ] [Thread-4 (]: 4 of 26 PASS not_null_brnz_orders_customer_id .................................. [[32mPASS[0m in 0.14s]
[0m14:50:01.681863 [info ] [Thread-3 (]: 5 of 26 START test not_null_brnz_orders_order_id ............................... [RUN]
[0m14:50:01.682867 [debug] [Thread-4 (]: Finished running node test.dbt_project.not_null_brnz_orders_customer_id.a7693da971
[0m14:50:01.683864 [debug] [Thread-3 (]: Re-using an available connection from the pool (formerly test.dbt_project.not_null_brnz_customers_customer_id.b4d91ba4e5, now test.dbt_project.not_null_brnz_orders_order_id.2e8ed23d30)
[0m14:50:01.684864 [debug] [Thread-4 (]: Began running node test.dbt_project.not_null_customer_metrics_completed_orders.67267ba6bb
[0m14:50:01.685863 [debug] [Thread-3 (]: Began compiling node test.dbt_project.not_null_brnz_orders_order_id.2e8ed23d30
[0m14:50:01.685863 [info ] [Thread-4 (]: 6 of 26 START test not_null_customer_metrics_completed_orders .................. [RUN]
[0m14:50:01.691865 [debug] [Thread-3 (]: Writing injected SQL for node "test.dbt_project.not_null_brnz_orders_order_id.2e8ed23d30"
[0m14:50:01.692864 [debug] [Thread-4 (]: Re-using an available connection from the pool (formerly test.dbt_project.not_null_brnz_orders_customer_id.a7693da971, now test.dbt_project.not_null_customer_metrics_completed_orders.67267ba6bb)
[0m14:50:01.693866 [debug] [Thread-4 (]: Began compiling node test.dbt_project.not_null_customer_metrics_completed_orders.67267ba6bb
[0m14:50:01.693866 [debug] [Thread-3 (]: Began executing node test.dbt_project.not_null_brnz_orders_order_id.2e8ed23d30
[0m14:50:01.697865 [debug] [Thread-4 (]: Writing injected SQL for node "test.dbt_project.not_null_customer_metrics_completed_orders.67267ba6bb"
[0m14:50:01.700867 [debug] [Thread-3 (]: Writing runtime sql for node "test.dbt_project.not_null_brnz_orders_order_id.2e8ed23d30"
[0m14:50:01.702867 [debug] [Thread-4 (]: Began executing node test.dbt_project.not_null_customer_metrics_completed_orders.67267ba6bb
[0m14:50:01.703867 [debug] [Thread-3 (]: Using postgres connection "test.dbt_project.not_null_brnz_orders_order_id.2e8ed23d30"
[0m14:50:01.706867 [debug] [Thread-4 (]: Writing runtime sql for node "test.dbt_project.not_null_customer_metrics_completed_orders.67267ba6bb"
[0m14:50:01.706867 [debug] [Thread-3 (]: On test.dbt_project.not_null_brnz_orders_order_id.2e8ed23d30: BEGIN
[0m14:50:01.707871 [debug] [Thread-3 (]: Opening a new connection, currently in state closed
[0m14:50:01.708870 [debug] [Thread-4 (]: Using postgres connection "test.dbt_project.not_null_customer_metrics_completed_orders.67267ba6bb"
[0m14:50:01.709869 [debug] [Thread-4 (]: On test.dbt_project.not_null_customer_metrics_completed_orders.67267ba6bb: BEGIN
[0m14:50:01.709869 [debug] [Thread-4 (]: Opening a new connection, currently in state closed
[0m14:50:01.740877 [debug] [Thread-3 (]: SQL status: BEGIN in 0.033 seconds
[0m14:50:01.741876 [debug] [Thread-3 (]: Using postgres connection "test.dbt_project.not_null_brnz_orders_order_id.2e8ed23d30"
[0m14:50:01.742876 [debug] [Thread-3 (]: On test.dbt_project.not_null_brnz_orders_order_id.2e8ed23d30: /* {"app": "dbt", "dbt_version": "1.10.8", "profile_name": "dbt_project", "target_name": "dev", "node_id": "test.dbt_project.not_null_brnz_orders_order_id.2e8ed23d30"} */

    select
      count(*) as failures,
      count(*) != 0 as should_warn,
      count(*) != 0 as should_error
    from (
      
    
  
    
    



select order_id
from "dbt_project".public.brnz_orders
where order_id is null



  
  
      
    ) dbt_internal_test
[0m14:50:01.744878 [debug] [Thread-3 (]: SQL status: SELECT 1 in 0.001 seconds
[0m14:50:01.746878 [debug] [Thread-3 (]: On test.dbt_project.not_null_brnz_orders_order_id.2e8ed23d30: ROLLBACK
[0m14:50:01.746878 [debug] [Thread-3 (]: On test.dbt_project.not_null_brnz_orders_order_id.2e8ed23d30: Close
[0m14:50:01.747877 [debug] [Thread-4 (]: SQL status: BEGIN in 0.038 seconds
[0m14:50:01.748879 [info ] [Thread-3 (]: 5 of 26 PASS not_null_brnz_orders_order_id ..................................... [[32mPASS[0m in 0.07s]
[0m14:50:01.749878 [debug] [Thread-4 (]: Using postgres connection "test.dbt_project.not_null_customer_metrics_completed_orders.67267ba6bb"
[0m14:50:01.751878 [debug] [Thread-3 (]: Finished running node test.dbt_project.not_null_brnz_orders_order_id.2e8ed23d30
[0m14:50:01.751878 [debug] [Thread-4 (]: On test.dbt_project.not_null_customer_metrics_completed_orders.67267ba6bb: /* {"app": "dbt", "dbt_version": "1.10.8", "profile_name": "dbt_project", "target_name": "dev", "node_id": "test.dbt_project.not_null_customer_metrics_completed_orders.67267ba6bb"} */

    select
      count(*) as failures,
      count(*) != 0 as should_warn,
      count(*) != 0 as should_error
    from (
      
    
  
    
    



select completed_orders
from "dbt_project".public.customer_metrics
where completed_orders is null



  
  
      
    ) dbt_internal_test
[0m14:50:01.752879 [debug] [Thread-3 (]: Began running node test.dbt_project.not_null_customer_metrics_customer_id.e9f6122c87
[0m14:50:01.754880 [info ] [Thread-3 (]: 7 of 26 START test not_null_customer_metrics_customer_id ....................... [RUN]
[0m14:50:01.755880 [debug] [Thread-3 (]: Re-using an available connection from the pool (formerly test.dbt_project.not_null_brnz_orders_order_id.2e8ed23d30, now test.dbt_project.not_null_customer_metrics_customer_id.e9f6122c87)
[0m14:50:01.755880 [debug] [Thread-4 (]: SQL status: SELECT 1 in 0.002 seconds
[0m14:50:01.756879 [debug] [Thread-3 (]: Began compiling node test.dbt_project.not_null_customer_metrics_customer_id.e9f6122c87
[0m14:50:01.759880 [debug] [Thread-4 (]: On test.dbt_project.not_null_customer_metrics_completed_orders.67267ba6bb: ROLLBACK
[0m14:50:01.763882 [debug] [Thread-3 (]: Writing injected SQL for node "test.dbt_project.not_null_customer_metrics_customer_id.e9f6122c87"
[0m14:50:01.764881 [debug] [Thread-2 (]: SQL status: BEGIN in 0.145 seconds
[0m14:50:01.765881 [debug] [Thread-4 (]: On test.dbt_project.not_null_customer_metrics_completed_orders.67267ba6bb: Close
[0m14:50:01.765881 [debug] [Thread-1 (]: SQL status: BEGIN in 0.148 seconds
[0m14:50:01.766882 [debug] [Thread-2 (]: Using postgres connection "test.dbt_project.accepted_values_stg_orders_status__completed__pending__cancelled.55410e9790"
[0m14:50:01.767881 [debug] [Thread-3 (]: Began executing node test.dbt_project.not_null_customer_metrics_customer_id.e9f6122c87
[0m14:50:01.768883 [info ] [Thread-4 (]: 6 of 26 PASS not_null_customer_metrics_completed_orders ........................ [[32mPASS[0m in 0.08s]
[0m14:50:01.768883 [debug] [Thread-1 (]: Using postgres connection "test.dbt_project.accepted_values_customer_metrics_customer_segment__High_Value__Medium_Value__Low_Value.b79332e10e"
[0m14:50:01.769882 [debug] [Thread-2 (]: On test.dbt_project.accepted_values_stg_orders_status__completed__pending__cancelled.55410e9790: /* {"app": "dbt", "dbt_version": "1.10.8", "profile_name": "dbt_project", "target_name": "dev", "node_id": "test.dbt_project.accepted_values_stg_orders_status__completed__pending__cancelled.55410e9790"} */

    select
      count(*) as failures,
      count(*) != 0 as should_warn,
      count(*) != 0 as should_error
    from (
      
    
  
    
    

with all_values as (

    select
        status as value_field,
        count(*) as n_records

    from "dbt_project".public.stg_orders
    group by status

)

select *
from all_values
where value_field not in (
    'completed','pending','cancelled'
)



  
  
      
    ) dbt_internal_test
[0m14:50:01.774884 [debug] [Thread-3 (]: Writing runtime sql for node "test.dbt_project.not_null_customer_metrics_customer_id.e9f6122c87"
[0m14:50:01.775883 [debug] [Thread-4 (]: Finished running node test.dbt_project.not_null_customer_metrics_completed_orders.67267ba6bb
[0m14:50:01.776883 [debug] [Thread-1 (]: On test.dbt_project.accepted_values_customer_metrics_customer_segment__High_Value__Medium_Value__Low_Value.b79332e10e: /* {"app": "dbt", "dbt_version": "1.10.8", "profile_name": "dbt_project", "target_name": "dev", "node_id": "test.dbt_project.accepted_values_customer_metrics_customer_segment__High_Value__Medium_Value__Low_Value.b79332e10e"} */

    select
      count(*) as failures,
      count(*) != 0 as should_warn,
      count(*) != 0 as should_error
    from (
      
    
  
    
    

with all_values as (

    select
        customer_segment as value_field,
        count(*) as n_records

    from "dbt_project".public.customer_metrics
    group by customer_segment

)

select *
from all_values
where value_field not in (
    'High-Value','Medium-Value','Low-Value'
)



  
  
      
    ) dbt_internal_test
[0m14:50:01.777883 [debug] [Thread-4 (]: Began running node test.dbt_project.not_null_customer_metrics_customer_lifetime_value.06f78010af
[0m14:50:01.778884 [debug] [Thread-3 (]: Using postgres connection "test.dbt_project.not_null_customer_metrics_customer_id.e9f6122c87"
[0m14:50:01.779886 [debug] [Thread-2 (]: SQL status: SELECT 1 in 0.002 seconds
[0m14:50:01.780885 [info ] [Thread-4 (]: 8 of 26 START test not_null_customer_metrics_customer_lifetime_value ........... [RUN]
[0m14:50:01.781886 [debug] [Thread-3 (]: On test.dbt_project.not_null_customer_metrics_customer_id.e9f6122c87: BEGIN
[0m14:50:01.781886 [debug] [Thread-1 (]: SQL status: SELECT 1 in 0.002 seconds
[0m14:50:01.783886 [debug] [Thread-2 (]: On test.dbt_project.accepted_values_stg_orders_status__completed__pending__cancelled.55410e9790: ROLLBACK
[0m14:50:01.784887 [debug] [Thread-4 (]: Re-using an available connection from the pool (formerly test.dbt_project.not_null_customer_metrics_completed_orders.67267ba6bb, now test.dbt_project.not_null_customer_metrics_customer_lifetime_value.06f78010af)
[0m14:50:01.785886 [debug] [Thread-3 (]: Opening a new connection, currently in state closed
[0m14:50:01.787886 [debug] [Thread-1 (]: On test.dbt_project.accepted_values_customer_metrics_customer_segment__High_Value__Medium_Value__Low_Value.b79332e10e: ROLLBACK
[0m14:50:01.787886 [debug] [Thread-2 (]: On test.dbt_project.accepted_values_stg_orders_status__completed__pending__cancelled.55410e9790: Close
[0m14:50:01.788887 [debug] [Thread-4 (]: Began compiling node test.dbt_project.not_null_customer_metrics_customer_lifetime_value.06f78010af
[0m14:50:01.789887 [debug] [Thread-1 (]: On test.dbt_project.accepted_values_customer_metrics_customer_segment__High_Value__Medium_Value__Low_Value.b79332e10e: Close
[0m14:50:01.790887 [info ] [Thread-2 (]: 2 of 26 PASS accepted_values_stg_orders_status__completed__pending__cancelled .. [[32mPASS[0m in 0.25s]
[0m14:50:01.795889 [debug] [Thread-4 (]: Writing injected SQL for node "test.dbt_project.not_null_customer_metrics_customer_lifetime_value.06f78010af"
[0m14:50:01.796888 [info ] [Thread-1 (]: 1 of 26 PASS accepted_values_customer_metrics_customer_segment__High_Value__Medium_Value__Low_Value  [[32mPASS[0m in 0.26s]
[0m14:50:01.798889 [debug] [Thread-2 (]: Finished running node test.dbt_project.accepted_values_stg_orders_status__completed__pending__cancelled.55410e9790
[0m14:50:01.800892 [debug] [Thread-1 (]: Finished running node test.dbt_project.accepted_values_customer_metrics_customer_segment__High_Value__Medium_Value__Low_Value.b79332e10e
[0m14:50:01.801892 [debug] [Thread-4 (]: Began executing node test.dbt_project.not_null_customer_metrics_customer_lifetime_value.06f78010af
[0m14:50:01.801892 [debug] [Thread-2 (]: Began running node test.dbt_project.not_null_customer_metrics_customer_segment.26106bb21b
[0m14:50:01.802891 [debug] [Thread-1 (]: Began running node test.dbt_project.not_null_customer_metrics_total_orders.70989cf36e
[0m14:50:01.806891 [debug] [Thread-4 (]: Writing runtime sql for node "test.dbt_project.not_null_customer_metrics_customer_lifetime_value.06f78010af"
[0m14:50:01.807891 [info ] [Thread-2 (]: 9 of 26 START test not_null_customer_metrics_customer_segment .................. [RUN]
[0m14:50:01.808893 [info ] [Thread-1 (]: 10 of 26 START test not_null_customer_metrics_total_orders ..................... [RUN]
[0m14:50:01.809893 [debug] [Thread-2 (]: Re-using an available connection from the pool (formerly test.dbt_project.accepted_values_stg_orders_status__completed__pending__cancelled.55410e9790, now test.dbt_project.not_null_customer_metrics_customer_segment.26106bb21b)
[0m14:50:01.810894 [debug] [Thread-4 (]: Using postgres connection "test.dbt_project.not_null_customer_metrics_customer_lifetime_value.06f78010af"
[0m14:50:01.811900 [debug] [Thread-1 (]: Re-using an available connection from the pool (formerly test.dbt_project.accepted_values_customer_metrics_customer_segment__High_Value__Medium_Value__Low_Value.b79332e10e, now test.dbt_project.not_null_customer_metrics_total_orders.70989cf36e)
[0m14:50:01.812894 [debug] [Thread-2 (]: Began compiling node test.dbt_project.not_null_customer_metrics_customer_segment.26106bb21b
[0m14:50:01.812894 [debug] [Thread-4 (]: On test.dbt_project.not_null_customer_metrics_customer_lifetime_value.06f78010af: BEGIN
[0m14:50:01.813893 [debug] [Thread-1 (]: Began compiling node test.dbt_project.not_null_customer_metrics_total_orders.70989cf36e
[0m14:50:01.818894 [debug] [Thread-2 (]: Writing injected SQL for node "test.dbt_project.not_null_customer_metrics_customer_segment.26106bb21b"
[0m14:50:01.819893 [debug] [Thread-4 (]: Opening a new connection, currently in state closed
[0m14:50:01.823893 [debug] [Thread-1 (]: Writing injected SQL for node "test.dbt_project.not_null_customer_metrics_total_orders.70989cf36e"
[0m14:50:01.825897 [debug] [Thread-2 (]: Began executing node test.dbt_project.not_null_customer_metrics_customer_segment.26106bb21b
[0m14:50:01.828896 [debug] [Thread-2 (]: Writing runtime sql for node "test.dbt_project.not_null_customer_metrics_customer_segment.26106bb21b"
[0m14:50:01.829895 [debug] [Thread-3 (]: SQL status: BEGIN in 0.044 seconds
[0m14:50:01.830896 [debug] [Thread-1 (]: Began executing node test.dbt_project.not_null_customer_metrics_total_orders.70989cf36e
[0m14:50:01.830896 [debug] [Thread-3 (]: Using postgres connection "test.dbt_project.not_null_customer_metrics_customer_id.e9f6122c87"
[0m14:50:01.834898 [debug] [Thread-1 (]: Writing runtime sql for node "test.dbt_project.not_null_customer_metrics_total_orders.70989cf36e"
[0m14:50:01.835897 [debug] [Thread-2 (]: Using postgres connection "test.dbt_project.not_null_customer_metrics_customer_segment.26106bb21b"
[0m14:50:01.835897 [debug] [Thread-3 (]: On test.dbt_project.not_null_customer_metrics_customer_id.e9f6122c87: /* {"app": "dbt", "dbt_version": "1.10.8", "profile_name": "dbt_project", "target_name": "dev", "node_id": "test.dbt_project.not_null_customer_metrics_customer_id.e9f6122c87"} */

    select
      count(*) as failures,
      count(*) != 0 as should_warn,
      count(*) != 0 as should_error
    from (
      
    
  
    
    



select customer_id
from "dbt_project".public.customer_metrics
where customer_id is null



  
  
      
    ) dbt_internal_test
[0m14:50:01.836898 [debug] [Thread-2 (]: On test.dbt_project.not_null_customer_metrics_customer_segment.26106bb21b: BEGIN
[0m14:50:01.837898 [debug] [Thread-1 (]: Using postgres connection "test.dbt_project.not_null_customer_metrics_total_orders.70989cf36e"
[0m14:50:01.838899 [debug] [Thread-2 (]: Opening a new connection, currently in state closed
[0m14:50:01.838899 [debug] [Thread-1 (]: On test.dbt_project.not_null_customer_metrics_total_orders.70989cf36e: BEGIN
[0m14:50:01.839898 [debug] [Thread-3 (]: SQL status: SELECT 1 in 0.001 seconds
[0m14:50:01.840898 [debug] [Thread-1 (]: Opening a new connection, currently in state closed
[0m14:50:01.841899 [debug] [Thread-3 (]: On test.dbt_project.not_null_customer_metrics_customer_id.e9f6122c87: ROLLBACK
[0m14:50:01.843899 [debug] [Thread-3 (]: On test.dbt_project.not_null_customer_metrics_customer_id.e9f6122c87: Close
[0m14:50:01.844899 [info ] [Thread-3 (]: 7 of 26 PASS not_null_customer_metrics_customer_id ............................. [[32mPASS[0m in 0.09s]
[0m14:50:01.846900 [debug] [Thread-3 (]: Finished running node test.dbt_project.not_null_customer_metrics_customer_id.e9f6122c87
[0m14:50:01.847900 [debug] [Thread-3 (]: Began running node test.dbt_project.not_null_customer_metrics_total_revenue.08df7b5d70
[0m14:50:01.848901 [info ] [Thread-3 (]: 11 of 26 START test not_null_customer_metrics_total_revenue .................... [RUN]
[0m14:50:01.849903 [debug] [Thread-3 (]: Re-using an available connection from the pool (formerly test.dbt_project.not_null_customer_metrics_customer_id.e9f6122c87, now test.dbt_project.not_null_customer_metrics_total_revenue.08df7b5d70)
[0m14:50:01.851901 [debug] [Thread-3 (]: Began compiling node test.dbt_project.not_null_customer_metrics_total_revenue.08df7b5d70
[0m14:50:01.856901 [debug] [Thread-3 (]: Writing injected SQL for node "test.dbt_project.not_null_customer_metrics_total_revenue.08df7b5d70"
[0m14:50:01.858903 [debug] [Thread-3 (]: Began executing node test.dbt_project.not_null_customer_metrics_total_revenue.08df7b5d70
[0m14:50:01.861904 [debug] [Thread-3 (]: Writing runtime sql for node "test.dbt_project.not_null_customer_metrics_total_revenue.08df7b5d70"
[0m14:50:01.863905 [debug] [Thread-3 (]: Using postgres connection "test.dbt_project.not_null_customer_metrics_total_revenue.08df7b5d70"
[0m14:50:01.863905 [debug] [Thread-3 (]: On test.dbt_project.not_null_customer_metrics_total_revenue.08df7b5d70: BEGIN
[0m14:50:01.864904 [debug] [Thread-3 (]: Opening a new connection, currently in state closed
[0m14:50:01.876907 [debug] [Thread-2 (]: SQL status: BEGIN in 0.038 seconds
[0m14:50:01.877906 [debug] [Thread-2 (]: Using postgres connection "test.dbt_project.not_null_customer_metrics_customer_segment.26106bb21b"
[0m14:50:01.878908 [debug] [Thread-2 (]: On test.dbt_project.not_null_customer_metrics_customer_segment.26106bb21b: /* {"app": "dbt", "dbt_version": "1.10.8", "profile_name": "dbt_project", "target_name": "dev", "node_id": "test.dbt_project.not_null_customer_metrics_customer_segment.26106bb21b"} */

    select
      count(*) as failures,
      count(*) != 0 as should_warn,
      count(*) != 0 as should_error
    from (
      
    
  
    
    



select customer_segment
from "dbt_project".public.customer_metrics
where customer_segment is null



  
  
      
    ) dbt_internal_test
[0m14:50:01.880907 [debug] [Thread-2 (]: SQL status: SELECT 1 in 0.001 seconds
[0m14:50:01.882907 [debug] [Thread-2 (]: On test.dbt_project.not_null_customer_metrics_customer_segment.26106bb21b: ROLLBACK
[0m14:50:01.883909 [debug] [Thread-2 (]: On test.dbt_project.not_null_customer_metrics_customer_segment.26106bb21b: Close
[0m14:50:01.884908 [info ] [Thread-2 (]: 9 of 26 PASS not_null_customer_metrics_customer_segment ........................ [[32mPASS[0m in 0.07s]
[0m14:50:01.885908 [debug] [Thread-2 (]: Finished running node test.dbt_project.not_null_customer_metrics_customer_segment.26106bb21b
[0m14:50:01.886907 [debug] [Thread-2 (]: Began running node test.dbt_project.not_null_stg_customers_customer_id.e2cfb1f9aa
[0m14:50:01.887910 [info ] [Thread-2 (]: 12 of 26 START test not_null_stg_customers_customer_id ......................... [RUN]
[0m14:50:01.888911 [debug] [Thread-2 (]: Re-using an available connection from the pool (formerly test.dbt_project.not_null_customer_metrics_customer_segment.26106bb21b, now test.dbt_project.not_null_stg_customers_customer_id.e2cfb1f9aa)
[0m14:50:01.889909 [debug] [Thread-2 (]: Began compiling node test.dbt_project.not_null_stg_customers_customer_id.e2cfb1f9aa
[0m14:50:01.893911 [debug] [Thread-2 (]: Writing injected SQL for node "test.dbt_project.not_null_stg_customers_customer_id.e2cfb1f9aa"
[0m14:50:01.895911 [debug] [Thread-2 (]: Began executing node test.dbt_project.not_null_stg_customers_customer_id.e2cfb1f9aa
[0m14:50:01.898911 [debug] [Thread-2 (]: Writing runtime sql for node "test.dbt_project.not_null_stg_customers_customer_id.e2cfb1f9aa"
[0m14:50:01.899911 [debug] [Thread-2 (]: Using postgres connection "test.dbt_project.not_null_stg_customers_customer_id.e2cfb1f9aa"
[0m14:50:01.900911 [debug] [Thread-2 (]: On test.dbt_project.not_null_stg_customers_customer_id.e2cfb1f9aa: BEGIN
[0m14:50:01.900911 [debug] [Thread-2 (]: Opening a new connection, currently in state closed
[0m14:50:01.935919 [debug] [Thread-2 (]: SQL status: BEGIN in 0.034 seconds
[0m14:50:01.935919 [debug] [Thread-2 (]: Using postgres connection "test.dbt_project.not_null_stg_customers_customer_id.e2cfb1f9aa"
[0m14:50:01.936920 [debug] [Thread-2 (]: On test.dbt_project.not_null_stg_customers_customer_id.e2cfb1f9aa: /* {"app": "dbt", "dbt_version": "1.10.8", "profile_name": "dbt_project", "target_name": "dev", "node_id": "test.dbt_project.not_null_stg_customers_customer_id.e2cfb1f9aa"} */

    select
      count(*) as failures,
      count(*) != 0 as should_warn,
      count(*) != 0 as should_error
    from (
      
    
  
    
    



select customer_id
from "dbt_project".public.stg_customers
where customer_id is null



  
  
      
    ) dbt_internal_test
[0m14:50:01.939923 [debug] [Thread-2 (]: SQL status: SELECT 1 in 0.001 seconds
[0m14:50:01.940921 [debug] [Thread-2 (]: On test.dbt_project.not_null_stg_customers_customer_id.e2cfb1f9aa: ROLLBACK
[0m14:50:01.941921 [debug] [Thread-2 (]: On test.dbt_project.not_null_stg_customers_customer_id.e2cfb1f9aa: Close
[0m14:50:01.942921 [info ] [Thread-2 (]: 12 of 26 PASS not_null_stg_customers_customer_id ............................... [[32mPASS[0m in 0.06s]
[0m14:50:01.943922 [debug] [Thread-2 (]: Finished running node test.dbt_project.not_null_stg_customers_customer_id.e2cfb1f9aa
[0m14:50:01.944921 [debug] [Thread-2 (]: Began running node test.dbt_project.not_null_stg_customers_customer_name.5c92a78a60
[0m14:50:01.944921 [info ] [Thread-2 (]: 13 of 26 START test not_null_stg_customers_customer_name ....................... [RUN]
[0m14:50:01.945921 [debug] [Thread-2 (]: Re-using an available connection from the pool (formerly test.dbt_project.not_null_stg_customers_customer_id.e2cfb1f9aa, now test.dbt_project.not_null_stg_customers_customer_name.5c92a78a60)
[0m14:50:01.946925 [debug] [Thread-2 (]: Began compiling node test.dbt_project.not_null_stg_customers_customer_name.5c92a78a60
[0m14:50:01.953924 [debug] [Thread-2 (]: Writing injected SQL for node "test.dbt_project.not_null_stg_customers_customer_name.5c92a78a60"
[0m14:50:01.954925 [debug] [Thread-2 (]: Began executing node test.dbt_project.not_null_stg_customers_customer_name.5c92a78a60
[0m14:50:01.957923 [debug] [Thread-2 (]: Writing runtime sql for node "test.dbt_project.not_null_stg_customers_customer_name.5c92a78a60"
[0m14:50:01.959925 [debug] [Thread-2 (]: Using postgres connection "test.dbt_project.not_null_stg_customers_customer_name.5c92a78a60"
[0m14:50:01.960925 [debug] [Thread-2 (]: On test.dbt_project.not_null_stg_customers_customer_name.5c92a78a60: BEGIN
[0m14:50:01.960925 [debug] [Thread-4 (]: SQL status: BEGIN in 0.142 seconds
[0m14:50:01.961926 [debug] [Thread-2 (]: Opening a new connection, currently in state closed
[0m14:50:01.962925 [debug] [Thread-4 (]: Using postgres connection "test.dbt_project.not_null_customer_metrics_customer_lifetime_value.06f78010af"
[0m14:50:01.963926 [debug] [Thread-4 (]: On test.dbt_project.not_null_customer_metrics_customer_lifetime_value.06f78010af: /* {"app": "dbt", "dbt_version": "1.10.8", "profile_name": "dbt_project", "target_name": "dev", "node_id": "test.dbt_project.not_null_customer_metrics_customer_lifetime_value.06f78010af"} */

    select
      count(*) as failures,
      count(*) != 0 as should_warn,
      count(*) != 0 as should_error
    from (
      
    
  
    
    



select customer_lifetime_value
from "dbt_project".public.customer_metrics
where customer_lifetime_value is null



  
  
      
    ) dbt_internal_test
[0m14:50:01.965928 [debug] [Thread-4 (]: SQL status: SELECT 1 in 0.002 seconds
[0m14:50:01.967927 [debug] [Thread-4 (]: On test.dbt_project.not_null_customer_metrics_customer_lifetime_value.06f78010af: ROLLBACK
[0m14:50:01.968927 [debug] [Thread-4 (]: On test.dbt_project.not_null_customer_metrics_customer_lifetime_value.06f78010af: Close
[0m14:50:01.969927 [info ] [Thread-4 (]: 8 of 26 PASS not_null_customer_metrics_customer_lifetime_value ................. [[32mPASS[0m in 0.19s]
[0m14:50:01.971928 [debug] [Thread-4 (]: Finished running node test.dbt_project.not_null_customer_metrics_customer_lifetime_value.06f78010af
[0m14:50:01.972929 [debug] [Thread-4 (]: Began running node test.dbt_project.not_null_stg_orders_customer_id.af79d5e4b5
[0m14:50:01.973929 [info ] [Thread-4 (]: 14 of 26 START test not_null_stg_orders_customer_id ............................ [RUN]
[0m14:50:01.975929 [debug] [Thread-4 (]: Re-using an available connection from the pool (formerly test.dbt_project.not_null_customer_metrics_customer_lifetime_value.06f78010af, now test.dbt_project.not_null_stg_orders_customer_id.af79d5e4b5)
[0m14:50:01.975929 [debug] [Thread-4 (]: Began compiling node test.dbt_project.not_null_stg_orders_customer_id.af79d5e4b5
[0m14:50:01.981930 [debug] [Thread-4 (]: Writing injected SQL for node "test.dbt_project.not_null_stg_orders_customer_id.af79d5e4b5"
[0m14:50:01.983930 [debug] [Thread-4 (]: Began executing node test.dbt_project.not_null_stg_orders_customer_id.af79d5e4b5
[0m14:50:01.987933 [debug] [Thread-4 (]: Writing runtime sql for node "test.dbt_project.not_null_stg_orders_customer_id.af79d5e4b5"
[0m14:50:01.988933 [debug] [Thread-4 (]: Using postgres connection "test.dbt_project.not_null_stg_orders_customer_id.af79d5e4b5"
[0m14:50:01.989932 [debug] [Thread-4 (]: On test.dbt_project.not_null_stg_orders_customer_id.af79d5e4b5: BEGIN
[0m14:50:01.990933 [debug] [Thread-4 (]: Opening a new connection, currently in state closed
[0m14:50:01.995935 [debug] [Thread-1 (]: SQL status: BEGIN in 0.155 seconds
[0m14:50:01.996934 [debug] [Thread-1 (]: Using postgres connection "test.dbt_project.not_null_customer_metrics_total_orders.70989cf36e"
[0m14:50:01.997934 [debug] [Thread-1 (]: On test.dbt_project.not_null_customer_metrics_total_orders.70989cf36e: /* {"app": "dbt", "dbt_version": "1.10.8", "profile_name": "dbt_project", "target_name": "dev", "node_id": "test.dbt_project.not_null_customer_metrics_total_orders.70989cf36e"} */

    select
      count(*) as failures,
      count(*) != 0 as should_warn,
      count(*) != 0 as should_error
    from (
      
    
  
    
    



select total_orders
from "dbt_project".public.customer_metrics
where total_orders is null



  
  
      
    ) dbt_internal_test
[0m14:50:02.000936 [debug] [Thread-1 (]: SQL status: SELECT 1 in 0.002 seconds
[0m14:50:02.003934 [debug] [Thread-1 (]: On test.dbt_project.not_null_customer_metrics_total_orders.70989cf36e: ROLLBACK
[0m14:50:02.004935 [debug] [Thread-1 (]: On test.dbt_project.not_null_customer_metrics_total_orders.70989cf36e: Close
[0m14:50:02.005935 [debug] [Thread-2 (]: SQL status: BEGIN in 0.044 seconds
[0m14:50:02.006937 [info ] [Thread-1 (]: 10 of 26 PASS not_null_customer_metrics_total_orders ........................... [[32mPASS[0m in 0.20s]
[0m14:50:02.007936 [debug] [Thread-2 (]: Using postgres connection "test.dbt_project.not_null_stg_customers_customer_name.5c92a78a60"
[0m14:50:02.008937 [debug] [Thread-1 (]: Finished running node test.dbt_project.not_null_customer_metrics_total_orders.70989cf36e
[0m14:50:02.010937 [debug] [Thread-2 (]: On test.dbt_project.not_null_stg_customers_customer_name.5c92a78a60: /* {"app": "dbt", "dbt_version": "1.10.8", "profile_name": "dbt_project", "target_name": "dev", "node_id": "test.dbt_project.not_null_stg_customers_customer_name.5c92a78a60"} */

    select
      count(*) as failures,
      count(*) != 0 as should_warn,
      count(*) != 0 as should_error
    from (
      
    
  
    
    



select customer_name
from "dbt_project".public.stg_customers
where customer_name is null



  
  
      
    ) dbt_internal_test
[0m14:50:02.010937 [debug] [Thread-3 (]: SQL status: BEGIN in 0.146 seconds
[0m14:50:02.011939 [debug] [Thread-1 (]: Began running node test.dbt_project.not_null_stg_orders_order_date.2177a3e8bb
[0m14:50:02.013941 [debug] [Thread-3 (]: Using postgres connection "test.dbt_project.not_null_customer_metrics_total_revenue.08df7b5d70"
[0m14:50:02.015939 [debug] [Thread-2 (]: SQL status: SELECT 1 in 0.002 seconds
[0m14:50:02.014938 [info ] [Thread-1 (]: 15 of 26 START test not_null_stg_orders_order_date ............................. [RUN]
[0m14:50:02.016938 [debug] [Thread-3 (]: On test.dbt_project.not_null_customer_metrics_total_revenue.08df7b5d70: /* {"app": "dbt", "dbt_version": "1.10.8", "profile_name": "dbt_project", "target_name": "dev", "node_id": "test.dbt_project.not_null_customer_metrics_total_revenue.08df7b5d70"} */

    select
      count(*) as failures,
      count(*) != 0 as should_warn,
      count(*) != 0 as should_error
    from (
      
    
  
    
    



select total_revenue
from "dbt_project".public.customer_metrics
where total_revenue is null



  
  
      
    ) dbt_internal_test
[0m14:50:02.017938 [debug] [Thread-2 (]: On test.dbt_project.not_null_stg_customers_customer_name.5c92a78a60: ROLLBACK
[0m14:50:02.018938 [debug] [Thread-1 (]: Re-using an available connection from the pool (formerly test.dbt_project.not_null_customer_metrics_total_orders.70989cf36e, now test.dbt_project.not_null_stg_orders_order_date.2177a3e8bb)
[0m14:50:02.019938 [debug] [Thread-2 (]: On test.dbt_project.not_null_stg_customers_customer_name.5c92a78a60: Close
[0m14:50:02.020940 [debug] [Thread-1 (]: Began compiling node test.dbt_project.not_null_stg_orders_order_date.2177a3e8bb
[0m14:50:02.020940 [debug] [Thread-3 (]: SQL status: SELECT 1 in 0.002 seconds
[0m14:50:02.021940 [info ] [Thread-2 (]: 13 of 26 PASS not_null_stg_customers_customer_name ............................. [[32mPASS[0m in 0.08s]
[0m14:50:02.028941 [debug] [Thread-1 (]: Writing injected SQL for node "test.dbt_project.not_null_stg_orders_order_date.2177a3e8bb"
[0m14:50:02.031943 [debug] [Thread-3 (]: On test.dbt_project.not_null_customer_metrics_total_revenue.08df7b5d70: ROLLBACK
[0m14:50:02.032943 [debug] [Thread-2 (]: Finished running node test.dbt_project.not_null_stg_customers_customer_name.5c92a78a60
[0m14:50:02.033943 [debug] [Thread-3 (]: On test.dbt_project.not_null_customer_metrics_total_revenue.08df7b5d70: Close
[0m14:50:02.034943 [debug] [Thread-4 (]: SQL status: BEGIN in 0.044 seconds
[0m14:50:02.034943 [debug] [Thread-2 (]: Began running node test.dbt_project.not_null_stg_orders_order_id.81cfe2fe64
[0m14:50:02.035942 [debug] [Thread-1 (]: Began executing node test.dbt_project.not_null_stg_orders_order_date.2177a3e8bb
[0m14:50:02.036942 [info ] [Thread-3 (]: 11 of 26 PASS not_null_customer_metrics_total_revenue .......................... [[32mPASS[0m in 0.19s]
[0m14:50:02.037942 [debug] [Thread-4 (]: Using postgres connection "test.dbt_project.not_null_stg_orders_customer_id.af79d5e4b5"
[0m14:50:02.038943 [info ] [Thread-2 (]: 16 of 26 START test not_null_stg_orders_order_id ............................... [RUN]
[0m14:50:02.042944 [debug] [Thread-1 (]: Writing runtime sql for node "test.dbt_project.not_null_stg_orders_order_date.2177a3e8bb"
[0m14:50:02.044947 [debug] [Thread-3 (]: Finished running node test.dbt_project.not_null_customer_metrics_total_revenue.08df7b5d70
[0m14:50:02.045944 [debug] [Thread-4 (]: On test.dbt_project.not_null_stg_orders_customer_id.af79d5e4b5: /* {"app": "dbt", "dbt_version": "1.10.8", "profile_name": "dbt_project", "target_name": "dev", "node_id": "test.dbt_project.not_null_stg_orders_customer_id.af79d5e4b5"} */

    select
      count(*) as failures,
      count(*) != 0 as should_warn,
      count(*) != 0 as should_error
    from (
      
    
  
    
    



select customer_id
from "dbt_project".public.stg_orders
where customer_id is null



  
  
      
    ) dbt_internal_test
[0m14:50:02.045944 [debug] [Thread-2 (]: Re-using an available connection from the pool (formerly test.dbt_project.not_null_stg_customers_customer_name.5c92a78a60, now test.dbt_project.not_null_stg_orders_order_id.81cfe2fe64)
[0m14:50:02.047945 [debug] [Thread-3 (]: Began running node test.dbt_project.relationships_stg_orders_customer_id__customer_id__ref_stg_customers_.430bf21500
[0m14:50:02.048946 [debug] [Thread-1 (]: Using postgres connection "test.dbt_project.not_null_stg_orders_order_date.2177a3e8bb"
[0m14:50:02.049948 [debug] [Thread-2 (]: Began compiling node test.dbt_project.not_null_stg_orders_order_id.81cfe2fe64
[0m14:50:02.051947 [debug] [Thread-4 (]: SQL status: SELECT 1 in 0.002 seconds
[0m14:50:02.050947 [info ] [Thread-3 (]: 17 of 26 START test relationships_stg_orders_customer_id__customer_id__ref_stg_customers_  [RUN]
[0m14:50:02.052947 [debug] [Thread-1 (]: On test.dbt_project.not_null_stg_orders_order_date.2177a3e8bb: BEGIN
[0m14:50:02.057948 [debug] [Thread-2 (]: Writing injected SQL for node "test.dbt_project.not_null_stg_orders_order_id.81cfe2fe64"
[0m14:50:02.059948 [debug] [Thread-4 (]: On test.dbt_project.not_null_stg_orders_customer_id.af79d5e4b5: ROLLBACK
[0m14:50:02.060950 [debug] [Thread-3 (]: Re-using an available connection from the pool (formerly test.dbt_project.not_null_customer_metrics_total_revenue.08df7b5d70, now test.dbt_project.relationships_stg_orders_customer_id__customer_id__ref_stg_customers_.430bf21500)
[0m14:50:02.061949 [debug] [Thread-1 (]: Opening a new connection, currently in state closed
[0m14:50:02.062949 [debug] [Thread-4 (]: On test.dbt_project.not_null_stg_orders_customer_id.af79d5e4b5: Close
[0m14:50:02.062949 [debug] [Thread-2 (]: Began executing node test.dbt_project.not_null_stg_orders_order_id.81cfe2fe64
[0m14:50:02.063948 [debug] [Thread-3 (]: Began compiling node test.dbt_project.relationships_stg_orders_customer_id__customer_id__ref_stg_customers_.430bf21500
[0m14:50:02.065950 [info ] [Thread-4 (]: 14 of 26 PASS not_null_stg_orders_customer_id .................................. [[32mPASS[0m in 0.09s]
[0m14:50:02.069953 [debug] [Thread-2 (]: Writing runtime sql for node "test.dbt_project.not_null_stg_orders_order_id.81cfe2fe64"
[0m14:50:02.080955 [debug] [Thread-3 (]: Writing injected SQL for node "test.dbt_project.relationships_stg_orders_customer_id__customer_id__ref_stg_customers_.430bf21500"
[0m14:50:02.081954 [debug] [Thread-4 (]: Finished running node test.dbt_project.not_null_stg_orders_customer_id.af79d5e4b5
[0m14:50:02.083953 [debug] [Thread-2 (]: Using postgres connection "test.dbt_project.not_null_stg_orders_order_id.81cfe2fe64"
[0m14:50:02.084953 [debug] [Thread-4 (]: Began running node test.dbt_project.source_not_null_raw_customers_customer_id.e869432dbb
[0m14:50:02.085954 [debug] [Thread-3 (]: Began executing node test.dbt_project.relationships_stg_orders_customer_id__customer_id__ref_stg_customers_.430bf21500
[0m14:50:02.086953 [debug] [Thread-2 (]: On test.dbt_project.not_null_stg_orders_order_id.81cfe2fe64: BEGIN
[0m14:50:02.087954 [info ] [Thread-4 (]: 18 of 26 START test source_not_null_raw_customers_customer_id .................. [RUN]
[0m14:50:02.090955 [debug] [Thread-3 (]: Writing runtime sql for node "test.dbt_project.relationships_stg_orders_customer_id__customer_id__ref_stg_customers_.430bf21500"
[0m14:50:02.091955 [debug] [Thread-2 (]: Opening a new connection, currently in state closed
[0m14:50:02.091955 [debug] [Thread-4 (]: Re-using an available connection from the pool (formerly test.dbt_project.not_null_stg_orders_customer_id.af79d5e4b5, now test.dbt_project.source_not_null_raw_customers_customer_id.e869432dbb)
[0m14:50:02.094956 [debug] [Thread-3 (]: Using postgres connection "test.dbt_project.relationships_stg_orders_customer_id__customer_id__ref_stg_customers_.430bf21500"
[0m14:50:02.094956 [debug] [Thread-4 (]: Began compiling node test.dbt_project.source_not_null_raw_customers_customer_id.e869432dbb
[0m14:50:02.095956 [debug] [Thread-3 (]: On test.dbt_project.relationships_stg_orders_customer_id__customer_id__ref_stg_customers_.430bf21500: BEGIN
[0m14:50:02.106960 [debug] [Thread-4 (]: Writing injected SQL for node "test.dbt_project.source_not_null_raw_customers_customer_id.e869432dbb"
[0m14:50:02.107961 [debug] [Thread-3 (]: Opening a new connection, currently in state closed
[0m14:50:02.107961 [debug] [Thread-1 (]: SQL status: BEGIN in 0.047 seconds
[0m14:50:02.109960 [debug] [Thread-4 (]: Began executing node test.dbt_project.source_not_null_raw_customers_customer_id.e869432dbb
[0m14:50:02.110960 [debug] [Thread-1 (]: Using postgres connection "test.dbt_project.not_null_stg_orders_order_date.2177a3e8bb"
[0m14:50:02.114960 [debug] [Thread-4 (]: Writing runtime sql for node "test.dbt_project.source_not_null_raw_customers_customer_id.e869432dbb"
[0m14:50:02.115960 [debug] [Thread-1 (]: On test.dbt_project.not_null_stg_orders_order_date.2177a3e8bb: /* {"app": "dbt", "dbt_version": "1.10.8", "profile_name": "dbt_project", "target_name": "dev", "node_id": "test.dbt_project.not_null_stg_orders_order_date.2177a3e8bb"} */

    select
      count(*) as failures,
      count(*) != 0 as should_warn,
      count(*) != 0 as should_error
    from (
      
    
  
    
    



select order_date
from "dbt_project".public.stg_orders
where order_date is null



  
  
      
    ) dbt_internal_test
[0m14:50:02.117964 [debug] [Thread-4 (]: Using postgres connection "test.dbt_project.source_not_null_raw_customers_customer_id.e869432dbb"
[0m14:50:02.118962 [debug] [Thread-4 (]: On test.dbt_project.source_not_null_raw_customers_customer_id.e869432dbb: BEGIN
[0m14:50:02.119962 [debug] [Thread-1 (]: SQL status: SELECT 1 in 0.003 seconds
[0m14:50:02.120962 [debug] [Thread-4 (]: Opening a new connection, currently in state closed
[0m14:50:02.122963 [debug] [Thread-1 (]: On test.dbt_project.not_null_stg_orders_order_date.2177a3e8bb: ROLLBACK
[0m14:50:02.123963 [debug] [Thread-1 (]: On test.dbt_project.not_null_stg_orders_order_date.2177a3e8bb: Close
[0m14:50:02.125962 [info ] [Thread-1 (]: 15 of 26 PASS not_null_stg_orders_order_date ................................... [[32mPASS[0m in 0.11s]
[0m14:50:02.126963 [debug] [Thread-1 (]: Finished running node test.dbt_project.not_null_stg_orders_order_date.2177a3e8bb
[0m14:50:02.127966 [debug] [Thread-1 (]: Began running node test.dbt_project.source_unique_raw_customers_customer_id.3579d23017
[0m14:50:02.128965 [info ] [Thread-1 (]: 19 of 26 START test source_unique_raw_customers_customer_id .................... [RUN]
[0m14:50:02.130965 [debug] [Thread-1 (]: Re-using an available connection from the pool (formerly test.dbt_project.not_null_stg_orders_order_date.2177a3e8bb, now test.dbt_project.source_unique_raw_customers_customer_id.3579d23017)
[0m14:50:02.131965 [debug] [Thread-1 (]: Began compiling node test.dbt_project.source_unique_raw_customers_customer_id.3579d23017
[0m14:50:02.141967 [debug] [Thread-1 (]: Writing injected SQL for node "test.dbt_project.source_unique_raw_customers_customer_id.3579d23017"
[0m14:50:02.142969 [debug] [Thread-2 (]: SQL status: BEGIN in 0.052 seconds
[0m14:50:02.143967 [debug] [Thread-1 (]: Began executing node test.dbt_project.source_unique_raw_customers_customer_id.3579d23017
[0m14:50:02.144967 [debug] [Thread-2 (]: Using postgres connection "test.dbt_project.not_null_stg_orders_order_id.81cfe2fe64"
[0m14:50:02.148968 [debug] [Thread-1 (]: Writing runtime sql for node "test.dbt_project.source_unique_raw_customers_customer_id.3579d23017"
[0m14:50:02.148968 [debug] [Thread-2 (]: On test.dbt_project.not_null_stg_orders_order_id.81cfe2fe64: /* {"app": "dbt", "dbt_version": "1.10.8", "profile_name": "dbt_project", "target_name": "dev", "node_id": "test.dbt_project.not_null_stg_orders_order_id.81cfe2fe64"} */

    select
      count(*) as failures,
      count(*) != 0 as should_warn,
      count(*) != 0 as should_error
    from (
      
    
  
    
    



select order_id
from "dbt_project".public.stg_orders
where order_id is null



  
  
      
    ) dbt_internal_test
[0m14:50:02.150969 [debug] [Thread-1 (]: Using postgres connection "test.dbt_project.source_unique_raw_customers_customer_id.3579d23017"
[0m14:50:02.151970 [debug] [Thread-1 (]: On test.dbt_project.source_unique_raw_customers_customer_id.3579d23017: BEGIN
[0m14:50:02.152969 [debug] [Thread-3 (]: SQL status: BEGIN in 0.045 seconds
[0m14:50:02.152969 [debug] [Thread-2 (]: SQL status: SELECT 1 in 0.003 seconds
[0m14:50:02.153969 [debug] [Thread-1 (]: Opening a new connection, currently in state closed
[0m14:50:02.154970 [debug] [Thread-3 (]: Using postgres connection "test.dbt_project.relationships_stg_orders_customer_id__customer_id__ref_stg_customers_.430bf21500"
[0m14:50:02.156969 [debug] [Thread-2 (]: On test.dbt_project.not_null_stg_orders_order_id.81cfe2fe64: ROLLBACK
[0m14:50:02.157970 [debug] [Thread-3 (]: On test.dbt_project.relationships_stg_orders_customer_id__customer_id__ref_stg_customers_.430bf21500: /* {"app": "dbt", "dbt_version": "1.10.8", "profile_name": "dbt_project", "target_name": "dev", "node_id": "test.dbt_project.relationships_stg_orders_customer_id__customer_id__ref_stg_customers_.430bf21500"} */

    select
      count(*) as failures,
      count(*) != 0 as should_warn,
      count(*) != 0 as should_error
    from (
      
    
  
    
    

with child as (
    select customer_id as from_field
    from "dbt_project".public.stg_orders
    where customer_id is not null
),

parent as (
    select customer_id as to_field
    from "dbt_project".public.stg_customers
)

select
    from_field

from child
left join parent
    on child.from_field = parent.to_field

where parent.to_field is null



  
  
      
    ) dbt_internal_test
[0m14:50:02.159971 [debug] [Thread-2 (]: On test.dbt_project.not_null_stg_orders_order_id.81cfe2fe64: Close
[0m14:50:02.160972 [info ] [Thread-2 (]: 16 of 26 PASS not_null_stg_orders_order_id ..................................... [[32mPASS[0m in 0.12s]
[0m14:50:02.162973 [debug] [Thread-2 (]: Finished running node test.dbt_project.not_null_stg_orders_order_id.81cfe2fe64
[0m14:50:02.163973 [debug] [Thread-2 (]: Began running node test.dbt_project.source_unique_raw_orders_order_id.2e0765462f
[0m14:50:02.164973 [debug] [Thread-3 (]: SQL status: SELECT 1 in 0.005 seconds
[0m14:50:02.166974 [debug] [Thread-4 (]: SQL status: BEGIN in 0.046 seconds
[0m14:50:02.165974 [info ] [Thread-2 (]: 20 of 26 START test source_unique_raw_orders_order_id .......................... [RUN]
[0m14:50:02.169979 [debug] [Thread-3 (]: On test.dbt_project.relationships_stg_orders_customer_id__customer_id__ref_stg_customers_.430bf21500: ROLLBACK
[0m14:50:02.170974 [debug] [Thread-4 (]: Using postgres connection "test.dbt_project.source_not_null_raw_customers_customer_id.e869432dbb"
[0m14:50:02.171976 [debug] [Thread-2 (]: Re-using an available connection from the pool (formerly test.dbt_project.not_null_stg_orders_order_id.81cfe2fe64, now test.dbt_project.source_unique_raw_orders_order_id.2e0765462f)
[0m14:50:02.172974 [debug] [Thread-3 (]: On test.dbt_project.relationships_stg_orders_customer_id__customer_id__ref_stg_customers_.430bf21500: Close
[0m14:50:02.173976 [debug] [Thread-4 (]: On test.dbt_project.source_not_null_raw_customers_customer_id.e869432dbb: /* {"app": "dbt", "dbt_version": "1.10.8", "profile_name": "dbt_project", "target_name": "dev", "node_id": "test.dbt_project.source_not_null_raw_customers_customer_id.e869432dbb"} */

    select
      count(*) as failures,
      count(*) != 0 as should_warn,
      count(*) != 0 as should_error
    from (
      
    
  
    
    



select customer_id
from "dbt_project"."public"."customers"
where customer_id is null



  
  
      
    ) dbt_internal_test
[0m14:50:02.174975 [debug] [Thread-2 (]: Began compiling node test.dbt_project.source_unique_raw_orders_order_id.2e0765462f
[0m14:50:02.175976 [info ] [Thread-3 (]: 17 of 26 PASS relationships_stg_orders_customer_id__customer_id__ref_stg_customers_  [[32mPASS[0m in 0.11s]
[0m14:50:02.180977 [debug] [Thread-2 (]: Writing injected SQL for node "test.dbt_project.source_unique_raw_orders_order_id.2e0765462f"
[0m14:50:02.181976 [debug] [Thread-4 (]: SQL status: SELECT 1 in 0.006 seconds
[0m14:50:02.182976 [debug] [Thread-3 (]: Finished running node test.dbt_project.relationships_stg_orders_customer_id__customer_id__ref_stg_customers_.430bf21500
[0m14:50:02.184977 [debug] [Thread-4 (]: On test.dbt_project.source_not_null_raw_customers_customer_id.e869432dbb: ROLLBACK
[0m14:50:02.185977 [debug] [Thread-2 (]: Began executing node test.dbt_project.source_unique_raw_orders_order_id.2e0765462f
[0m14:50:02.186976 [debug] [Thread-3 (]: Began running node test.dbt_project.unique_brnz_customers_customer_id.78e1c63f73
[0m14:50:02.187978 [debug] [Thread-4 (]: On test.dbt_project.source_not_null_raw_customers_customer_id.e869432dbb: Close
[0m14:50:02.190979 [debug] [Thread-2 (]: Writing runtime sql for node "test.dbt_project.source_unique_raw_orders_order_id.2e0765462f"
[0m14:50:02.191978 [info ] [Thread-3 (]: 21 of 26 START test unique_brnz_customers_customer_id .......................... [RUN]
[0m14:50:02.192979 [info ] [Thread-4 (]: 18 of 26 PASS source_not_null_raw_customers_customer_id ........................ [[32mPASS[0m in 0.10s]
[0m14:50:02.193979 [debug] [Thread-3 (]: Re-using an available connection from the pool (formerly test.dbt_project.relationships_stg_orders_customer_id__customer_id__ref_stg_customers_.430bf21500, now test.dbt_project.unique_brnz_customers_customer_id.78e1c63f73)
[0m14:50:02.194981 [debug] [Thread-4 (]: Finished running node test.dbt_project.source_not_null_raw_customers_customer_id.e869432dbb
[0m14:50:02.195982 [debug] [Thread-2 (]: Using postgres connection "test.dbt_project.source_unique_raw_orders_order_id.2e0765462f"
[0m14:50:02.196979 [debug] [Thread-3 (]: Began compiling node test.dbt_project.unique_brnz_customers_customer_id.78e1c63f73
[0m14:50:02.196979 [debug] [Thread-1 (]: SQL status: BEGIN in 0.043 seconds
[0m14:50:02.197982 [debug] [Thread-4 (]: Began running node test.dbt_project.unique_brnz_orders_order_id.96b1d65cd2
[0m14:50:02.198980 [debug] [Thread-2 (]: On test.dbt_project.source_unique_raw_orders_order_id.2e0765462f: BEGIN
[0m14:50:02.203981 [debug] [Thread-3 (]: Writing injected SQL for node "test.dbt_project.unique_brnz_customers_customer_id.78e1c63f73"
[0m14:50:02.203981 [debug] [Thread-1 (]: Using postgres connection "test.dbt_project.source_unique_raw_customers_customer_id.3579d23017"
[0m14:50:02.204981 [info ] [Thread-4 (]: 22 of 26 START test unique_brnz_orders_order_id ................................ [RUN]
[0m14:50:02.205980 [debug] [Thread-2 (]: Opening a new connection, currently in state closed
[0m14:50:02.206982 [debug] [Thread-1 (]: On test.dbt_project.source_unique_raw_customers_customer_id.3579d23017: /* {"app": "dbt", "dbt_version": "1.10.8", "profile_name": "dbt_project", "target_name": "dev", "node_id": "test.dbt_project.source_unique_raw_customers_customer_id.3579d23017"} */

    select
      count(*) as failures,
      count(*) != 0 as should_warn,
      count(*) != 0 as should_error
    from (
      
    
  
    
    

select
    customer_id as unique_field,
    count(*) as n_records

from "dbt_project"."public"."customers"
where customer_id is not null
group by customer_id
having count(*) > 1



  
  
      
    ) dbt_internal_test
[0m14:50:02.207982 [debug] [Thread-3 (]: Began executing node test.dbt_project.unique_brnz_customers_customer_id.78e1c63f73
[0m14:50:02.207982 [debug] [Thread-4 (]: Re-using an available connection from the pool (formerly test.dbt_project.source_not_null_raw_customers_customer_id.e869432dbb, now test.dbt_project.unique_brnz_orders_order_id.96b1d65cd2)
[0m14:50:02.211983 [debug] [Thread-3 (]: Writing runtime sql for node "test.dbt_project.unique_brnz_customers_customer_id.78e1c63f73"
[0m14:50:02.212983 [debug] [Thread-1 (]: SQL status: SELECT 1 in 0.003 seconds
[0m14:50:02.213982 [debug] [Thread-4 (]: Began compiling node test.dbt_project.unique_brnz_orders_order_id.96b1d65cd2
[0m14:50:02.215984 [debug] [Thread-1 (]: On test.dbt_project.source_unique_raw_customers_customer_id.3579d23017: ROLLBACK
[0m14:50:02.216983 [debug] [Thread-3 (]: Using postgres connection "test.dbt_project.unique_brnz_customers_customer_id.78e1c63f73"
[0m14:50:02.222984 [debug] [Thread-4 (]: Writing injected SQL for node "test.dbt_project.unique_brnz_orders_order_id.96b1d65cd2"
[0m14:50:02.223985 [debug] [Thread-1 (]: On test.dbt_project.source_unique_raw_customers_customer_id.3579d23017: Close
[0m14:50:02.224985 [debug] [Thread-3 (]: On test.dbt_project.unique_brnz_customers_customer_id.78e1c63f73: BEGIN
[0m14:50:02.225985 [info ] [Thread-1 (]: 19 of 26 PASS source_unique_raw_customers_customer_id .......................... [[32mPASS[0m in 0.10s]
[0m14:50:02.226987 [debug] [Thread-3 (]: Opening a new connection, currently in state closed
[0m14:50:02.227986 [debug] [Thread-4 (]: Began executing node test.dbt_project.unique_brnz_orders_order_id.96b1d65cd2
[0m14:50:02.228990 [debug] [Thread-1 (]: Finished running node test.dbt_project.source_unique_raw_customers_customer_id.3579d23017
[0m14:50:02.231987 [debug] [Thread-4 (]: Writing runtime sql for node "test.dbt_project.unique_brnz_orders_order_id.96b1d65cd2"
[0m14:50:02.232988 [debug] [Thread-1 (]: Began running node test.dbt_project.unique_customer_metrics_customer_id.9d7dec9840
[0m14:50:02.233987 [info ] [Thread-1 (]: 23 of 26 START test unique_customer_metrics_customer_id ........................ [RUN]
[0m14:50:02.234988 [debug] [Thread-4 (]: Using postgres connection "test.dbt_project.unique_brnz_orders_order_id.96b1d65cd2"
[0m14:50:02.235988 [debug] [Thread-1 (]: Re-using an available connection from the pool (formerly test.dbt_project.source_unique_raw_customers_customer_id.3579d23017, now test.dbt_project.unique_customer_metrics_customer_id.9d7dec9840)
[0m14:50:02.236989 [debug] [Thread-4 (]: On test.dbt_project.unique_brnz_orders_order_id.96b1d65cd2: BEGIN
[0m14:50:02.237989 [debug] [Thread-1 (]: Began compiling node test.dbt_project.unique_customer_metrics_customer_id.9d7dec9840
[0m14:50:02.238990 [debug] [Thread-4 (]: Opening a new connection, currently in state closed
[0m14:50:02.243989 [debug] [Thread-1 (]: Writing injected SQL for node "test.dbt_project.unique_customer_metrics_customer_id.9d7dec9840"
[0m14:50:02.245990 [debug] [Thread-1 (]: Began executing node test.dbt_project.unique_customer_metrics_customer_id.9d7dec9840
[0m14:50:02.249992 [debug] [Thread-1 (]: Writing runtime sql for node "test.dbt_project.unique_customer_metrics_customer_id.9d7dec9840"
[0m14:50:02.251992 [debug] [Thread-1 (]: Using postgres connection "test.dbt_project.unique_customer_metrics_customer_id.9d7dec9840"
[0m14:50:02.252991 [debug] [Thread-1 (]: On test.dbt_project.unique_customer_metrics_customer_id.9d7dec9840: BEGIN
[0m14:50:02.253993 [debug] [Thread-1 (]: Opening a new connection, currently in state closed
[0m14:50:02.266995 [debug] [Thread-3 (]: SQL status: BEGIN in 0.041 seconds
[0m14:50:02.267995 [debug] [Thread-3 (]: Using postgres connection "test.dbt_project.unique_brnz_customers_customer_id.78e1c63f73"
[0m14:50:02.268995 [debug] [Thread-3 (]: On test.dbt_project.unique_brnz_customers_customer_id.78e1c63f73: /* {"app": "dbt", "dbt_version": "1.10.8", "profile_name": "dbt_project", "target_name": "dev", "node_id": "test.dbt_project.unique_brnz_customers_customer_id.78e1c63f73"} */

    select
      count(*) as failures,
      count(*) != 0 as should_warn,
      count(*) != 0 as should_error
    from (
      
    
  
    
    

select
    customer_id as unique_field,
    count(*) as n_records

from "dbt_project".public.brnz_customers
where customer_id is not null
group by customer_id
having count(*) > 1



  
  
      
    ) dbt_internal_test
[0m14:50:02.271997 [debug] [Thread-3 (]: SQL status: SELECT 1 in 0.002 seconds
[0m14:50:02.274996 [debug] [Thread-3 (]: On test.dbt_project.unique_brnz_customers_customer_id.78e1c63f73: ROLLBACK
[0m14:50:02.275996 [debug] [Thread-3 (]: On test.dbt_project.unique_brnz_customers_customer_id.78e1c63f73: Close
[0m14:50:02.276997 [info ] [Thread-3 (]: 21 of 26 PASS unique_brnz_customers_customer_id ................................ [[32mPASS[0m in 0.08s]
[0m14:50:02.277998 [debug] [Thread-3 (]: Finished running node test.dbt_project.unique_brnz_customers_customer_id.78e1c63f73
[0m14:50:02.278998 [debug] [Thread-3 (]: Began running node test.dbt_project.unique_stg_customers_customer_id.c7614daada
[0m14:50:02.279999 [info ] [Thread-3 (]: 24 of 26 START test unique_stg_customers_customer_id ........................... [RUN]
[0m14:50:02.280998 [debug] [Thread-3 (]: Re-using an available connection from the pool (formerly test.dbt_project.unique_brnz_customers_customer_id.78e1c63f73, now test.dbt_project.unique_stg_customers_customer_id.c7614daada)
[0m14:50:02.281998 [debug] [Thread-3 (]: Began compiling node test.dbt_project.unique_stg_customers_customer_id.c7614daada
[0m14:50:02.285999 [debug] [Thread-3 (]: Writing injected SQL for node "test.dbt_project.unique_stg_customers_customer_id.c7614daada"
[0m14:50:02.287000 [debug] [Thread-3 (]: Began executing node test.dbt_project.unique_stg_customers_customer_id.c7614daada
[0m14:50:02.290002 [debug] [Thread-3 (]: Writing runtime sql for node "test.dbt_project.unique_stg_customers_customer_id.c7614daada"
[0m14:50:02.292001 [debug] [Thread-3 (]: Using postgres connection "test.dbt_project.unique_stg_customers_customer_id.c7614daada"
[0m14:50:02.292001 [debug] [Thread-3 (]: On test.dbt_project.unique_stg_customers_customer_id.c7614daada: BEGIN
[0m14:50:02.293001 [debug] [Thread-3 (]: Opening a new connection, currently in state closed
[0m14:50:02.326008 [debug] [Thread-3 (]: SQL status: BEGIN in 0.033 seconds
[0m14:50:02.327009 [debug] [Thread-3 (]: Using postgres connection "test.dbt_project.unique_stg_customers_customer_id.c7614daada"
[0m14:50:02.328009 [debug] [Thread-3 (]: On test.dbt_project.unique_stg_customers_customer_id.c7614daada: /* {"app": "dbt", "dbt_version": "1.10.8", "profile_name": "dbt_project", "target_name": "dev", "node_id": "test.dbt_project.unique_stg_customers_customer_id.c7614daada"} */

    select
      count(*) as failures,
      count(*) != 0 as should_warn,
      count(*) != 0 as should_error
    from (
      
    
  
    
    

select
    customer_id as unique_field,
    count(*) as n_records

from "dbt_project".public.stg_customers
where customer_id is not null
group by customer_id
having count(*) > 1



  
  
      
    ) dbt_internal_test
[0m14:50:02.330008 [debug] [Thread-3 (]: SQL status: SELECT 1 in 0.002 seconds
[0m14:50:02.333012 [debug] [Thread-3 (]: On test.dbt_project.unique_stg_customers_customer_id.c7614daada: ROLLBACK
[0m14:50:02.334009 [debug] [Thread-3 (]: On test.dbt_project.unique_stg_customers_customer_id.c7614daada: Close
[0m14:50:02.335011 [info ] [Thread-3 (]: 24 of 26 PASS unique_stg_customers_customer_id ................................. [[32mPASS[0m in 0.05s]
[0m14:50:02.336010 [debug] [Thread-3 (]: Finished running node test.dbt_project.unique_stg_customers_customer_id.c7614daada
[0m14:50:02.337010 [debug] [Thread-3 (]: Began running node test.dbt_project.unique_stg_customers_email.1ebcb2333e
[0m14:50:02.337010 [info ] [Thread-3 (]: 25 of 26 START test unique_stg_customers_email ................................. [RUN]
[0m14:50:02.338010 [debug] [Thread-3 (]: Re-using an available connection from the pool (formerly test.dbt_project.unique_stg_customers_customer_id.c7614daada, now test.dbt_project.unique_stg_customers_email.1ebcb2333e)
[0m14:50:02.339010 [debug] [Thread-3 (]: Began compiling node test.dbt_project.unique_stg_customers_email.1ebcb2333e
[0m14:50:02.344012 [debug] [Thread-3 (]: Writing injected SQL for node "test.dbt_project.unique_stg_customers_email.1ebcb2333e"
[0m14:50:02.345012 [debug] [Thread-3 (]: Began executing node test.dbt_project.unique_stg_customers_email.1ebcb2333e
[0m14:50:02.349015 [debug] [Thread-3 (]: Writing runtime sql for node "test.dbt_project.unique_stg_customers_email.1ebcb2333e"
[0m14:50:02.350015 [debug] [Thread-3 (]: Using postgres connection "test.dbt_project.unique_stg_customers_email.1ebcb2333e"
[0m14:50:02.351015 [debug] [Thread-3 (]: On test.dbt_project.unique_stg_customers_email.1ebcb2333e: BEGIN
[0m14:50:02.351015 [debug] [Thread-3 (]: Opening a new connection, currently in state closed
[0m14:50:02.358015 [debug] [Thread-2 (]: SQL status: BEGIN in 0.152 seconds
[0m14:50:02.359015 [debug] [Thread-2 (]: Using postgres connection "test.dbt_project.source_unique_raw_orders_order_id.2e0765462f"
[0m14:50:02.360016 [debug] [Thread-2 (]: On test.dbt_project.source_unique_raw_orders_order_id.2e0765462f: /* {"app": "dbt", "dbt_version": "1.10.8", "profile_name": "dbt_project", "target_name": "dev", "node_id": "test.dbt_project.source_unique_raw_orders_order_id.2e0765462f"} */

    select
      count(*) as failures,
      count(*) != 0 as should_warn,
      count(*) != 0 as should_error
    from (
      
    
  
    
    

select
    order_id as unique_field,
    count(*) as n_records

from "dbt_project"."public"."orders"
where order_id is not null
group by order_id
having count(*) > 1



  
  
      
    ) dbt_internal_test
[0m14:50:02.363017 [debug] [Thread-2 (]: SQL status: SELECT 1 in 0.002 seconds
[0m14:50:02.365017 [debug] [Thread-2 (]: On test.dbt_project.source_unique_raw_orders_order_id.2e0765462f: ROLLBACK
[0m14:50:02.366016 [debug] [Thread-2 (]: On test.dbt_project.source_unique_raw_orders_order_id.2e0765462f: Close
[0m14:50:02.367017 [info ] [Thread-2 (]: 20 of 26 PASS source_unique_raw_orders_order_id ................................ [[32mPASS[0m in 0.20s]
[0m14:50:02.369020 [debug] [Thread-2 (]: Finished running node test.dbt_project.source_unique_raw_orders_order_id.2e0765462f
[0m14:50:02.370018 [debug] [Thread-2 (]: Began running node test.dbt_project.unique_stg_orders_order_id.e3b841c71a
[0m14:50:02.371019 [info ] [Thread-2 (]: 26 of 26 START test unique_stg_orders_order_id ................................. [RUN]
[0m14:50:02.372019 [debug] [Thread-2 (]: Re-using an available connection from the pool (formerly test.dbt_project.source_unique_raw_orders_order_id.2e0765462f, now test.dbt_project.unique_stg_orders_order_id.e3b841c71a)
[0m14:50:02.373021 [debug] [Thread-2 (]: Began compiling node test.dbt_project.unique_stg_orders_order_id.e3b841c71a
[0m14:50:02.378019 [debug] [Thread-2 (]: Writing injected SQL for node "test.dbt_project.unique_stg_orders_order_id.e3b841c71a"
[0m14:50:02.380020 [debug] [Thread-2 (]: Began executing node test.dbt_project.unique_stg_orders_order_id.e3b841c71a
[0m14:50:02.383021 [debug] [Thread-2 (]: Writing runtime sql for node "test.dbt_project.unique_stg_orders_order_id.e3b841c71a"
[0m14:50:02.385021 [debug] [Thread-2 (]: Using postgres connection "test.dbt_project.unique_stg_orders_order_id.e3b841c71a"
[0m14:50:02.386021 [debug] [Thread-2 (]: On test.dbt_project.unique_stg_orders_order_id.e3b841c71a: BEGIN
[0m14:50:02.386021 [debug] [Thread-2 (]: Opening a new connection, currently in state closed
[0m14:50:02.393023 [debug] [Thread-4 (]: SQL status: BEGIN in 0.154 seconds
[0m14:50:02.393023 [debug] [Thread-1 (]: SQL status: BEGIN in 0.140 seconds
[0m14:50:02.394024 [debug] [Thread-4 (]: Using postgres connection "test.dbt_project.unique_brnz_orders_order_id.96b1d65cd2"
[0m14:50:02.395025 [debug] [Thread-1 (]: Using postgres connection "test.dbt_project.unique_customer_metrics_customer_id.9d7dec9840"
[0m14:50:02.396024 [debug] [Thread-4 (]: On test.dbt_project.unique_brnz_orders_order_id.96b1d65cd2: /* {"app": "dbt", "dbt_version": "1.10.8", "profile_name": "dbt_project", "target_name": "dev", "node_id": "test.dbt_project.unique_brnz_orders_order_id.96b1d65cd2"} */

    select
      count(*) as failures,
      count(*) != 0 as should_warn,
      count(*) != 0 as should_error
    from (
      
    
  
    
    

select
    order_id as unique_field,
    count(*) as n_records

from "dbt_project".public.brnz_orders
where order_id is not null
group by order_id
having count(*) > 1



  
  
      
    ) dbt_internal_test
[0m14:50:02.397024 [debug] [Thread-1 (]: On test.dbt_project.unique_customer_metrics_customer_id.9d7dec9840: /* {"app": "dbt", "dbt_version": "1.10.8", "profile_name": "dbt_project", "target_name": "dev", "node_id": "test.dbt_project.unique_customer_metrics_customer_id.9d7dec9840"} */

    select
      count(*) as failures,
      count(*) != 0 as should_warn,
      count(*) != 0 as should_error
    from (
      
    
  
    
    

select
    customer_id as unique_field,
    count(*) as n_records

from "dbt_project".public.customer_metrics
where customer_id is not null
group by customer_id
having count(*) > 1



  
  
      
    ) dbt_internal_test
[0m14:50:02.400025 [debug] [Thread-4 (]: SQL status: SELECT 1 in 0.002 seconds
[0m14:50:02.400025 [debug] [Thread-1 (]: SQL status: SELECT 1 in 0.002 seconds
[0m14:50:02.402025 [debug] [Thread-4 (]: On test.dbt_project.unique_brnz_orders_order_id.96b1d65cd2: ROLLBACK
[0m14:50:02.404025 [debug] [Thread-1 (]: On test.dbt_project.unique_customer_metrics_customer_id.9d7dec9840: ROLLBACK
[0m14:50:02.405025 [debug] [Thread-4 (]: On test.dbt_project.unique_brnz_orders_order_id.96b1d65cd2: Close
[0m14:50:02.406025 [debug] [Thread-1 (]: On test.dbt_project.unique_customer_metrics_customer_id.9d7dec9840: Close
[0m14:50:02.407025 [info ] [Thread-4 (]: 22 of 26 PASS unique_brnz_orders_order_id ...................................... [[32mPASS[0m in 0.20s]
[0m14:50:02.408026 [info ] [Thread-1 (]: 23 of 26 PASS unique_customer_metrics_customer_id .............................. [[32mPASS[0m in 0.17s]
[0m14:50:02.410027 [debug] [Thread-4 (]: Finished running node test.dbt_project.unique_brnz_orders_order_id.96b1d65cd2
[0m14:50:02.411027 [debug] [Thread-1 (]: Finished running node test.dbt_project.unique_customer_metrics_customer_id.9d7dec9840
[0m14:50:02.423029 [debug] [Thread-2 (]: SQL status: BEGIN in 0.037 seconds
[0m14:50:02.424030 [debug] [Thread-2 (]: Using postgres connection "test.dbt_project.unique_stg_orders_order_id.e3b841c71a"
[0m14:50:02.425031 [debug] [Thread-2 (]: On test.dbt_project.unique_stg_orders_order_id.e3b841c71a: /* {"app": "dbt", "dbt_version": "1.10.8", "profile_name": "dbt_project", "target_name": "dev", "node_id": "test.dbt_project.unique_stg_orders_order_id.e3b841c71a"} */

    select
      count(*) as failures,
      count(*) != 0 as should_warn,
      count(*) != 0 as should_error
    from (
      
    
  
    
    

select
    order_id as unique_field,
    count(*) as n_records

from "dbt_project".public.stg_orders
where order_id is not null
group by order_id
having count(*) > 1



  
  
      
    ) dbt_internal_test
[0m14:50:02.428032 [debug] [Thread-2 (]: SQL status: SELECT 1 in 0.002 seconds
[0m14:50:02.430031 [debug] [Thread-2 (]: On test.dbt_project.unique_stg_orders_order_id.e3b841c71a: ROLLBACK
[0m14:50:02.430031 [debug] [Thread-2 (]: On test.dbt_project.unique_stg_orders_order_id.e3b841c71a: Close
[0m14:50:02.431032 [info ] [Thread-2 (]: 26 of 26 PASS unique_stg_orders_order_id ....................................... [[32mPASS[0m in 0.06s]
[0m14:50:02.433032 [debug] [Thread-2 (]: Finished running node test.dbt_project.unique_stg_orders_order_id.e3b841c71a
[0m14:50:02.497047 [debug] [Thread-3 (]: SQL status: BEGIN in 0.145 seconds
[0m14:50:02.498047 [debug] [Thread-3 (]: Using postgres connection "test.dbt_project.unique_stg_customers_email.1ebcb2333e"
[0m14:50:02.498047 [debug] [Thread-3 (]: On test.dbt_project.unique_stg_customers_email.1ebcb2333e: /* {"app": "dbt", "dbt_version": "1.10.8", "profile_name": "dbt_project", "target_name": "dev", "node_id": "test.dbt_project.unique_stg_customers_email.1ebcb2333e"} */

    select
      count(*) as failures,
      count(*) != 0 as should_warn,
      count(*) != 0 as should_error
    from (
      
    
  
    
    

select
    email as unique_field,
    count(*) as n_records

from "dbt_project".public.stg_customers
where email is not null
group by email
having count(*) > 1



  
  
      
    ) dbt_internal_test
[0m14:50:02.501047 [debug] [Thread-3 (]: SQL status: SELECT 1 in 0.002 seconds
[0m14:50:02.502050 [debug] [Thread-3 (]: On test.dbt_project.unique_stg_customers_email.1ebcb2333e: ROLLBACK
[0m14:50:02.503049 [debug] [Thread-3 (]: On test.dbt_project.unique_stg_customers_email.1ebcb2333e: Close
[0m14:50:02.504051 [info ] [Thread-3 (]: 25 of 26 PASS unique_stg_customers_email ....................................... [[32mPASS[0m in 0.17s]
[0m14:50:02.505049 [debug] [Thread-3 (]: Finished running node test.dbt_project.unique_stg_customers_email.1ebcb2333e
[0m14:50:02.507049 [debug] [MainThread]: Using postgres connection "master"
[0m14:50:02.507049 [debug] [MainThread]: On master: BEGIN
[0m14:50:02.508049 [debug] [MainThread]: Opening a new connection, currently in state closed
[0m14:50:02.650082 [debug] [MainThread]: SQL status: BEGIN in 0.142 seconds
[0m14:50:02.650082 [debug] [MainThread]: On master: COMMIT
[0m14:50:02.651081 [debug] [MainThread]: Using postgres connection "master"
[0m14:50:02.651081 [debug] [MainThread]: On master: COMMIT
[0m14:50:02.652081 [debug] [MainThread]: SQL status: COMMIT in 0.000 seconds
[0m14:50:02.653082 [debug] [MainThread]: On master: Close
[0m14:50:02.653082 [debug] [MainThread]: Connection 'master' was properly closed.
[0m14:50:02.654083 [debug] [MainThread]: Connection 'list_dbt_project_public' was properly closed.
[0m14:50:02.654083 [debug] [MainThread]: Connection 'test.dbt_project.unique_customer_metrics_customer_id.9d7dec9840' was properly closed.
[0m14:50:02.655083 [debug] [MainThread]: Connection 'test.dbt_project.unique_stg_orders_order_id.e3b841c71a' was properly closed.
[0m14:50:02.656085 [debug] [MainThread]: Connection 'test.dbt_project.unique_stg_customers_email.1ebcb2333e' was properly closed.
[0m14:50:02.656085 [debug] [MainThread]: Connection 'test.dbt_project.unique_brnz_orders_order_id.96b1d65cd2' was properly closed.
[0m14:50:02.657084 [info ] [MainThread]: 
[0m14:50:02.658083 [info ] [MainThread]: Finished running 26 data tests in 0 hours 0 minutes and 1.59 seconds (1.59s).
[0m14:50:02.663084 [debug] [MainThread]: Command end result
[0m14:50:02.695091 [debug] [MainThread]: Wrote artifact WritableManifest to C:\Users\arpit\Jupyter Notebook\CI CD Pipeline project\target\manifest.json
[0m14:50:02.698092 [debug] [MainThread]: Wrote artifact SemanticManifest to C:\Users\arpit\Jupyter Notebook\CI CD Pipeline project\target\semantic_manifest.json
[0m14:50:02.707094 [debug] [MainThread]: Wrote artifact RunExecutionResult to C:\Users\arpit\Jupyter Notebook\CI CD Pipeline project\target\run_results.json
[0m14:50:02.708094 [info ] [MainThread]: 
[0m14:50:02.709095 [info ] [MainThread]: [32mCompleted successfully[0m
[0m14:50:02.709095 [info ] [MainThread]: 
[0m14:50:02.710094 [info ] [MainThread]: Done. PASS=26 WARN=0 ERROR=0 SKIP=0 NO-OP=0 TOTAL=26
[0m14:50:02.712096 [debug] [MainThread]: Command `dbt test` succeeded at 14:50:02.711095 after 2.81 seconds
[0m14:50:02.712096 [debug] [MainThread]: Sending event: {'category': 'dbt', 'action': 'invocation', 'label': 'end', 'context': [<snowplow_tracker.self_describing_json.SelfDescribingJson object at 0x000002A87D2C60D0>, <snowplow_tracker.self_describing_json.SelfDescribingJson object at 0x000002A87D2C6190>, <snowplow_tracker.self_describing_json.SelfDescribingJson object at 0x000002A87D241310>]}
[0m14:50:02.713095 [debug] [MainThread]: Flushing usage events
[0m14:50:03.255225 [debug] [MainThread]: An error was encountered while trying to flush usage events
[0m14:54:20.468383 [debug] [MainThread]: Sending event: {'category': 'dbt', 'action': 'invocation', 'label': 'start', 'context': [<snowplow_tracker.self_describing_json.SelfDescribingJson object at 0x000002183013C0D0>, <snowplow_tracker.self_describing_json.SelfDescribingJson object at 0x000002183013E3D0>, <snowplow_tracker.self_describing_json.SelfDescribingJson object at 0x000002183013D290>]}


============================== 14:54:20.474385 | 4702bbfe-fd77-4430-b0e4-218095fea140 ==============================
[0m14:54:20.474385 [info ] [MainThread]: Running with dbt=1.10.8
[0m14:54:20.475385 [debug] [MainThread]: running dbt with arguments {'printer_width': '80', 'indirect_selection': 'eager', 'write_json': 'True', 'log_cache_events': 'False', 'partial_parse': 'True', 'cache_selected_only': 'False', 'profiles_dir': 'C:\\Users\\arpit\\.dbt', 'fail_fast': 'False', 'debug': 'False', 'log_path': 'C:\\Users\\arpit\\Jupyter Notebook\\CI CD Pipeline project\\logs', 'version_check': 'True', 'warn_error': 'None', 'use_colors': 'True', 'use_experimental_parser': 'False', 'empty': 'None', 'quiet': 'False', 'no_print': 'None', 'warn_error_options': 'WarnErrorOptionsV2(error=[], warn=[], silence=[])', 'invocation_command': 'dbt parse', 'introspect': 'True', 'static_parser': 'True', 'target_path': 'None', 'log_format': 'default', 'send_anonymous_usage_stats': 'True'}
[0m14:54:20.735445 [debug] [MainThread]: Sending event: {'category': 'dbt', 'action': 'project_id', 'label': '4702bbfe-fd77-4430-b0e4-218095fea140', 'context': [<snowplow_tracker.self_describing_json.SelfDescribingJson object at 0x0000021830307810>]}
[0m14:54:20.813464 [debug] [MainThread]: Sending event: {'category': 'dbt', 'action': 'adapter_info', 'label': '4702bbfe-fd77-4430-b0e4-218095fea140', 'context': [<snowplow_tracker.self_describing_json.SelfDescribingJson object at 0x000002182BB3E6D0>]}
[0m14:54:20.815463 [info ] [MainThread]: Registered adapter: postgres=1.9.0
[0m14:54:21.149539 [debug] [MainThread]: checksum: 265d66e81f90af29a7a28579c9b54d938c94f4a57c57be5f853267ae509b5fcb, vars: {}, profile: , target: , version: 1.10.8
[0m14:54:21.271565 [info ] [MainThread]: Unable to do partial parsing because a project config has changed
[0m14:54:21.272566 [debug] [MainThread]: Sending event: {'category': 'dbt', 'action': 'partial_parser', 'label': '4702bbfe-fd77-4430-b0e4-218095fea140', 'context': [<snowplow_tracker.self_describing_json.SelfDescribingJson object at 0x000002182E8F6310>]}
[0m14:54:22.728895 [warn ] [MainThread]: [[33mWARNING[0m][MissingArgumentsPropertyInGenericTestDeprecation]: Deprecated
functionality
Found top-level arguments to test `accepted_values`. Arguments to generic tests
should be nested under the `arguments` property.`
[0m14:54:22.729898 [debug] [MainThread]: Sending event: {'category': 'dbt', 'action': 'deprecation', 'label': '4702bbfe-fd77-4430-b0e4-218095fea140', 'property_': 'warn', 'context': [<snowplow_tracker.self_describing_json.SelfDescribingJson object at 0x0000021830CC1190>]}
[0m14:54:22.986953 [debug] [MainThread]: Sending event: {'category': 'dbt', 'action': 'load_project', 'label': '4702bbfe-fd77-4430-b0e4-218095fea140', 'context': [<snowplow_tracker.self_describing_json.SelfDescribingJson object at 0x00000218286E9850>]}
[0m14:54:22.990954 [info ] [MainThread]: Performance info: C:\Users\arpit\Jupyter Notebook\CI CD Pipeline project\target\perf_info.json
[0m14:54:23.085976 [debug] [MainThread]: Wrote artifact WritableManifest to C:\Users\arpit\Jupyter Notebook\CI CD Pipeline project\target\manifest.json
[0m14:54:23.088977 [debug] [MainThread]: Wrote artifact SemanticManifest to C:\Users\arpit\Jupyter Notebook\CI CD Pipeline project\target\semantic_manifest.json
[0m14:54:23.089979 [warn ] [MainThread]: [[33mWARNING[0m][DeprecationsSummary]: Deprecated functionality
Summary of encountered deprecations:
- MissingArgumentsPropertyInGenericTestDeprecation: 3 occurrences
To see all deprecation instances instead of just the first occurrence of each,
run command again with the `--show-all-deprecations` flag. You may also need to
run with `--no-partial-parse` as some deprecations are only encountered during
parsing.
[0m14:54:23.091978 [debug] [MainThread]: Command `dbt parse` succeeded at 14:54:23.091978 after 2.73 seconds
[0m14:54:23.091978 [debug] [MainThread]: Sending event: {'category': 'dbt', 'action': 'invocation', 'label': 'end', 'context': [<snowplow_tracker.self_describing_json.SelfDescribingJson object at 0x00000218287060D0>, <snowplow_tracker.self_describing_json.SelfDescribingJson object at 0x0000021828706190>, <snowplow_tracker.self_describing_json.SelfDescribingJson object at 0x0000021828681ED0>]}
[0m14:54:23.092979 [debug] [MainThread]: Flushing usage events
[0m14:54:26.873395 [debug] [MainThread]: An error was encountered while trying to flush usage events
[0m15:03:44.723750 [debug] [MainThread]: Sending event: {'category': 'dbt', 'action': 'invocation', 'label': 'start', 'context': [<snowplow_tracker.self_describing_json.SelfDescribingJson object at 0x000001EB9E51CAD0>, <snowplow_tracker.self_describing_json.SelfDescribingJson object at 0x000001EB9DCC5010>, <snowplow_tracker.self_describing_json.SelfDescribingJson object at 0x000001EB9E51C910>]}


============================== 15:03:44.728759 | 90795c5a-f8f3-457d-ad24-bd9880bef82e ==============================
[0m15:03:44.728759 [info ] [MainThread]: Running with dbt=1.10.8
[0m15:03:44.730751 [debug] [MainThread]: running dbt with arguments {'printer_width': '80', 'indirect_selection': 'eager', 'log_cache_events': 'False', 'write_json': 'True', 'partial_parse': 'True', 'cache_selected_only': 'False', 'profiles_dir': 'C:\\Users\\arpit\\.dbt', 'debug': 'False', 'warn_error': 'None', 'log_path': 'C:\\Users\\arpit\\Jupyter Notebook\\CI CD Pipeline project\\logs', 'fail_fast': 'False', 'version_check': 'True', 'use_colors': 'True', 'use_experimental_parser': 'False', 'empty': 'False', 'quiet': 'False', 'no_print': 'None', 'log_format': 'default', 'introspect': 'True', 'static_parser': 'True', 'warn_error_options': 'WarnErrorOptionsV2(error=[], warn=[], silence=[])', 'target_path': 'None', 'invocation_command': 'dbt run', 'send_anonymous_usage_stats': 'True'}
[0m15:03:45.035333 [debug] [MainThread]: Sending event: {'category': 'dbt', 'action': 'project_id', 'label': '90795c5a-f8f3-457d-ad24-bd9880bef82e', 'context': [<snowplow_tracker.self_describing_json.SelfDescribingJson object at 0x000001EB9AE56110>]}
[0m15:03:45.111344 [debug] [MainThread]: Sending event: {'category': 'dbt', 'action': 'adapter_info', 'label': '90795c5a-f8f3-457d-ad24-bd9880bef82e', 'context': [<snowplow_tracker.self_describing_json.SelfDescribingJson object at 0x000001EB9AEEF0D0>]}
[0m15:03:45.114345 [info ] [MainThread]: Registered adapter: postgres=1.9.0
[0m15:03:45.447427 [debug] [MainThread]: checksum: 265d66e81f90af29a7a28579c9b54d938c94f4a57c57be5f853267ae509b5fcb, vars: {}, profile: , target: , version: 1.10.8
[0m15:03:45.663519 [debug] [MainThread]: Partial parsing enabled: 0 files deleted, 0 files added, 2 files changed.
[0m15:03:45.664517 [debug] [MainThread]: Partial parsing: updated file: dbt_project://data\orders.csv
[0m15:03:45.664517 [debug] [MainThread]: Partial parsing: updated file: dbt_project://data\customers.csv
[0m15:03:45.929580 [debug] [MainThread]: Sending event: {'category': 'dbt', 'action': 'load_project', 'label': '90795c5a-f8f3-457d-ad24-bd9880bef82e', 'context': [<snowplow_tracker.self_describing_json.SelfDescribingJson object at 0x000001EB9F78E390>]}
[0m15:03:46.073005 [debug] [MainThread]: Wrote artifact WritableManifest to C:\Users\arpit\Jupyter Notebook\CI CD Pipeline project\target\manifest.json
[0m15:03:46.076749 [debug] [MainThread]: Wrote artifact SemanticManifest to C:\Users\arpit\Jupyter Notebook\CI CD Pipeline project\target\semantic_manifest.json
[0m15:03:46.125776 [debug] [MainThread]: Sending event: {'category': 'dbt', 'action': 'resource_counts', 'label': '90795c5a-f8f3-457d-ad24-bd9880bef82e', 'context': [<snowplow_tracker.self_describing_json.SelfDescribingJson object at 0x000001EB9E559510>]}
[0m15:03:46.125776 [info ] [MainThread]: Found 5 models, 3 seeds, 26 data tests, 2 sources, 434 macros
[0m15:03:46.126775 [debug] [MainThread]: Sending event: {'category': 'dbt', 'action': 'runnable_timing', 'label': '90795c5a-f8f3-457d-ad24-bd9880bef82e', 'context': [<snowplow_tracker.self_describing_json.SelfDescribingJson object at 0x000001EB9F9CAAD0>]}
[0m15:03:46.129776 [info ] [MainThread]: 
[0m15:03:46.130778 [info ] [MainThread]: Concurrency: 4 threads (target='dev')
[0m15:03:46.130778 [info ] [MainThread]: 
[0m15:03:46.131777 [debug] [MainThread]: Acquiring new postgres connection 'master'
[0m15:03:46.137777 [debug] [ThreadPool]: Acquiring new postgres connection 'list_dbt_project'
[0m15:03:46.242800 [debug] [ThreadPool]: Using postgres connection "list_dbt_project"
[0m15:03:46.243800 [debug] [ThreadPool]: On list_dbt_project: /* {"app": "dbt", "dbt_version": "1.10.8", "profile_name": "dbt_project", "target_name": "dev", "connection_name": "list_dbt_project"} */

    select distinct nspname from pg_namespace
  
[0m15:03:46.243800 [debug] [ThreadPool]: Opening a new connection, currently in state init
[0m15:03:46.283812 [debug] [ThreadPool]: SQL status: SELECT 4 in 0.040 seconds
[0m15:03:46.285810 [debug] [ThreadPool]: On list_dbt_project: Close
[0m15:03:46.287812 [debug] [ThreadPool]: Acquiring new postgres connection 'list_dbt_project_public'
[0m15:03:46.293812 [debug] [ThreadPool]: Using postgres connection "list_dbt_project_public"
[0m15:03:46.293812 [debug] [ThreadPool]: On list_dbt_project_public: BEGIN
[0m15:03:46.294814 [debug] [ThreadPool]: Opening a new connection, currently in state init
[0m15:03:46.326828 [debug] [ThreadPool]: SQL status: BEGIN in 0.032 seconds
[0m15:03:46.326828 [debug] [ThreadPool]: Using postgres connection "list_dbt_project_public"
[0m15:03:46.327824 [debug] [ThreadPool]: On list_dbt_project_public: /* {"app": "dbt", "dbt_version": "1.10.8", "profile_name": "dbt_project", "target_name": "dev", "connection_name": "list_dbt_project_public"} */
select
      'dbt_project' as database,
      tablename as name,
      schemaname as schema,
      'table' as type
    from pg_tables
    where schemaname ilike 'public'
    union all
    select
      'dbt_project' as database,
      viewname as name,
      schemaname as schema,
      'view' as type
    from pg_views
    where schemaname ilike 'public'
    union all
    select
      'dbt_project' as database,
      matviewname as name,
      schemaname as schema,
      'materialized_view' as type
    from pg_matviews
    where schemaname ilike 'public'
  
[0m15:03:46.337859 [debug] [ThreadPool]: SQL status: SELECT 8 in 0.009 seconds
[0m15:03:46.339846 [debug] [ThreadPool]: On list_dbt_project_public: ROLLBACK
[0m15:03:46.340847 [debug] [ThreadPool]: On list_dbt_project_public: Close
[0m15:03:46.347847 [debug] [MainThread]: Using postgres connection "master"
[0m15:03:46.348849 [debug] [MainThread]: On master: BEGIN
[0m15:03:46.348849 [debug] [MainThread]: Opening a new connection, currently in state init
[0m15:03:46.381854 [debug] [MainThread]: SQL status: BEGIN in 0.033 seconds
[0m15:03:46.382854 [debug] [MainThread]: Using postgres connection "master"
[0m15:03:46.383856 [debug] [MainThread]: On master: /* {"app": "dbt", "dbt_version": "1.10.8", "profile_name": "dbt_project", "target_name": "dev", "connection_name": "master"} */
with relation as (
        select
            pg_rewrite.ev_class as class,
            pg_rewrite.oid as id
        from pg_rewrite
    ),
    class as (
        select
            oid as id,
            relname as name,
            relnamespace as schema,
            relkind as kind
        from pg_class
    ),
    dependency as (
        select distinct
            pg_depend.objid as id,
            pg_depend.refobjid as ref
        from pg_depend
    ),
    schema as (
        select
            pg_namespace.oid as id,
            pg_namespace.nspname as name
        from pg_namespace
        where nspname != 'information_schema' and nspname not like 'pg\_%'
    ),
    referenced as (
        select
            relation.id AS id,
            referenced_class.name ,
            referenced_class.schema ,
            referenced_class.kind
        from relation
        join class as referenced_class on relation.class=referenced_class.id
        where referenced_class.kind in ('r', 'v', 'm')
    ),
    relationships as (
        select
            referenced.name as referenced_name,
            referenced.schema as referenced_schema_id,
            dependent_class.name as dependent_name,
            dependent_class.schema as dependent_schema_id,
            referenced.kind as kind
        from referenced
        join dependency on referenced.id=dependency.id
        join class as dependent_class on dependency.ref=dependent_class.id
        where
            (referenced.name != dependent_class.name or
             referenced.schema != dependent_class.schema)
    )

    select
        referenced_schema.name as referenced_schema,
        relationships.referenced_name as referenced_name,
        dependent_schema.name as dependent_schema,
        relationships.dependent_name as dependent_name
    from relationships
    join schema as dependent_schema on relationships.dependent_schema_id=dependent_schema.id
    join schema as referenced_schema on relationships.referenced_schema_id=referenced_schema.id
    group by referenced_schema, referenced_name, dependent_schema, dependent_name
    order by referenced_schema, referenced_name, dependent_schema, dependent_name;
[0m15:03:46.392858 [debug] [MainThread]: SQL status: SELECT 2 in 0.009 seconds
[0m15:03:46.394858 [debug] [MainThread]: Sending event: {'category': 'dbt', 'action': 'runnable_timing', 'label': '90795c5a-f8f3-457d-ad24-bd9880bef82e', 'context': [<snowplow_tracker.self_describing_json.SelfDescribingJson object at 0x000001EB9FA3A050>]}
[0m15:03:46.395859 [debug] [MainThread]: On master: ROLLBACK
[0m15:03:46.395859 [debug] [MainThread]: Using postgres connection "master"
[0m15:03:46.396858 [debug] [MainThread]: On master: BEGIN
[0m15:03:46.397859 [debug] [MainThread]: SQL status: BEGIN in 0.000 seconds
[0m15:03:46.398860 [debug] [MainThread]: On master: COMMIT
[0m15:03:46.398860 [debug] [MainThread]: Using postgres connection "master"
[0m15:03:46.398860 [debug] [MainThread]: On master: COMMIT
[0m15:03:46.399860 [debug] [MainThread]: SQL status: COMMIT in 0.000 seconds
[0m15:03:46.400862 [debug] [MainThread]: On master: Close
[0m15:03:46.406860 [debug] [Thread-1 (]: Began running node model.dbt_project.brnz_customers
[0m15:03:46.407862 [debug] [Thread-2 (]: Began running node model.dbt_project.brnz_orders
[0m15:03:46.407862 [info ] [Thread-1 (]: 1 of 5 START sql table model public.brnz_customers ............................. [RUN]
[0m15:03:46.408864 [info ] [Thread-2 (]: 2 of 5 START sql table model public.brnz_orders ................................ [RUN]
[0m15:03:46.409863 [debug] [Thread-1 (]: Acquiring new postgres connection 'model.dbt_project.brnz_customers'
[0m15:03:46.410863 [debug] [Thread-2 (]: Acquiring new postgres connection 'model.dbt_project.brnz_orders'
[0m15:03:46.411862 [debug] [Thread-1 (]: Began compiling node model.dbt_project.brnz_customers
[0m15:03:46.412861 [debug] [Thread-2 (]: Began compiling node model.dbt_project.brnz_orders
[0m15:03:46.419866 [debug] [Thread-1 (]: Writing injected SQL for node "model.dbt_project.brnz_customers"
[0m15:03:46.422863 [debug] [Thread-2 (]: Writing injected SQL for node "model.dbt_project.brnz_orders"
[0m15:03:46.424864 [debug] [Thread-1 (]: Began executing node model.dbt_project.brnz_customers
[0m15:03:46.442870 [debug] [Thread-2 (]: Began executing node model.dbt_project.brnz_orders
[0m15:03:46.468877 [debug] [Thread-1 (]: Writing runtime sql for node "model.dbt_project.brnz_customers"
[0m15:03:46.473876 [debug] [Thread-2 (]: Writing runtime sql for node "model.dbt_project.brnz_orders"
[0m15:03:46.475880 [debug] [Thread-1 (]: Using postgres connection "model.dbt_project.brnz_customers"
[0m15:03:46.475880 [debug] [Thread-2 (]: Using postgres connection "model.dbt_project.brnz_orders"
[0m15:03:46.476878 [debug] [Thread-1 (]: On model.dbt_project.brnz_customers: BEGIN
[0m15:03:46.477877 [debug] [Thread-2 (]: On model.dbt_project.brnz_orders: BEGIN
[0m15:03:46.477877 [debug] [Thread-1 (]: Opening a new connection, currently in state init
[0m15:03:46.478879 [debug] [Thread-2 (]: Opening a new connection, currently in state init
[0m15:03:46.513883 [debug] [Thread-1 (]: SQL status: BEGIN in 0.035 seconds
[0m15:03:46.513883 [debug] [Thread-1 (]: Using postgres connection "model.dbt_project.brnz_customers"
[0m15:03:46.514884 [debug] [Thread-1 (]: On model.dbt_project.brnz_customers: /* {"app": "dbt", "dbt_version": "1.10.8", "profile_name": "dbt_project", "target_name": "dev", "node_id": "model.dbt_project.brnz_customers"} */

  
    

  create  table "dbt_project".public.brnz_customers__dbt_tmp
  
  
    as
  
  (
    

SELECT
    customer_id,
    customer_name,
    email,
    phone,
    country,
    CURRENT_TIMESTAMP AS loaded_at
FROM "dbt_project"."public"."customers"
WHERE customer_id IS NOT NULL
  );
  
[0m15:03:46.516885 [debug] [Thread-2 (]: SQL status: BEGIN in 0.038 seconds
[0m15:03:46.517886 [debug] [Thread-2 (]: Using postgres connection "model.dbt_project.brnz_orders"
[0m15:03:46.517886 [debug] [Thread-2 (]: On model.dbt_project.brnz_orders: /* {"app": "dbt", "dbt_version": "1.10.8", "profile_name": "dbt_project", "target_name": "dev", "node_id": "model.dbt_project.brnz_orders"} */

  
    

  create  table "dbt_project".public.brnz_orders__dbt_tmp
  
  
    as
  
  (
    

SELECT
    order_id,
    customer_id,
    order_date,
    amount,
    status,
    CURRENT_TIMESTAMP AS loaded_at
FROM "dbt_project"."public"."orders"
WHERE 
    order_id IS NOT NULL
    AND customer_id IS NOT NULL
  );
  
[0m15:03:46.532889 [debug] [Thread-2 (]: SQL status: SELECT 824 in 0.014 seconds
[0m15:03:46.538894 [debug] [Thread-1 (]: SQL status: SELECT 150 in 0.023 seconds
[0m15:03:46.543891 [debug] [Thread-2 (]: Using postgres connection "model.dbt_project.brnz_orders"
[0m15:03:46.547895 [debug] [Thread-1 (]: Using postgres connection "model.dbt_project.brnz_customers"
[0m15:03:46.547895 [debug] [Thread-2 (]: On model.dbt_project.brnz_orders: /* {"app": "dbt", "dbt_version": "1.10.8", "profile_name": "dbt_project", "target_name": "dev", "node_id": "model.dbt_project.brnz_orders"} */
alter table "dbt_project"."public"."brnz_orders" rename to brnz_orders__dbt_backup
[0m15:03:46.548894 [debug] [Thread-1 (]: On model.dbt_project.brnz_customers: /* {"app": "dbt", "dbt_version": "1.10.8", "profile_name": "dbt_project", "target_name": "dev", "node_id": "model.dbt_project.brnz_customers"} */
alter table "dbt_project"."public"."brnz_customers" rename to brnz_customers__dbt_backup
[0m15:03:46.549892 [debug] [Thread-2 (]: SQL status: ALTER TABLE in 0.000 seconds
[0m15:03:46.549892 [debug] [Thread-1 (]: SQL status: ALTER TABLE in 0.001 seconds
[0m15:03:46.552893 [debug] [Thread-2 (]: Using postgres connection "model.dbt_project.brnz_orders"
[0m15:03:46.557896 [debug] [Thread-1 (]: Using postgres connection "model.dbt_project.brnz_customers"
[0m15:03:46.558894 [debug] [Thread-2 (]: On model.dbt_project.brnz_orders: /* {"app": "dbt", "dbt_version": "1.10.8", "profile_name": "dbt_project", "target_name": "dev", "node_id": "model.dbt_project.brnz_orders"} */
alter table "dbt_project".public.brnz_orders__dbt_tmp rename to brnz_orders
[0m15:03:46.559895 [debug] [Thread-1 (]: On model.dbt_project.brnz_customers: /* {"app": "dbt", "dbt_version": "1.10.8", "profile_name": "dbt_project", "target_name": "dev", "node_id": "model.dbt_project.brnz_customers"} */
alter table "dbt_project".public.brnz_customers__dbt_tmp rename to brnz_customers
[0m15:03:46.560900 [debug] [Thread-2 (]: SQL status: ALTER TABLE in 0.001 seconds
[0m15:03:46.561898 [debug] [Thread-1 (]: SQL status: ALTER TABLE in 0.001 seconds
[0m15:03:46.576900 [debug] [Thread-2 (]: On model.dbt_project.brnz_orders: COMMIT
[0m15:03:46.579899 [debug] [Thread-1 (]: On model.dbt_project.brnz_customers: COMMIT
[0m15:03:46.580902 [debug] [Thread-2 (]: Using postgres connection "model.dbt_project.brnz_orders"
[0m15:03:46.581904 [debug] [Thread-1 (]: Using postgres connection "model.dbt_project.brnz_customers"
[0m15:03:46.582901 [debug] [Thread-2 (]: On model.dbt_project.brnz_orders: COMMIT
[0m15:03:46.582901 [debug] [Thread-1 (]: On model.dbt_project.brnz_customers: COMMIT
[0m15:03:46.584902 [debug] [Thread-2 (]: SQL status: COMMIT in 0.001 seconds
[0m15:03:46.591903 [debug] [Thread-2 (]: Applying DROP to: "dbt_project".public.brnz_orders__dbt_backup
[0m15:03:46.591903 [debug] [Thread-1 (]: SQL status: COMMIT in 0.008 seconds
[0m15:03:46.596903 [debug] [Thread-2 (]: Using postgres connection "model.dbt_project.brnz_orders"
[0m15:03:46.599905 [debug] [Thread-1 (]: Applying DROP to: "dbt_project".public.brnz_customers__dbt_backup
[0m15:03:46.600913 [debug] [Thread-2 (]: On model.dbt_project.brnz_orders: /* {"app": "dbt", "dbt_version": "1.10.8", "profile_name": "dbt_project", "target_name": "dev", "node_id": "model.dbt_project.brnz_orders"} */
drop table if exists "dbt_project".public.brnz_orders__dbt_backup cascade
[0m15:03:46.601913 [debug] [Thread-1 (]: Using postgres connection "model.dbt_project.brnz_customers"
[0m15:03:46.602905 [debug] [Thread-1 (]: On model.dbt_project.brnz_customers: /* {"app": "dbt", "dbt_version": "1.10.8", "profile_name": "dbt_project", "target_name": "dev", "node_id": "model.dbt_project.brnz_customers"} */
drop table if exists "dbt_project".public.brnz_customers__dbt_backup cascade
[0m15:03:46.608927 [debug] [Thread-2 (]: SQL status: DROP TABLE in 0.006 seconds
[0m15:03:46.608927 [debug] [Thread-1 (]: SQL status: DROP TABLE in 0.006 seconds
[0m15:03:46.610928 [debug] [Thread-2 (]: On model.dbt_project.brnz_orders: Close
[0m15:03:46.612934 [debug] [Thread-1 (]: On model.dbt_project.brnz_customers: Close
[0m15:03:46.616930 [debug] [Thread-2 (]: Sending event: {'category': 'dbt', 'action': 'run_model', 'label': '90795c5a-f8f3-457d-ad24-bd9880bef82e', 'context': [<snowplow_tracker.self_describing_json.SelfDescribingJson object at 0x000001EB9E5109D0>]}
[0m15:03:46.617922 [debug] [Thread-1 (]: Sending event: {'category': 'dbt', 'action': 'run_model', 'label': '90795c5a-f8f3-457d-ad24-bd9880bef82e', 'context': [<snowplow_tracker.self_describing_json.SelfDescribingJson object at 0x000001EBA017F350>]}
[0m15:03:46.618921 [info ] [Thread-2 (]: 2 of 5 OK created sql table model public.brnz_orders ........................... [[32mSELECT 824[0m in 0.20s]
[0m15:03:46.619921 [info ] [Thread-1 (]: 1 of 5 OK created sql table model public.brnz_customers ........................ [[32mSELECT 150[0m in 0.21s]
[0m15:03:46.620922 [debug] [Thread-2 (]: Finished running node model.dbt_project.brnz_orders
[0m15:03:46.620922 [debug] [Thread-1 (]: Finished running node model.dbt_project.brnz_customers
[0m15:03:46.621922 [debug] [Thread-4 (]: Began running node model.dbt_project.stg_orders
[0m15:03:46.622922 [debug] [Thread-2 (]: Began running node model.dbt_project.stg_customers
[0m15:03:46.623922 [info ] [Thread-4 (]: 3 of 5 START sql view model public.stg_orders .................................. [RUN]
[0m15:03:46.624924 [info ] [Thread-2 (]: 4 of 5 START sql view model public.stg_customers ............................... [RUN]
[0m15:03:46.625923 [debug] [Thread-4 (]: Acquiring new postgres connection 'model.dbt_project.stg_orders'
[0m15:03:46.626923 [debug] [Thread-2 (]: Re-using an available connection from the pool (formerly model.dbt_project.brnz_orders, now model.dbt_project.stg_customers)
[0m15:03:46.626923 [debug] [Thread-4 (]: Began compiling node model.dbt_project.stg_orders
[0m15:03:46.627923 [debug] [Thread-2 (]: Began compiling node model.dbt_project.stg_customers
[0m15:03:46.630923 [debug] [Thread-4 (]: Writing injected SQL for node "model.dbt_project.stg_orders"
[0m15:03:46.634926 [debug] [Thread-2 (]: Writing injected SQL for node "model.dbt_project.stg_customers"
[0m15:03:46.636926 [debug] [Thread-4 (]: Began executing node model.dbt_project.stg_orders
[0m15:03:46.649930 [debug] [Thread-2 (]: Began executing node model.dbt_project.stg_customers
[0m15:03:46.654930 [debug] [Thread-4 (]: Writing runtime sql for node "model.dbt_project.stg_orders"
[0m15:03:46.659939 [debug] [Thread-2 (]: Writing runtime sql for node "model.dbt_project.stg_customers"
[0m15:03:46.660939 [debug] [Thread-4 (]: Using postgres connection "model.dbt_project.stg_orders"
[0m15:03:46.661931 [debug] [Thread-4 (]: On model.dbt_project.stg_orders: BEGIN
[0m15:03:46.661931 [debug] [Thread-4 (]: Opening a new connection, currently in state init
[0m15:03:46.662932 [debug] [Thread-2 (]: Using postgres connection "model.dbt_project.stg_customers"
[0m15:03:46.663931 [debug] [Thread-2 (]: On model.dbt_project.stg_customers: BEGIN
[0m15:03:46.663931 [debug] [Thread-2 (]: Opening a new connection, currently in state closed
[0m15:03:46.700940 [debug] [Thread-2 (]: SQL status: BEGIN in 0.037 seconds
[0m15:03:46.701942 [debug] [Thread-2 (]: Using postgres connection "model.dbt_project.stg_customers"
[0m15:03:46.701942 [debug] [Thread-2 (]: On model.dbt_project.stg_customers: /* {"app": "dbt", "dbt_version": "1.10.8", "profile_name": "dbt_project", "target_name": "dev", "node_id": "model.dbt_project.stg_customers"} */

  create view "dbt_project".public.stg_customers__dbt_tmp
    
    
  as (
    

SELECT
    customer_id,
    customer_name,
    email,
    phone,
    country,
    loaded_at,
    CURRENT_TIMESTAMP AS transformed_at
FROM "dbt_project".public.brnz_customers
WHERE customer_id IS NOT NULL
  );
[0m15:03:46.717945 [debug] [Thread-2 (]: SQL status: CREATE VIEW in 0.015 seconds
[0m15:03:46.720951 [debug] [Thread-2 (]: Using postgres connection "model.dbt_project.stg_customers"
[0m15:03:46.721951 [debug] [Thread-2 (]: On model.dbt_project.stg_customers: /* {"app": "dbt", "dbt_version": "1.10.8", "profile_name": "dbt_project", "target_name": "dev", "node_id": "model.dbt_project.stg_customers"} */
alter table "dbt_project".public.stg_customers__dbt_tmp rename to stg_customers
[0m15:03:46.723959 [debug] [Thread-2 (]: SQL status: ALTER TABLE in 0.001 seconds
[0m15:03:46.725946 [debug] [Thread-2 (]: On model.dbt_project.stg_customers: COMMIT
[0m15:03:46.726946 [debug] [Thread-2 (]: Using postgres connection "model.dbt_project.stg_customers"
[0m15:03:46.726946 [debug] [Thread-2 (]: On model.dbt_project.stg_customers: COMMIT
[0m15:03:46.728946 [debug] [Thread-2 (]: SQL status: COMMIT in 0.001 seconds
[0m15:03:46.730954 [debug] [Thread-2 (]: Applying DROP to: "dbt_project".public.stg_customers__dbt_backup
[0m15:03:46.735948 [debug] [Thread-2 (]: Using postgres connection "model.dbt_project.stg_customers"
[0m15:03:46.736949 [debug] [Thread-2 (]: On model.dbt_project.stg_customers: /* {"app": "dbt", "dbt_version": "1.10.8", "profile_name": "dbt_project", "target_name": "dev", "node_id": "model.dbt_project.stg_customers"} */
drop view if exists "dbt_project".public.stg_customers__dbt_backup cascade
[0m15:03:46.736949 [debug] [Thread-2 (]: SQL status: DROP VIEW in 0.000 seconds
[0m15:03:46.738956 [debug] [Thread-2 (]: On model.dbt_project.stg_customers: Close
[0m15:03:46.739956 [debug] [Thread-2 (]: Sending event: {'category': 'dbt', 'action': 'run_model', 'label': '90795c5a-f8f3-457d-ad24-bd9880bef82e', 'context': [<snowplow_tracker.self_describing_json.SelfDescribingJson object at 0x000001EBA01E5FD0>]}
[0m15:03:46.740950 [info ] [Thread-2 (]: 4 of 5 OK created sql view model public.stg_customers .......................... [[32mCREATE VIEW[0m in 0.11s]
[0m15:03:46.741949 [debug] [Thread-2 (]: Finished running node model.dbt_project.stg_customers
[0m15:03:46.801212 [debug] [Thread-4 (]: SQL status: BEGIN in 0.139 seconds
[0m15:03:46.801212 [debug] [Thread-4 (]: Using postgres connection "model.dbt_project.stg_orders"
[0m15:03:46.802213 [debug] [Thread-4 (]: On model.dbt_project.stg_orders: /* {"app": "dbt", "dbt_version": "1.10.8", "profile_name": "dbt_project", "target_name": "dev", "node_id": "model.dbt_project.stg_orders"} */

  create view "dbt_project".public.stg_orders__dbt_tmp
    
    
  as (
    

SELECT
    order_id,
    customer_id,
    CASE 
        WHEN order_date IS NULL THEN NULL
        ELSE CAST(order_date AS DATE)
    END AS order_date,
    CASE 
        WHEN amount IS NULL OR amount <= 0 THEN NULL
        ELSE CAST(amount AS DECIMAL(10, 2))
    END AS amount,
    LOWER(TRIM(status)) AS status,
    loaded_at,
    CURRENT_TIMESTAMP AS transformed_at
FROM "dbt_project".public.brnz_orders
WHERE 
    order_id IS NOT NULL
    AND customer_id IS NOT NULL
    AND order_date IS NOT NULL
    AND LOWER(TRIM(status)) IN ('completed', 'pending', 'cancelled')
  );
[0m15:03:46.808214 [debug] [Thread-4 (]: SQL status: CREATE VIEW in 0.005 seconds
[0m15:03:46.812215 [debug] [Thread-4 (]: Using postgres connection "model.dbt_project.stg_orders"
[0m15:03:46.813215 [debug] [Thread-4 (]: On model.dbt_project.stg_orders: /* {"app": "dbt", "dbt_version": "1.10.8", "profile_name": "dbt_project", "target_name": "dev", "node_id": "model.dbt_project.stg_orders"} */
alter table "dbt_project".public.stg_orders__dbt_tmp rename to stg_orders
[0m15:03:46.814216 [debug] [Thread-4 (]: SQL status: ALTER TABLE in 0.000 seconds
[0m15:03:46.815215 [debug] [Thread-4 (]: On model.dbt_project.stg_orders: COMMIT
[0m15:03:46.816215 [debug] [Thread-4 (]: Using postgres connection "model.dbt_project.stg_orders"
[0m15:03:46.816215 [debug] [Thread-4 (]: On model.dbt_project.stg_orders: COMMIT
[0m15:03:46.818218 [debug] [Thread-4 (]: SQL status: COMMIT in 0.001 seconds
[0m15:03:46.821218 [debug] [Thread-4 (]: Applying DROP to: "dbt_project".public.stg_orders__dbt_backup
[0m15:03:46.822219 [debug] [Thread-4 (]: Using postgres connection "model.dbt_project.stg_orders"
[0m15:03:46.822219 [debug] [Thread-4 (]: On model.dbt_project.stg_orders: /* {"app": "dbt", "dbt_version": "1.10.8", "profile_name": "dbt_project", "target_name": "dev", "node_id": "model.dbt_project.stg_orders"} */
drop view if exists "dbt_project".public.stg_orders__dbt_backup cascade
[0m15:03:46.823217 [debug] [Thread-4 (]: SQL status: DROP VIEW in 0.000 seconds
[0m15:03:46.825220 [debug] [Thread-4 (]: On model.dbt_project.stg_orders: Close
[0m15:03:46.825220 [debug] [Thread-4 (]: Sending event: {'category': 'dbt', 'action': 'run_model', 'label': '90795c5a-f8f3-457d-ad24-bd9880bef82e', 'context': [<snowplow_tracker.self_describing_json.SelfDescribingJson object at 0x000001EBA01E5CD0>]}
[0m15:03:46.826218 [info ] [Thread-4 (]: 3 of 5 OK created sql view model public.stg_orders ............................. [[32mCREATE VIEW[0m in 0.20s]
[0m15:03:46.827219 [debug] [Thread-4 (]: Finished running node model.dbt_project.stg_orders
[0m15:03:46.829220 [debug] [Thread-1 (]: Began running node model.dbt_project.customer_metrics
[0m15:03:46.830221 [info ] [Thread-1 (]: 5 of 5 START sql table model public.customer_metrics ........................... [RUN]
[0m15:03:46.831220 [debug] [Thread-1 (]: Re-using an available connection from the pool (formerly model.dbt_project.brnz_customers, now model.dbt_project.customer_metrics)
[0m15:03:46.831220 [debug] [Thread-1 (]: Began compiling node model.dbt_project.customer_metrics
[0m15:03:46.835220 [debug] [Thread-1 (]: Writing injected SQL for node "model.dbt_project.customer_metrics"
[0m15:03:46.836221 [debug] [Thread-1 (]: Began executing node model.dbt_project.customer_metrics
[0m15:03:46.840220 [debug] [Thread-1 (]: Writing runtime sql for node "model.dbt_project.customer_metrics"
[0m15:03:46.841222 [debug] [Thread-1 (]: Using postgres connection "model.dbt_project.customer_metrics"
[0m15:03:46.842224 [debug] [Thread-1 (]: On model.dbt_project.customer_metrics: BEGIN
[0m15:03:46.842224 [debug] [Thread-1 (]: Opening a new connection, currently in state closed
[0m15:03:46.875238 [debug] [Thread-1 (]: SQL status: BEGIN in 0.032 seconds
[0m15:03:46.875238 [debug] [Thread-1 (]: Using postgres connection "model.dbt_project.customer_metrics"
[0m15:03:46.876237 [debug] [Thread-1 (]: On model.dbt_project.customer_metrics: /* {"app": "dbt", "dbt_version": "1.10.8", "profile_name": "dbt_project", "target_name": "dev", "node_id": "model.dbt_project.customer_metrics"} */

  
    

  create  table "dbt_project".public.customer_metrics__dbt_tmp
  
  
    as
  
  (
    

WITH customer_metrics AS (
    SELECT
        c.customer_id,
        c.customer_name,
        c.email,
        c.country,
        COUNT(DISTINCT o.order_id) AS total_orders,
        COUNT(DISTINCT CASE WHEN o.status = 'completed' THEN o.order_id END) AS completed_orders,
        COUNT(DISTINCT CASE WHEN o.status = 'pending' THEN o.order_id END) AS pending_orders,
        COALESCE(SUM(CASE WHEN o.status = 'completed' THEN o.amount END), 0) AS total_revenue,
        ROUND(AVG(CASE WHEN o.status = 'completed' THEN o.amount END), 2) AS avg_order_value,
        MAX(o.order_date) AS last_order_date,
        MIN(o.order_date) AS first_order_date
    FROM "dbt_project".public.stg_customers c
    LEFT JOIN "dbt_project".public.stg_orders o ON c.customer_id = o.customer_id
    GROUP BY c.customer_id, c.customer_name, c.email, c.country
)

SELECT
    customer_id,
    customer_name,
    email,
    country,
    total_orders,
    completed_orders,
    pending_orders,
    total_revenue,
    avg_order_value,
    last_order_date,
    first_order_date,
    (last_order_date - first_order_date) AS days_as_customer,
    -- Customer Lifetime Value: Total revenue / Days as customer (daily rate)
    CASE 
        WHEN (last_order_date - first_order_date) > 0 
        THEN ROUND(total_revenue / (last_order_date - first_order_date)::NUMERIC, 2)
        ELSE total_revenue
    END AS customer_lifetime_value,
    -- Customer Segmentation: Categorize by revenue
    CASE 
        WHEN total_revenue >= 500 THEN 'High-Value'
        WHEN total_revenue >= 200 THEN 'Medium-Value'
        ELSE 'Low-Value'
    END AS customer_segment,
    -- Repeat Customer Flag: True if customer has more than 1 order
    CASE 
        WHEN total_orders > 1 THEN TRUE
        ELSE FALSE
    END AS is_repeat_customer,
    -- Order Recency: Days since last order
    CASE 
        WHEN last_order_date IS NOT NULL 
        THEN (CURRENT_DATE - last_order_date)
        ELSE NULL
    END AS days_since_last_order,
    -- Completion Rate: Percentage of orders completed
    CASE 
        WHEN total_orders > 0 
        THEN ROUND((completed_orders::NUMERIC / total_orders) * 100, 2)
        ELSE 0
    END AS order_completion_rate,
    -- Order Frequency: Average days between orders
    CASE 
        WHEN (last_order_date - first_order_date) > 0 AND total_orders > 1
        THEN ROUND((last_order_date - first_order_date)::NUMERIC / (total_orders - 1), 0)
        ELSE NULL
    END AS avg_days_between_orders,
    CURRENT_TIMESTAMP AS updated_at
FROM customer_metrics
ORDER BY total_revenue DESC
  );
  
[0m15:03:46.893234 [debug] [Thread-1 (]: SQL status: SELECT 150 in 0.016 seconds
[0m15:03:46.896234 [debug] [Thread-1 (]: Using postgres connection "model.dbt_project.customer_metrics"
[0m15:03:46.897236 [debug] [Thread-1 (]: On model.dbt_project.customer_metrics: /* {"app": "dbt", "dbt_version": "1.10.8", "profile_name": "dbt_project", "target_name": "dev", "node_id": "model.dbt_project.customer_metrics"} */
alter table "dbt_project"."public"."customer_metrics" rename to customer_metrics__dbt_backup
[0m15:03:46.898237 [debug] [Thread-1 (]: SQL status: ALTER TABLE in 0.000 seconds
[0m15:03:46.901243 [debug] [Thread-1 (]: Using postgres connection "model.dbt_project.customer_metrics"
[0m15:03:46.902243 [debug] [Thread-1 (]: On model.dbt_project.customer_metrics: /* {"app": "dbt", "dbt_version": "1.10.8", "profile_name": "dbt_project", "target_name": "dev", "node_id": "model.dbt_project.customer_metrics"} */
alter table "dbt_project".public.customer_metrics__dbt_tmp rename to customer_metrics
[0m15:03:46.903238 [debug] [Thread-1 (]: SQL status: ALTER TABLE in 0.001 seconds
[0m15:03:46.905236 [debug] [Thread-1 (]: On model.dbt_project.customer_metrics: COMMIT
[0m15:03:46.906237 [debug] [Thread-1 (]: Using postgres connection "model.dbt_project.customer_metrics"
[0m15:03:46.907245 [debug] [Thread-1 (]: On model.dbt_project.customer_metrics: COMMIT
[0m15:03:46.908245 [debug] [Thread-1 (]: SQL status: COMMIT in 0.001 seconds
[0m15:03:46.911252 [debug] [Thread-1 (]: Applying DROP to: "dbt_project".public.customer_metrics__dbt_backup
[0m15:03:46.911252 [debug] [Thread-1 (]: Using postgres connection "model.dbt_project.customer_metrics"
[0m15:03:46.912254 [debug] [Thread-1 (]: On model.dbt_project.customer_metrics: /* {"app": "dbt", "dbt_version": "1.10.8", "profile_name": "dbt_project", "target_name": "dev", "node_id": "model.dbt_project.customer_metrics"} */
drop table if exists "dbt_project".public.customer_metrics__dbt_backup cascade
[0m15:03:46.917246 [debug] [Thread-1 (]: SQL status: DROP TABLE in 0.004 seconds
[0m15:03:46.918247 [debug] [Thread-1 (]: On model.dbt_project.customer_metrics: Close
[0m15:03:46.919254 [debug] [Thread-1 (]: Sending event: {'category': 'dbt', 'action': 'run_model', 'label': '90795c5a-f8f3-457d-ad24-bd9880bef82e', 'context': [<snowplow_tracker.self_describing_json.SelfDescribingJson object at 0x000001EBA00BFF10>]}
[0m15:03:46.920370 [info ] [Thread-1 (]: 5 of 5 OK created sql table model public.customer_metrics ...................... [[32mSELECT 150[0m in 0.09s]
[0m15:03:46.921240 [debug] [Thread-1 (]: Finished running node model.dbt_project.customer_metrics
[0m15:03:46.923241 [debug] [MainThread]: Using postgres connection "master"
[0m15:03:46.924241 [debug] [MainThread]: On master: BEGIN
[0m15:03:46.924241 [debug] [MainThread]: Opening a new connection, currently in state closed
[0m15:03:46.958249 [debug] [MainThread]: SQL status: BEGIN in 0.034 seconds
[0m15:03:46.959256 [debug] [MainThread]: On master: COMMIT
[0m15:03:46.959256 [debug] [MainThread]: Using postgres connection "master"
[0m15:03:46.960256 [debug] [MainThread]: On master: COMMIT
[0m15:03:46.960256 [debug] [MainThread]: SQL status: COMMIT in 0.000 seconds
[0m15:03:46.961249 [debug] [MainThread]: On master: Close
[0m15:03:46.961249 [debug] [MainThread]: Connection 'master' was properly closed.
[0m15:03:46.962248 [debug] [MainThread]: Connection 'list_dbt_project' was properly closed.
[0m15:03:46.962248 [debug] [MainThread]: Connection 'list_dbt_project_public' was properly closed.
[0m15:03:46.963249 [debug] [MainThread]: Connection 'model.dbt_project.customer_metrics' was properly closed.
[0m15:03:46.963249 [debug] [MainThread]: Connection 'model.dbt_project.stg_customers' was properly closed.
[0m15:03:46.964249 [debug] [MainThread]: Connection 'model.dbt_project.stg_orders' was properly closed.
[0m15:03:46.964249 [info ] [MainThread]: 
[0m15:03:46.965249 [info ] [MainThread]: Finished running 3 table models, 2 view models in 0 hours 0 minutes and 0.83 seconds (0.83s).
[0m15:03:46.967250 [debug] [MainThread]: Command end result
[0m15:03:47.000259 [debug] [MainThread]: Wrote artifact WritableManifest to C:\Users\arpit\Jupyter Notebook\CI CD Pipeline project\target\manifest.json
[0m15:03:47.003267 [debug] [MainThread]: Wrote artifact SemanticManifest to C:\Users\arpit\Jupyter Notebook\CI CD Pipeline project\target\semantic_manifest.json
[0m15:03:47.009260 [debug] [MainThread]: Wrote artifact RunExecutionResult to C:\Users\arpit\Jupyter Notebook\CI CD Pipeline project\target\run_results.json
[0m15:03:47.010261 [info ] [MainThread]: 
[0m15:03:47.010261 [info ] [MainThread]: [32mCompleted successfully[0m
[0m15:03:47.011261 [info ] [MainThread]: 
[0m15:03:47.012261 [info ] [MainThread]: Done. PASS=5 WARN=0 ERROR=0 SKIP=0 NO-OP=0 TOTAL=5
[0m15:03:47.013269 [debug] [MainThread]: Command `dbt run` succeeded at 15:03:47.013269 after 2.38 seconds
[0m15:03:47.014261 [debug] [MainThread]: Sending event: {'category': 'dbt', 'action': 'invocation', 'label': 'end', 'context': [<snowplow_tracker.self_describing_json.SelfDescribingJson object at 0x000001EB9E592190>, <snowplow_tracker.self_describing_json.SelfDescribingJson object at 0x000001EB9E592F10>, <snowplow_tracker.self_describing_json.SelfDescribingJson object at 0x000001EB9E591C90>]}
[0m15:03:47.014261 [debug] [MainThread]: Flushing usage events
[0m15:03:47.604697 [debug] [MainThread]: An error was encountered while trying to flush usage events
[0m15:04:05.320911 [debug] [MainThread]: Sending event: {'category': 'dbt', 'action': 'invocation', 'label': 'start', 'context': [<snowplow_tracker.self_describing_json.SelfDescribingJson object at 0x0000014A561AE090>, <snowplow_tracker.self_describing_json.SelfDescribingJson object at 0x0000014A561AD550>, <snowplow_tracker.self_describing_json.SelfDescribingJson object at 0x0000014A561AFCD0>]}


============================== 15:04:05.324905 | b1a619e4-fef6-482b-a954-d29f17be5ad9 ==============================
[0m15:04:05.324905 [info ] [MainThread]: Running with dbt=1.10.8
[0m15:04:05.325913 [debug] [MainThread]: running dbt with arguments {'printer_width': '80', 'indirect_selection': 'eager', 'write_json': 'True', 'log_cache_events': 'False', 'partial_parse': 'True', 'cache_selected_only': 'False', 'profiles_dir': 'C:\\Users\\arpit\\.dbt', 'fail_fast': 'False', 'debug': 'False', 'log_path': 'C:\\Users\\arpit\\Jupyter Notebook\\CI CD Pipeline project\\logs', 'version_check': 'True', 'warn_error': 'None', 'use_colors': 'True', 'use_experimental_parser': 'False', 'empty': 'None', 'quiet': 'False', 'no_print': 'None', 'warn_error_options': 'WarnErrorOptionsV2(error=[], warn=[], silence=[])', 'introspect': 'True', 'log_format': 'default', 'static_parser': 'True', 'target_path': 'None', 'invocation_command': 'dbt test', 'send_anonymous_usage_stats': 'True'}
[0m15:04:05.575976 [debug] [MainThread]: Sending event: {'category': 'dbt', 'action': 'project_id', 'label': 'b1a619e4-fef6-482b-a954-d29f17be5ad9', 'context': [<snowplow_tracker.self_describing_json.SelfDescribingJson object at 0x0000014A562219D0>]}
[0m15:04:05.646991 [debug] [MainThread]: Sending event: {'category': 'dbt', 'action': 'adapter_info', 'label': 'b1a619e4-fef6-482b-a954-d29f17be5ad9', 'context': [<snowplow_tracker.self_describing_json.SelfDescribingJson object at 0x0000014A52B7E790>]}
[0m15:04:05.648979 [info ] [MainThread]: Registered adapter: postgres=1.9.0
[0m15:04:05.959056 [debug] [MainThread]: checksum: 265d66e81f90af29a7a28579c9b54d938c94f4a57c57be5f853267ae509b5fcb, vars: {}, profile: , target: , version: 1.10.8
[0m15:04:06.143109 [debug] [MainThread]: Partial parsing enabled: 0 files deleted, 0 files added, 0 files changed.
[0m15:04:06.143109 [debug] [MainThread]: Partial parsing enabled, no changes found, skipping parsing
[0m15:04:06.196122 [debug] [MainThread]: Sending event: {'category': 'dbt', 'action': 'load_project', 'label': 'b1a619e4-fef6-482b-a954-d29f17be5ad9', 'context': [<snowplow_tracker.self_describing_json.SelfDescribingJson object at 0x0000014A56260A10>]}
[0m15:04:06.292124 [debug] [MainThread]: Wrote artifact WritableManifest to C:\Users\arpit\Jupyter Notebook\CI CD Pipeline project\target\manifest.json
[0m15:04:06.294124 [debug] [MainThread]: Wrote artifact SemanticManifest to C:\Users\arpit\Jupyter Notebook\CI CD Pipeline project\target\semantic_manifest.json
[0m15:04:06.341228 [debug] [MainThread]: Sending event: {'category': 'dbt', 'action': 'resource_counts', 'label': 'b1a619e4-fef6-482b-a954-d29f17be5ad9', 'context': [<snowplow_tracker.self_describing_json.SelfDescribingJson object at 0x0000014A57A53F90>]}
[0m15:04:06.342227 [info ] [MainThread]: Found 5 models, 3 seeds, 26 data tests, 2 sources, 434 macros
[0m15:04:06.343227 [debug] [MainThread]: Sending event: {'category': 'dbt', 'action': 'runnable_timing', 'label': 'b1a619e4-fef6-482b-a954-d29f17be5ad9', 'context': [<snowplow_tracker.self_describing_json.SelfDescribingJson object at 0x0000014A57A43750>]}
[0m15:04:06.346234 [info ] [MainThread]: 
[0m15:04:06.347227 [info ] [MainThread]: Concurrency: 4 threads (target='dev')
[0m15:04:06.347227 [info ] [MainThread]: 
[0m15:04:06.348228 [debug] [MainThread]: Acquiring new postgres connection 'master'
[0m15:04:06.354233 [debug] [ThreadPool]: Acquiring new postgres connection 'list_dbt_project_public'
[0m15:04:06.491267 [debug] [ThreadPool]: Using postgres connection "list_dbt_project_public"
[0m15:04:06.492267 [debug] [ThreadPool]: On list_dbt_project_public: BEGIN
[0m15:04:06.492267 [debug] [ThreadPool]: Opening a new connection, currently in state init
[0m15:04:06.529271 [debug] [ThreadPool]: SQL status: BEGIN in 0.037 seconds
[0m15:04:06.530270 [debug] [ThreadPool]: Using postgres connection "list_dbt_project_public"
[0m15:04:06.531270 [debug] [ThreadPool]: On list_dbt_project_public: /* {"app": "dbt", "dbt_version": "1.10.8", "profile_name": "dbt_project", "target_name": "dev", "connection_name": "list_dbt_project_public"} */
select
      'dbt_project' as database,
      tablename as name,
      schemaname as schema,
      'table' as type
    from pg_tables
    where schemaname ilike 'public'
    union all
    select
      'dbt_project' as database,
      viewname as name,
      schemaname as schema,
      'view' as type
    from pg_views
    where schemaname ilike 'public'
    union all
    select
      'dbt_project' as database,
      matviewname as name,
      schemaname as schema,
      'materialized_view' as type
    from pg_matviews
    where schemaname ilike 'public'
  
[0m15:04:06.537270 [debug] [ThreadPool]: SQL status: SELECT 8 in 0.006 seconds
[0m15:04:06.539272 [debug] [ThreadPool]: On list_dbt_project_public: ROLLBACK
[0m15:04:06.540271 [debug] [ThreadPool]: On list_dbt_project_public: Close
[0m15:04:06.546274 [debug] [MainThread]: Using postgres connection "master"
[0m15:04:06.547276 [debug] [MainThread]: On master: BEGIN
[0m15:04:06.547276 [debug] [MainThread]: Opening a new connection, currently in state init
[0m15:04:06.581281 [debug] [MainThread]: SQL status: BEGIN in 0.034 seconds
[0m15:04:06.582281 [debug] [MainThread]: Using postgres connection "master"
[0m15:04:06.582281 [debug] [MainThread]: On master: /* {"app": "dbt", "dbt_version": "1.10.8", "profile_name": "dbt_project", "target_name": "dev", "connection_name": "master"} */
with relation as (
        select
            pg_rewrite.ev_class as class,
            pg_rewrite.oid as id
        from pg_rewrite
    ),
    class as (
        select
            oid as id,
            relname as name,
            relnamespace as schema,
            relkind as kind
        from pg_class
    ),
    dependency as (
        select distinct
            pg_depend.objid as id,
            pg_depend.refobjid as ref
        from pg_depend
    ),
    schema as (
        select
            pg_namespace.oid as id,
            pg_namespace.nspname as name
        from pg_namespace
        where nspname != 'information_schema' and nspname not like 'pg\_%'
    ),
    referenced as (
        select
            relation.id AS id,
            referenced_class.name ,
            referenced_class.schema ,
            referenced_class.kind
        from relation
        join class as referenced_class on relation.class=referenced_class.id
        where referenced_class.kind in ('r', 'v', 'm')
    ),
    relationships as (
        select
            referenced.name as referenced_name,
            referenced.schema as referenced_schema_id,
            dependent_class.name as dependent_name,
            dependent_class.schema as dependent_schema_id,
            referenced.kind as kind
        from referenced
        join dependency on referenced.id=dependency.id
        join class as dependent_class on dependency.ref=dependent_class.id
        where
            (referenced.name != dependent_class.name or
             referenced.schema != dependent_class.schema)
    )

    select
        referenced_schema.name as referenced_schema,
        relationships.referenced_name as referenced_name,
        dependent_schema.name as dependent_schema,
        relationships.dependent_name as dependent_name
    from relationships
    join schema as dependent_schema on relationships.dependent_schema_id=dependent_schema.id
    join schema as referenced_schema on relationships.referenced_schema_id=referenced_schema.id
    group by referenced_schema, referenced_name, dependent_schema, dependent_name
    order by referenced_schema, referenced_name, dependent_schema, dependent_name;
[0m15:04:06.592282 [debug] [MainThread]: SQL status: SELECT 2 in 0.009 seconds
[0m15:04:06.593283 [debug] [MainThread]: Sending event: {'category': 'dbt', 'action': 'runnable_timing', 'label': 'b1a619e4-fef6-482b-a954-d29f17be5ad9', 'context': [<snowplow_tracker.self_describing_json.SelfDescribingJson object at 0x0000014A57D58F10>]}
[0m15:04:06.594291 [debug] [MainThread]: On master: ROLLBACK
[0m15:04:06.595283 [debug] [MainThread]: Using postgres connection "master"
[0m15:04:06.595283 [debug] [MainThread]: On master: BEGIN
[0m15:04:06.596283 [debug] [MainThread]: SQL status: BEGIN in 0.000 seconds
[0m15:04:06.596283 [debug] [MainThread]: On master: COMMIT
[0m15:04:06.597285 [debug] [MainThread]: Using postgres connection "master"
[0m15:04:06.598284 [debug] [MainThread]: On master: COMMIT
[0m15:04:06.598284 [debug] [MainThread]: SQL status: COMMIT in 0.000 seconds
[0m15:04:06.599292 [debug] [MainThread]: On master: Close
[0m15:04:06.604293 [debug] [Thread-1 (]: Began running node test.dbt_project.accepted_values_customer_metrics_customer_segment__High_Value__Medium_Value__Low_Value.b79332e10e
[0m15:04:06.604293 [debug] [Thread-2 (]: Began running node test.dbt_project.accepted_values_stg_orders_status__completed__pending__cancelled.55410e9790
[0m15:04:06.605285 [debug] [Thread-3 (]: Began running node test.dbt_project.not_null_brnz_customers_customer_id.b4d91ba4e5
[0m15:04:06.605285 [debug] [Thread-4 (]: Began running node test.dbt_project.not_null_brnz_orders_customer_id.a7693da971
[0m15:04:06.606287 [info ] [Thread-1 (]: 1 of 26 START test accepted_values_customer_metrics_customer_segment__High_Value__Medium_Value__Low_Value  [RUN]
[0m15:04:06.607290 [info ] [Thread-2 (]: 2 of 26 START test accepted_values_stg_orders_status__completed__pending__cancelled  [RUN]
[0m15:04:06.607290 [info ] [Thread-3 (]: 3 of 26 START test not_null_brnz_customers_customer_id ......................... [RUN]
[0m15:04:06.608295 [info ] [Thread-4 (]: 4 of 26 START test not_null_brnz_orders_customer_id ............................ [RUN]
[0m15:04:06.609288 [debug] [Thread-1 (]: Acquiring new postgres connection 'test.dbt_project.accepted_values_customer_metrics_customer_segment__High_Value__Medium_Value__Low_Value.b79332e10e'
[0m15:04:06.609288 [debug] [Thread-2 (]: Acquiring new postgres connection 'test.dbt_project.accepted_values_stg_orders_status__completed__pending__cancelled.55410e9790'
[0m15:04:06.610294 [debug] [Thread-3 (]: Acquiring new postgres connection 'test.dbt_project.not_null_brnz_customers_customer_id.b4d91ba4e5'
[0m15:04:06.611294 [debug] [Thread-4 (]: Acquiring new postgres connection 'test.dbt_project.not_null_brnz_orders_customer_id.a7693da971'
[0m15:04:06.611294 [debug] [Thread-1 (]: Began compiling node test.dbt_project.accepted_values_customer_metrics_customer_segment__High_Value__Medium_Value__Low_Value.b79332e10e
[0m15:04:06.612301 [debug] [Thread-2 (]: Began compiling node test.dbt_project.accepted_values_stg_orders_status__completed__pending__cancelled.55410e9790
[0m15:04:06.613287 [debug] [Thread-3 (]: Began compiling node test.dbt_project.not_null_brnz_customers_customer_id.b4d91ba4e5
[0m15:04:06.613287 [debug] [Thread-4 (]: Began compiling node test.dbt_project.not_null_brnz_orders_customer_id.a7693da971
[0m15:04:06.630292 [debug] [Thread-1 (]: Writing injected SQL for node "test.dbt_project.accepted_values_customer_metrics_customer_segment__High_Value__Medium_Value__Low_Value.b79332e10e"
[0m15:04:06.636293 [debug] [Thread-2 (]: Writing injected SQL for node "test.dbt_project.accepted_values_stg_orders_status__completed__pending__cancelled.55410e9790"
[0m15:04:06.645314 [debug] [Thread-3 (]: Writing injected SQL for node "test.dbt_project.not_null_brnz_customers_customer_id.b4d91ba4e5"
[0m15:04:06.651297 [debug] [Thread-4 (]: Writing injected SQL for node "test.dbt_project.not_null_brnz_orders_customer_id.a7693da971"
[0m15:04:06.653297 [debug] [Thread-1 (]: Began executing node test.dbt_project.accepted_values_customer_metrics_customer_segment__High_Value__Medium_Value__Low_Value.b79332e10e
[0m15:04:06.654297 [debug] [Thread-2 (]: Began executing node test.dbt_project.accepted_values_stg_orders_status__completed__pending__cancelled.55410e9790
[0m15:04:06.670315 [debug] [Thread-1 (]: Writing runtime sql for node "test.dbt_project.accepted_values_customer_metrics_customer_segment__High_Value__Medium_Value__Low_Value.b79332e10e"
[0m15:04:06.673300 [debug] [Thread-2 (]: Writing runtime sql for node "test.dbt_project.accepted_values_stg_orders_status__completed__pending__cancelled.55410e9790"
[0m15:04:06.673300 [debug] [Thread-3 (]: Began executing node test.dbt_project.not_null_brnz_customers_customer_id.b4d91ba4e5
[0m15:04:06.674302 [debug] [Thread-4 (]: Began executing node test.dbt_project.not_null_brnz_orders_customer_id.a7693da971
[0m15:04:06.677311 [debug] [Thread-3 (]: Writing runtime sql for node "test.dbt_project.not_null_brnz_customers_customer_id.b4d91ba4e5"
[0m15:04:06.678310 [debug] [Thread-2 (]: Using postgres connection "test.dbt_project.accepted_values_stg_orders_status__completed__pending__cancelled.55410e9790"
[0m15:04:06.679304 [debug] [Thread-1 (]: Using postgres connection "test.dbt_project.accepted_values_customer_metrics_customer_segment__High_Value__Medium_Value__Low_Value.b79332e10e"
[0m15:04:06.682317 [debug] [Thread-4 (]: Writing runtime sql for node "test.dbt_project.not_null_brnz_orders_customer_id.a7693da971"
[0m15:04:06.684305 [debug] [Thread-2 (]: On test.dbt_project.accepted_values_stg_orders_status__completed__pending__cancelled.55410e9790: BEGIN
[0m15:04:06.684305 [debug] [Thread-1 (]: On test.dbt_project.accepted_values_customer_metrics_customer_segment__High_Value__Medium_Value__Low_Value.b79332e10e: BEGIN
[0m15:04:06.685307 [debug] [Thread-3 (]: Using postgres connection "test.dbt_project.not_null_brnz_customers_customer_id.b4d91ba4e5"
[0m15:04:06.686305 [debug] [Thread-2 (]: Opening a new connection, currently in state init
[0m15:04:06.686305 [debug] [Thread-1 (]: Opening a new connection, currently in state init
[0m15:04:06.687303 [debug] [Thread-4 (]: Using postgres connection "test.dbt_project.not_null_brnz_orders_customer_id.a7693da971"
[0m15:04:06.687303 [debug] [Thread-3 (]: On test.dbt_project.not_null_brnz_customers_customer_id.b4d91ba4e5: BEGIN
[0m15:04:06.689312 [debug] [Thread-4 (]: On test.dbt_project.not_null_brnz_orders_customer_id.a7693da971: BEGIN
[0m15:04:06.689312 [debug] [Thread-3 (]: Opening a new connection, currently in state init
[0m15:04:06.690306 [debug] [Thread-4 (]: Opening a new connection, currently in state init
[0m15:04:06.721311 [debug] [Thread-1 (]: SQL status: BEGIN in 0.034 seconds
[0m15:04:06.722311 [debug] [Thread-1 (]: Using postgres connection "test.dbt_project.accepted_values_customer_metrics_customer_segment__High_Value__Medium_Value__Low_Value.b79332e10e"
[0m15:04:06.722311 [debug] [Thread-1 (]: On test.dbt_project.accepted_values_customer_metrics_customer_segment__High_Value__Medium_Value__Low_Value.b79332e10e: /* {"app": "dbt", "dbt_version": "1.10.8", "profile_name": "dbt_project", "target_name": "dev", "node_id": "test.dbt_project.accepted_values_customer_metrics_customer_segment__High_Value__Medium_Value__Low_Value.b79332e10e"} */

    select
      count(*) as failures,
      count(*) != 0 as should_warn,
      count(*) != 0 as should_error
    from (
      
    
  
    
    

with all_values as (

    select
        customer_segment as value_field,
        count(*) as n_records

    from "dbt_project".public.customer_metrics
    group by customer_segment

)

select *
from all_values
where value_field not in (
    'High-Value','Medium-Value','Low-Value'
)



  
  
      
    ) dbt_internal_test
[0m15:04:06.725314 [debug] [Thread-1 (]: SQL status: SELECT 1 in 0.002 seconds
[0m15:04:06.731314 [debug] [Thread-1 (]: On test.dbt_project.accepted_values_customer_metrics_customer_segment__High_Value__Medium_Value__Low_Value.b79332e10e: ROLLBACK
[0m15:04:06.732316 [debug] [Thread-1 (]: On test.dbt_project.accepted_values_customer_metrics_customer_segment__High_Value__Medium_Value__Low_Value.b79332e10e: Close
[0m15:04:06.733316 [debug] [Thread-2 (]: SQL status: BEGIN in 0.047 seconds
[0m15:04:06.734317 [info ] [Thread-1 (]: 1 of 26 PASS accepted_values_customer_metrics_customer_segment__High_Value__Medium_Value__Low_Value  [[32mPASS[0m in 0.13s]
[0m15:04:06.735316 [debug] [Thread-2 (]: Using postgres connection "test.dbt_project.accepted_values_stg_orders_status__completed__pending__cancelled.55410e9790"
[0m15:04:06.736317 [debug] [Thread-1 (]: Finished running node test.dbt_project.accepted_values_customer_metrics_customer_segment__High_Value__Medium_Value__Low_Value.b79332e10e
[0m15:04:06.737315 [debug] [Thread-2 (]: On test.dbt_project.accepted_values_stg_orders_status__completed__pending__cancelled.55410e9790: /* {"app": "dbt", "dbt_version": "1.10.8", "profile_name": "dbt_project", "target_name": "dev", "node_id": "test.dbt_project.accepted_values_stg_orders_status__completed__pending__cancelled.55410e9790"} */

    select
      count(*) as failures,
      count(*) != 0 as should_warn,
      count(*) != 0 as should_error
    from (
      
    
  
    
    

with all_values as (

    select
        status as value_field,
        count(*) as n_records

    from "dbt_project".public.stg_orders
    group by status

)

select *
from all_values
where value_field not in (
    'completed','pending','cancelled'
)



  
  
      
    ) dbt_internal_test
[0m15:04:06.737315 [debug] [Thread-4 (]: SQL status: BEGIN in 0.047 seconds
[0m15:04:06.738316 [debug] [Thread-1 (]: Began running node test.dbt_project.not_null_brnz_orders_order_id.2e8ed23d30
[0m15:04:06.739315 [debug] [Thread-4 (]: Using postgres connection "test.dbt_project.not_null_brnz_orders_customer_id.a7693da971"
[0m15:04:06.739315 [info ] [Thread-1 (]: 5 of 26 START test not_null_brnz_orders_order_id ............................... [RUN]
[0m15:04:06.740316 [debug] [Thread-4 (]: On test.dbt_project.not_null_brnz_orders_customer_id.a7693da971: /* {"app": "dbt", "dbt_version": "1.10.8", "profile_name": "dbt_project", "target_name": "dev", "node_id": "test.dbt_project.not_null_brnz_orders_customer_id.a7693da971"} */

    select
      count(*) as failures,
      count(*) != 0 as should_warn,
      count(*) != 0 as should_error
    from (
      
    
  
    
    



select customer_id
from "dbt_project".public.brnz_orders
where customer_id is null



  
  
      
    ) dbt_internal_test
[0m15:04:06.741317 [debug] [Thread-1 (]: Re-using an available connection from the pool (formerly test.dbt_project.accepted_values_customer_metrics_customer_segment__High_Value__Medium_Value__Low_Value.b79332e10e, now test.dbt_project.not_null_brnz_orders_order_id.2e8ed23d30)
[0m15:04:06.741317 [debug] [Thread-2 (]: SQL status: SELECT 1 in 0.003 seconds
[0m15:04:06.742319 [debug] [Thread-1 (]: Began compiling node test.dbt_project.not_null_brnz_orders_order_id.2e8ed23d30
[0m15:04:06.744317 [debug] [Thread-2 (]: On test.dbt_project.accepted_values_stg_orders_status__completed__pending__cancelled.55410e9790: ROLLBACK
[0m15:04:06.745319 [debug] [Thread-4 (]: SQL status: SELECT 1 in 0.003 seconds
[0m15:04:06.750320 [debug] [Thread-1 (]: Writing injected SQL for node "test.dbt_project.not_null_brnz_orders_order_id.2e8ed23d30"
[0m15:04:06.751320 [debug] [Thread-2 (]: On test.dbt_project.accepted_values_stg_orders_status__completed__pending__cancelled.55410e9790: Close
[0m15:04:06.752318 [debug] [Thread-4 (]: On test.dbt_project.not_null_brnz_orders_customer_id.a7693da971: ROLLBACK
[0m15:04:06.754320 [info ] [Thread-2 (]: 2 of 26 PASS accepted_values_stg_orders_status__completed__pending__cancelled .. [[32mPASS[0m in 0.14s]
[0m15:04:06.755322 [debug] [Thread-1 (]: Began executing node test.dbt_project.not_null_brnz_orders_order_id.2e8ed23d30
[0m15:04:06.755322 [debug] [Thread-4 (]: On test.dbt_project.not_null_brnz_orders_customer_id.a7693da971: Close
[0m15:04:06.756321 [debug] [Thread-2 (]: Finished running node test.dbt_project.accepted_values_stg_orders_status__completed__pending__cancelled.55410e9790
[0m15:04:06.758320 [debug] [Thread-1 (]: Writing runtime sql for node "test.dbt_project.not_null_brnz_orders_order_id.2e8ed23d30"
[0m15:04:06.760323 [info ] [Thread-4 (]: 4 of 26 PASS not_null_brnz_orders_customer_id .................................. [[32mPASS[0m in 0.15s]
[0m15:04:06.761322 [debug] [Thread-2 (]: Began running node test.dbt_project.not_null_customer_metrics_completed_orders.67267ba6bb
[0m15:04:06.762322 [debug] [Thread-4 (]: Finished running node test.dbt_project.not_null_brnz_orders_customer_id.a7693da971
[0m15:04:06.763323 [debug] [Thread-1 (]: Using postgres connection "test.dbt_project.not_null_brnz_orders_order_id.2e8ed23d30"
[0m15:04:06.763323 [info ] [Thread-2 (]: 6 of 26 START test not_null_customer_metrics_completed_orders .................. [RUN]
[0m15:04:06.764323 [debug] [Thread-4 (]: Began running node test.dbt_project.not_null_customer_metrics_customer_id.e9f6122c87
[0m15:04:06.765323 [debug] [Thread-1 (]: On test.dbt_project.not_null_brnz_orders_order_id.2e8ed23d30: BEGIN
[0m15:04:06.765323 [debug] [Thread-2 (]: Re-using an available connection from the pool (formerly test.dbt_project.accepted_values_stg_orders_status__completed__pending__cancelled.55410e9790, now test.dbt_project.not_null_customer_metrics_completed_orders.67267ba6bb)
[0m15:04:06.766323 [info ] [Thread-4 (]: 7 of 26 START test not_null_customer_metrics_customer_id ....................... [RUN]
[0m15:04:06.767322 [debug] [Thread-1 (]: Opening a new connection, currently in state closed
[0m15:04:06.767322 [debug] [Thread-2 (]: Began compiling node test.dbt_project.not_null_customer_metrics_completed_orders.67267ba6bb
[0m15:04:06.768323 [debug] [Thread-4 (]: Re-using an available connection from the pool (formerly test.dbt_project.not_null_brnz_orders_customer_id.a7693da971, now test.dbt_project.not_null_customer_metrics_customer_id.e9f6122c87)
[0m15:04:06.773324 [debug] [Thread-2 (]: Writing injected SQL for node "test.dbt_project.not_null_customer_metrics_completed_orders.67267ba6bb"
[0m15:04:06.774325 [debug] [Thread-4 (]: Began compiling node test.dbt_project.not_null_customer_metrics_customer_id.e9f6122c87
[0m15:04:06.780325 [debug] [Thread-4 (]: Writing injected SQL for node "test.dbt_project.not_null_customer_metrics_customer_id.e9f6122c87"
[0m15:04:06.780325 [debug] [Thread-2 (]: Began executing node test.dbt_project.not_null_customer_metrics_completed_orders.67267ba6bb
[0m15:04:06.783326 [debug] [Thread-2 (]: Writing runtime sql for node "test.dbt_project.not_null_customer_metrics_completed_orders.67267ba6bb"
[0m15:04:06.784326 [debug] [Thread-4 (]: Began executing node test.dbt_project.not_null_customer_metrics_customer_id.e9f6122c87
[0m15:04:06.787328 [debug] [Thread-4 (]: Writing runtime sql for node "test.dbt_project.not_null_customer_metrics_customer_id.e9f6122c87"
[0m15:04:06.788328 [debug] [Thread-2 (]: Using postgres connection "test.dbt_project.not_null_customer_metrics_completed_orders.67267ba6bb"
[0m15:04:06.789328 [debug] [Thread-2 (]: On test.dbt_project.not_null_customer_metrics_completed_orders.67267ba6bb: BEGIN
[0m15:04:06.790329 [debug] [Thread-4 (]: Using postgres connection "test.dbt_project.not_null_customer_metrics_customer_id.e9f6122c87"
[0m15:04:06.790329 [debug] [Thread-2 (]: Opening a new connection, currently in state closed
[0m15:04:06.791329 [debug] [Thread-4 (]: On test.dbt_project.not_null_customer_metrics_customer_id.e9f6122c87: BEGIN
[0m15:04:06.792329 [debug] [Thread-4 (]: Opening a new connection, currently in state closed
[0m15:04:06.804336 [debug] [Thread-1 (]: SQL status: BEGIN in 0.037 seconds
[0m15:04:06.805336 [debug] [Thread-1 (]: Using postgres connection "test.dbt_project.not_null_brnz_orders_order_id.2e8ed23d30"
[0m15:04:06.805336 [debug] [Thread-1 (]: On test.dbt_project.not_null_brnz_orders_order_id.2e8ed23d30: /* {"app": "dbt", "dbt_version": "1.10.8", "profile_name": "dbt_project", "target_name": "dev", "node_id": "test.dbt_project.not_null_brnz_orders_order_id.2e8ed23d30"} */

    select
      count(*) as failures,
      count(*) != 0 as should_warn,
      count(*) != 0 as should_error
    from (
      
    
  
    
    



select order_id
from "dbt_project".public.brnz_orders
where order_id is null



  
  
      
    ) dbt_internal_test
[0m15:04:06.807336 [debug] [Thread-1 (]: SQL status: SELECT 1 in 0.001 seconds
[0m15:04:06.809336 [debug] [Thread-1 (]: On test.dbt_project.not_null_brnz_orders_order_id.2e8ed23d30: ROLLBACK
[0m15:04:06.810337 [debug] [Thread-1 (]: On test.dbt_project.not_null_brnz_orders_order_id.2e8ed23d30: Close
[0m15:04:06.811339 [info ] [Thread-1 (]: 5 of 26 PASS not_null_brnz_orders_order_id ..................................... [[32mPASS[0m in 0.07s]
[0m15:04:06.812338 [debug] [Thread-1 (]: Finished running node test.dbt_project.not_null_brnz_orders_order_id.2e8ed23d30
[0m15:04:06.813338 [debug] [Thread-1 (]: Began running node test.dbt_project.not_null_customer_metrics_customer_lifetime_value.06f78010af
[0m15:04:06.814338 [info ] [Thread-1 (]: 8 of 26 START test not_null_customer_metrics_customer_lifetime_value ........... [RUN]
[0m15:04:06.815339 [debug] [Thread-1 (]: Re-using an available connection from the pool (formerly test.dbt_project.not_null_brnz_orders_order_id.2e8ed23d30, now test.dbt_project.not_null_customer_metrics_customer_lifetime_value.06f78010af)
[0m15:04:06.816340 [debug] [Thread-1 (]: Began compiling node test.dbt_project.not_null_customer_metrics_customer_lifetime_value.06f78010af
[0m15:04:06.822341 [debug] [Thread-1 (]: Writing injected SQL for node "test.dbt_project.not_null_customer_metrics_customer_lifetime_value.06f78010af"
[0m15:04:06.823339 [debug] [Thread-1 (]: Began executing node test.dbt_project.not_null_customer_metrics_customer_lifetime_value.06f78010af
[0m15:04:06.826340 [debug] [Thread-1 (]: Writing runtime sql for node "test.dbt_project.not_null_customer_metrics_customer_lifetime_value.06f78010af"
[0m15:04:06.827340 [debug] [Thread-2 (]: SQL status: BEGIN in 0.037 seconds
[0m15:04:06.828342 [debug] [Thread-2 (]: Using postgres connection "test.dbt_project.not_null_customer_metrics_completed_orders.67267ba6bb"
[0m15:04:06.829343 [debug] [Thread-1 (]: Using postgres connection "test.dbt_project.not_null_customer_metrics_customer_lifetime_value.06f78010af"
[0m15:04:06.830342 [debug] [Thread-2 (]: On test.dbt_project.not_null_customer_metrics_completed_orders.67267ba6bb: /* {"app": "dbt", "dbt_version": "1.10.8", "profile_name": "dbt_project", "target_name": "dev", "node_id": "test.dbt_project.not_null_customer_metrics_completed_orders.67267ba6bb"} */

    select
      count(*) as failures,
      count(*) != 0 as should_warn,
      count(*) != 0 as should_error
    from (
      
    
  
    
    



select completed_orders
from "dbt_project".public.customer_metrics
where completed_orders is null



  
  
      
    ) dbt_internal_test
[0m15:04:06.830342 [debug] [Thread-1 (]: On test.dbt_project.not_null_customer_metrics_customer_lifetime_value.06f78010af: BEGIN
[0m15:04:06.831342 [debug] [Thread-4 (]: SQL status: BEGIN in 0.039 seconds
[0m15:04:06.832341 [debug] [Thread-1 (]: Opening a new connection, currently in state closed
[0m15:04:06.832341 [debug] [Thread-4 (]: Using postgres connection "test.dbt_project.not_null_customer_metrics_customer_id.e9f6122c87"
[0m15:04:06.833342 [debug] [Thread-2 (]: SQL status: SELECT 1 in 0.001 seconds
[0m15:04:06.834341 [debug] [Thread-4 (]: On test.dbt_project.not_null_customer_metrics_customer_id.e9f6122c87: /* {"app": "dbt", "dbt_version": "1.10.8", "profile_name": "dbt_project", "target_name": "dev", "node_id": "test.dbt_project.not_null_customer_metrics_customer_id.e9f6122c87"} */

    select
      count(*) as failures,
      count(*) != 0 as should_warn,
      count(*) != 0 as should_error
    from (
      
    
  
    
    



select customer_id
from "dbt_project".public.customer_metrics
where customer_id is null



  
  
      
    ) dbt_internal_test
[0m15:04:06.835343 [debug] [Thread-2 (]: On test.dbt_project.not_null_customer_metrics_completed_orders.67267ba6bb: ROLLBACK
[0m15:04:06.837344 [debug] [Thread-2 (]: On test.dbt_project.not_null_customer_metrics_completed_orders.67267ba6bb: Close
[0m15:04:06.838346 [debug] [Thread-4 (]: SQL status: SELECT 1 in 0.002 seconds
[0m15:04:06.840346 [debug] [Thread-3 (]: SQL status: BEGIN in 0.150 seconds
[0m15:04:06.839344 [info ] [Thread-2 (]: 6 of 26 PASS not_null_customer_metrics_completed_orders ........................ [[32mPASS[0m in 0.07s]
[0m15:04:06.842345 [debug] [Thread-4 (]: On test.dbt_project.not_null_customer_metrics_customer_id.e9f6122c87: ROLLBACK
[0m15:04:06.842345 [debug] [Thread-3 (]: Using postgres connection "test.dbt_project.not_null_brnz_customers_customer_id.b4d91ba4e5"
[0m15:04:06.844347 [debug] [Thread-2 (]: Finished running node test.dbt_project.not_null_customer_metrics_completed_orders.67267ba6bb
[0m15:04:06.845346 [debug] [Thread-4 (]: On test.dbt_project.not_null_customer_metrics_customer_id.e9f6122c87: Close
[0m15:04:06.845346 [debug] [Thread-3 (]: On test.dbt_project.not_null_brnz_customers_customer_id.b4d91ba4e5: /* {"app": "dbt", "dbt_version": "1.10.8", "profile_name": "dbt_project", "target_name": "dev", "node_id": "test.dbt_project.not_null_brnz_customers_customer_id.b4d91ba4e5"} */

    select
      count(*) as failures,
      count(*) != 0 as should_warn,
      count(*) != 0 as should_error
    from (
      
    
  
    
    



select customer_id
from "dbt_project".public.brnz_customers
where customer_id is null



  
  
      
    ) dbt_internal_test
[0m15:04:06.846346 [debug] [Thread-2 (]: Began running node test.dbt_project.not_null_customer_metrics_customer_segment.26106bb21b
[0m15:04:06.847348 [info ] [Thread-4 (]: 7 of 26 PASS not_null_customer_metrics_customer_id ............................. [[32mPASS[0m in 0.08s]
[0m15:04:06.849348 [info ] [Thread-2 (]: 9 of 26 START test not_null_customer_metrics_customer_segment .................. [RUN]
[0m15:04:06.850347 [debug] [Thread-3 (]: SQL status: SELECT 1 in 0.002 seconds
[0m15:04:06.851346 [debug] [Thread-4 (]: Finished running node test.dbt_project.not_null_customer_metrics_customer_id.e9f6122c87
[0m15:04:06.852347 [debug] [Thread-2 (]: Re-using an available connection from the pool (formerly test.dbt_project.not_null_customer_metrics_completed_orders.67267ba6bb, now test.dbt_project.not_null_customer_metrics_customer_segment.26106bb21b)
[0m15:04:06.853348 [debug] [Thread-3 (]: On test.dbt_project.not_null_brnz_customers_customer_id.b4d91ba4e5: ROLLBACK
[0m15:04:06.854349 [debug] [Thread-4 (]: Began running node test.dbt_project.not_null_customer_metrics_total_orders.70989cf36e
[0m15:04:06.855348 [debug] [Thread-2 (]: Began compiling node test.dbt_project.not_null_customer_metrics_customer_segment.26106bb21b
[0m15:04:06.856348 [debug] [Thread-3 (]: On test.dbt_project.not_null_brnz_customers_customer_id.b4d91ba4e5: Close
[0m15:04:06.857348 [info ] [Thread-4 (]: 10 of 26 START test not_null_customer_metrics_total_orders ..................... [RUN]
[0m15:04:06.861349 [debug] [Thread-2 (]: Writing injected SQL for node "test.dbt_project.not_null_customer_metrics_customer_segment.26106bb21b"
[0m15:04:06.862349 [info ] [Thread-3 (]: 3 of 26 PASS not_null_brnz_customers_customer_id ............................... [[32mPASS[0m in 0.25s]
[0m15:04:06.863351 [debug] [Thread-4 (]: Re-using an available connection from the pool (formerly test.dbt_project.not_null_customer_metrics_customer_id.e9f6122c87, now test.dbt_project.not_null_customer_metrics_total_orders.70989cf36e)
[0m15:04:06.864352 [debug] [Thread-3 (]: Finished running node test.dbt_project.not_null_brnz_customers_customer_id.b4d91ba4e5
[0m15:04:06.865351 [debug] [Thread-4 (]: Began compiling node test.dbt_project.not_null_customer_metrics_total_orders.70989cf36e
[0m15:04:06.866350 [debug] [Thread-2 (]: Began executing node test.dbt_project.not_null_customer_metrics_customer_segment.26106bb21b
[0m15:04:06.866350 [debug] [Thread-3 (]: Began running node test.dbt_project.not_null_customer_metrics_total_revenue.08df7b5d70
[0m15:04:06.871354 [debug] [Thread-4 (]: Writing injected SQL for node "test.dbt_project.not_null_customer_metrics_total_orders.70989cf36e"
[0m15:04:06.874351 [debug] [Thread-2 (]: Writing runtime sql for node "test.dbt_project.not_null_customer_metrics_customer_segment.26106bb21b"
[0m15:04:06.874351 [debug] [Thread-1 (]: SQL status: BEGIN in 0.043 seconds
[0m15:04:06.875351 [info ] [Thread-3 (]: 11 of 26 START test not_null_customer_metrics_total_revenue .................... [RUN]
[0m15:04:06.877353 [debug] [Thread-1 (]: Using postgres connection "test.dbt_project.not_null_customer_metrics_customer_lifetime_value.06f78010af"
[0m15:04:06.877353 [debug] [Thread-4 (]: Began executing node test.dbt_project.not_null_customer_metrics_total_orders.70989cf36e
[0m15:04:06.878353 [debug] [Thread-3 (]: Re-using an available connection from the pool (formerly test.dbt_project.not_null_brnz_customers_customer_id.b4d91ba4e5, now test.dbt_project.not_null_customer_metrics_total_revenue.08df7b5d70)
[0m15:04:06.879353 [debug] [Thread-2 (]: Using postgres connection "test.dbt_project.not_null_customer_metrics_customer_segment.26106bb21b"
[0m15:04:06.880353 [debug] [Thread-1 (]: On test.dbt_project.not_null_customer_metrics_customer_lifetime_value.06f78010af: /* {"app": "dbt", "dbt_version": "1.10.8", "profile_name": "dbt_project", "target_name": "dev", "node_id": "test.dbt_project.not_null_customer_metrics_customer_lifetime_value.06f78010af"} */

    select
      count(*) as failures,
      count(*) != 0 as should_warn,
      count(*) != 0 as should_error
    from (
      
    
  
    
    



select customer_lifetime_value
from "dbt_project".public.customer_metrics
where customer_lifetime_value is null



  
  
      
    ) dbt_internal_test
[0m15:04:06.883353 [debug] [Thread-4 (]: Writing runtime sql for node "test.dbt_project.not_null_customer_metrics_total_orders.70989cf36e"
[0m15:04:06.884356 [debug] [Thread-3 (]: Began compiling node test.dbt_project.not_null_customer_metrics_total_revenue.08df7b5d70
[0m15:04:06.885353 [debug] [Thread-2 (]: On test.dbt_project.not_null_customer_metrics_customer_segment.26106bb21b: BEGIN
[0m15:04:06.890355 [debug] [Thread-3 (]: Writing injected SQL for node "test.dbt_project.not_null_customer_metrics_total_revenue.08df7b5d70"
[0m15:04:06.891357 [debug] [Thread-1 (]: SQL status: SELECT 1 in 0.005 seconds
[0m15:04:06.892356 [debug] [Thread-2 (]: Opening a new connection, currently in state closed
[0m15:04:06.892356 [debug] [Thread-4 (]: Using postgres connection "test.dbt_project.not_null_customer_metrics_total_orders.70989cf36e"
[0m15:04:06.895356 [debug] [Thread-1 (]: On test.dbt_project.not_null_customer_metrics_customer_lifetime_value.06f78010af: ROLLBACK
[0m15:04:06.896355 [debug] [Thread-3 (]: Began executing node test.dbt_project.not_null_customer_metrics_total_revenue.08df7b5d70
[0m15:04:06.897358 [debug] [Thread-4 (]: On test.dbt_project.not_null_customer_metrics_total_orders.70989cf36e: BEGIN
[0m15:04:06.898358 [debug] [Thread-1 (]: On test.dbt_project.not_null_customer_metrics_customer_lifetime_value.06f78010af: Close
[0m15:04:06.901359 [debug] [Thread-3 (]: Writing runtime sql for node "test.dbt_project.not_null_customer_metrics_total_revenue.08df7b5d70"
[0m15:04:06.902358 [debug] [Thread-4 (]: Opening a new connection, currently in state closed
[0m15:04:06.903359 [info ] [Thread-1 (]: 8 of 26 PASS not_null_customer_metrics_customer_lifetime_value ................. [[32mPASS[0m in 0.09s]
[0m15:04:06.905359 [debug] [Thread-1 (]: Finished running node test.dbt_project.not_null_customer_metrics_customer_lifetime_value.06f78010af
[0m15:04:06.906359 [debug] [Thread-3 (]: Using postgres connection "test.dbt_project.not_null_customer_metrics_total_revenue.08df7b5d70"
[0m15:04:06.907360 [debug] [Thread-1 (]: Began running node test.dbt_project.not_null_stg_customers_customer_id.e2cfb1f9aa
[0m15:04:06.907360 [debug] [Thread-3 (]: On test.dbt_project.not_null_customer_metrics_total_revenue.08df7b5d70: BEGIN
[0m15:04:06.908361 [info ] [Thread-1 (]: 12 of 26 START test not_null_stg_customers_customer_id ......................... [RUN]
[0m15:04:06.909361 [debug] [Thread-3 (]: Opening a new connection, currently in state closed
[0m15:04:06.910362 [debug] [Thread-1 (]: Re-using an available connection from the pool (formerly test.dbt_project.not_null_customer_metrics_customer_lifetime_value.06f78010af, now test.dbt_project.not_null_stg_customers_customer_id.e2cfb1f9aa)
[0m15:04:06.912361 [debug] [Thread-1 (]: Began compiling node test.dbt_project.not_null_stg_customers_customer_id.e2cfb1f9aa
[0m15:04:06.918362 [debug] [Thread-1 (]: Writing injected SQL for node "test.dbt_project.not_null_stg_customers_customer_id.e2cfb1f9aa"
[0m15:04:06.920363 [debug] [Thread-1 (]: Began executing node test.dbt_project.not_null_stg_customers_customer_id.e2cfb1f9aa
[0m15:04:06.923363 [debug] [Thread-1 (]: Writing runtime sql for node "test.dbt_project.not_null_stg_customers_customer_id.e2cfb1f9aa"
[0m15:04:06.925365 [debug] [Thread-1 (]: Using postgres connection "test.dbt_project.not_null_stg_customers_customer_id.e2cfb1f9aa"
[0m15:04:06.926363 [debug] [Thread-1 (]: On test.dbt_project.not_null_stg_customers_customer_id.e2cfb1f9aa: BEGIN
[0m15:04:06.927363 [debug] [Thread-1 (]: Opening a new connection, currently in state closed
[0m15:04:06.935366 [debug] [Thread-2 (]: SQL status: BEGIN in 0.043 seconds
[0m15:04:06.936366 [debug] [Thread-2 (]: Using postgres connection "test.dbt_project.not_null_customer_metrics_customer_segment.26106bb21b"
[0m15:04:06.937366 [debug] [Thread-2 (]: On test.dbt_project.not_null_customer_metrics_customer_segment.26106bb21b: /* {"app": "dbt", "dbt_version": "1.10.8", "profile_name": "dbt_project", "target_name": "dev", "node_id": "test.dbt_project.not_null_customer_metrics_customer_segment.26106bb21b"} */

    select
      count(*) as failures,
      count(*) != 0 as should_warn,
      count(*) != 0 as should_error
    from (
      
    
  
    
    



select customer_segment
from "dbt_project".public.customer_metrics
where customer_segment is null



  
  
      
    ) dbt_internal_test
[0m15:04:06.939367 [debug] [Thread-2 (]: SQL status: SELECT 1 in 0.001 seconds
[0m15:04:06.941368 [debug] [Thread-2 (]: On test.dbt_project.not_null_customer_metrics_customer_segment.26106bb21b: ROLLBACK
[0m15:04:06.942367 [debug] [Thread-2 (]: On test.dbt_project.not_null_customer_metrics_customer_segment.26106bb21b: Close
[0m15:04:06.943368 [info ] [Thread-2 (]: 9 of 26 PASS not_null_customer_metrics_customer_segment ........................ [[32mPASS[0m in 0.09s]
[0m15:04:06.944368 [debug] [Thread-2 (]: Finished running node test.dbt_project.not_null_customer_metrics_customer_segment.26106bb21b
[0m15:04:06.945368 [debug] [Thread-4 (]: SQL status: BEGIN in 0.043 seconds
[0m15:04:06.945368 [debug] [Thread-2 (]: Began running node test.dbt_project.not_null_stg_customers_customer_name.5c92a78a60
[0m15:04:06.946367 [debug] [Thread-4 (]: Using postgres connection "test.dbt_project.not_null_customer_metrics_total_orders.70989cf36e"
[0m15:04:06.947368 [info ] [Thread-2 (]: 13 of 26 START test not_null_stg_customers_customer_name ....................... [RUN]
[0m15:04:06.948370 [debug] [Thread-4 (]: On test.dbt_project.not_null_customer_metrics_total_orders.70989cf36e: /* {"app": "dbt", "dbt_version": "1.10.8", "profile_name": "dbt_project", "target_name": "dev", "node_id": "test.dbt_project.not_null_customer_metrics_total_orders.70989cf36e"} */

    select
      count(*) as failures,
      count(*) != 0 as should_warn,
      count(*) != 0 as should_error
    from (
      
    
  
    
    



select total_orders
from "dbt_project".public.customer_metrics
where total_orders is null



  
  
      
    ) dbt_internal_test
[0m15:04:06.949370 [debug] [Thread-2 (]: Re-using an available connection from the pool (formerly test.dbt_project.not_null_customer_metrics_customer_segment.26106bb21b, now test.dbt_project.not_null_stg_customers_customer_name.5c92a78a60)
[0m15:04:06.950368 [debug] [Thread-2 (]: Began compiling node test.dbt_project.not_null_stg_customers_customer_name.5c92a78a60
[0m15:04:06.950368 [debug] [Thread-3 (]: SQL status: BEGIN in 0.041 seconds
[0m15:04:06.954369 [debug] [Thread-2 (]: Writing injected SQL for node "test.dbt_project.not_null_stg_customers_customer_name.5c92a78a60"
[0m15:04:06.954369 [debug] [Thread-4 (]: SQL status: SELECT 1 in 0.005 seconds
[0m15:04:06.955370 [debug] [Thread-3 (]: Using postgres connection "test.dbt_project.not_null_customer_metrics_total_revenue.08df7b5d70"
[0m15:04:06.957372 [debug] [Thread-4 (]: On test.dbt_project.not_null_customer_metrics_total_orders.70989cf36e: ROLLBACK
[0m15:04:06.958371 [debug] [Thread-2 (]: Began executing node test.dbt_project.not_null_stg_customers_customer_name.5c92a78a60
[0m15:04:06.959373 [debug] [Thread-3 (]: On test.dbt_project.not_null_customer_metrics_total_revenue.08df7b5d70: /* {"app": "dbt", "dbt_version": "1.10.8", "profile_name": "dbt_project", "target_name": "dev", "node_id": "test.dbt_project.not_null_customer_metrics_total_revenue.08df7b5d70"} */

    select
      count(*) as failures,
      count(*) != 0 as should_warn,
      count(*) != 0 as should_error
    from (
      
    
  
    
    



select total_revenue
from "dbt_project".public.customer_metrics
where total_revenue is null



  
  
      
    ) dbt_internal_test
[0m15:04:06.959373 [debug] [Thread-4 (]: On test.dbt_project.not_null_customer_metrics_total_orders.70989cf36e: Close
[0m15:04:06.964373 [debug] [Thread-2 (]: Writing runtime sql for node "test.dbt_project.not_null_stg_customers_customer_name.5c92a78a60"
[0m15:04:06.965372 [debug] [Thread-1 (]: SQL status: BEGIN in 0.038 seconds
[0m15:04:06.966372 [debug] [Thread-3 (]: SQL status: SELECT 1 in 0.002 seconds
[0m15:04:06.966372 [info ] [Thread-4 (]: 10 of 26 PASS not_null_customer_metrics_total_orders ........................... [[32mPASS[0m in 0.10s]
[0m15:04:06.968374 [debug] [Thread-1 (]: Using postgres connection "test.dbt_project.not_null_stg_customers_customer_id.e2cfb1f9aa"
[0m15:04:06.970373 [debug] [Thread-3 (]: On test.dbt_project.not_null_customer_metrics_total_revenue.08df7b5d70: ROLLBACK
[0m15:04:06.970373 [debug] [Thread-2 (]: Using postgres connection "test.dbt_project.not_null_stg_customers_customer_name.5c92a78a60"
[0m15:04:06.971374 [debug] [Thread-4 (]: Finished running node test.dbt_project.not_null_customer_metrics_total_orders.70989cf36e
[0m15:04:06.972373 [debug] [Thread-1 (]: On test.dbt_project.not_null_stg_customers_customer_id.e2cfb1f9aa: /* {"app": "dbt", "dbt_version": "1.10.8", "profile_name": "dbt_project", "target_name": "dev", "node_id": "test.dbt_project.not_null_stg_customers_customer_id.e2cfb1f9aa"} */

    select
      count(*) as failures,
      count(*) != 0 as should_warn,
      count(*) != 0 as should_error
    from (
      
    
  
    
    



select customer_id
from "dbt_project".public.stg_customers
where customer_id is null



  
  
      
    ) dbt_internal_test
[0m15:04:06.972373 [debug] [Thread-3 (]: On test.dbt_project.not_null_customer_metrics_total_revenue.08df7b5d70: Close
[0m15:04:06.973374 [debug] [Thread-2 (]: On test.dbt_project.not_null_stg_customers_customer_name.5c92a78a60: BEGIN
[0m15:04:06.974374 [debug] [Thread-4 (]: Began running node test.dbt_project.not_null_stg_orders_customer_id.af79d5e4b5
[0m15:04:06.975375 [info ] [Thread-3 (]: 11 of 26 PASS not_null_customer_metrics_total_revenue .......................... [[32mPASS[0m in 0.10s]
[0m15:04:06.976375 [debug] [Thread-2 (]: Opening a new connection, currently in state closed
[0m15:04:06.976375 [debug] [Thread-1 (]: SQL status: SELECT 1 in 0.002 seconds
[0m15:04:06.977376 [info ] [Thread-4 (]: 14 of 26 START test not_null_stg_orders_customer_id ............................ [RUN]
[0m15:04:06.978378 [debug] [Thread-3 (]: Finished running node test.dbt_project.not_null_customer_metrics_total_revenue.08df7b5d70
[0m15:04:06.980376 [debug] [Thread-1 (]: On test.dbt_project.not_null_stg_customers_customer_id.e2cfb1f9aa: ROLLBACK
[0m15:04:06.981379 [debug] [Thread-4 (]: Re-using an available connection from the pool (formerly test.dbt_project.not_null_customer_metrics_total_orders.70989cf36e, now test.dbt_project.not_null_stg_orders_customer_id.af79d5e4b5)
[0m15:04:06.982378 [debug] [Thread-3 (]: Began running node test.dbt_project.not_null_stg_orders_order_date.2177a3e8bb
[0m15:04:06.983378 [debug] [Thread-1 (]: On test.dbt_project.not_null_stg_customers_customer_id.e2cfb1f9aa: Close
[0m15:04:06.984377 [debug] [Thread-4 (]: Began compiling node test.dbt_project.not_null_stg_orders_customer_id.af79d5e4b5
[0m15:04:06.984377 [info ] [Thread-3 (]: 15 of 26 START test not_null_stg_orders_order_date ............................. [RUN]
[0m15:04:06.986378 [info ] [Thread-1 (]: 12 of 26 PASS not_null_stg_customers_customer_id ............................... [[32mPASS[0m in 0.08s]
[0m15:04:06.990377 [debug] [Thread-4 (]: Writing injected SQL for node "test.dbt_project.not_null_stg_orders_customer_id.af79d5e4b5"
[0m15:04:06.991378 [debug] [Thread-3 (]: Re-using an available connection from the pool (formerly test.dbt_project.not_null_customer_metrics_total_revenue.08df7b5d70, now test.dbt_project.not_null_stg_orders_order_date.2177a3e8bb)
[0m15:04:06.992379 [debug] [Thread-1 (]: Finished running node test.dbt_project.not_null_stg_customers_customer_id.e2cfb1f9aa
[0m15:04:06.994379 [debug] [Thread-3 (]: Began compiling node test.dbt_project.not_null_stg_orders_order_date.2177a3e8bb
[0m15:04:06.995381 [debug] [Thread-1 (]: Began running node test.dbt_project.not_null_stg_orders_order_id.81cfe2fe64
[0m15:04:06.995381 [debug] [Thread-4 (]: Began executing node test.dbt_project.not_null_stg_orders_customer_id.af79d5e4b5
[0m15:04:07.000381 [debug] [Thread-3 (]: Writing injected SQL for node "test.dbt_project.not_null_stg_orders_order_date.2177a3e8bb"
[0m15:04:07.001381 [info ] [Thread-1 (]: 16 of 26 START test not_null_stg_orders_order_id ............................... [RUN]
[0m15:04:07.004382 [debug] [Thread-4 (]: Writing runtime sql for node "test.dbt_project.not_null_stg_orders_customer_id.af79d5e4b5"
[0m15:04:07.005381 [debug] [Thread-1 (]: Re-using an available connection from the pool (formerly test.dbt_project.not_null_stg_customers_customer_id.e2cfb1f9aa, now test.dbt_project.not_null_stg_orders_order_id.81cfe2fe64)
[0m15:04:07.006384 [debug] [Thread-3 (]: Began executing node test.dbt_project.not_null_stg_orders_order_date.2177a3e8bb
[0m15:04:07.006384 [debug] [Thread-1 (]: Began compiling node test.dbt_project.not_null_stg_orders_order_id.81cfe2fe64
[0m15:04:07.009382 [debug] [Thread-3 (]: Writing runtime sql for node "test.dbt_project.not_null_stg_orders_order_date.2177a3e8bb"
[0m15:04:07.010382 [debug] [Thread-4 (]: Using postgres connection "test.dbt_project.not_null_stg_orders_customer_id.af79d5e4b5"
[0m15:04:07.015383 [debug] [Thread-1 (]: Writing injected SQL for node "test.dbt_project.not_null_stg_orders_order_id.81cfe2fe64"
[0m15:04:07.016384 [debug] [Thread-4 (]: On test.dbt_project.not_null_stg_orders_customer_id.af79d5e4b5: BEGIN
[0m15:04:07.017385 [debug] [Thread-3 (]: Using postgres connection "test.dbt_project.not_null_stg_orders_order_date.2177a3e8bb"
[0m15:04:07.018385 [debug] [Thread-4 (]: Opening a new connection, currently in state closed
[0m15:04:07.018385 [debug] [Thread-3 (]: On test.dbt_project.not_null_stg_orders_order_date.2177a3e8bb: BEGIN
[0m15:04:07.019385 [debug] [Thread-1 (]: Began executing node test.dbt_project.not_null_stg_orders_order_id.81cfe2fe64
[0m15:04:07.020384 [debug] [Thread-3 (]: Opening a new connection, currently in state closed
[0m15:04:07.023385 [debug] [Thread-1 (]: Writing runtime sql for node "test.dbt_project.not_null_stg_orders_order_id.81cfe2fe64"
[0m15:04:07.025386 [debug] [Thread-1 (]: Using postgres connection "test.dbt_project.not_null_stg_orders_order_id.81cfe2fe64"
[0m15:04:07.026388 [debug] [Thread-1 (]: On test.dbt_project.not_null_stg_orders_order_id.81cfe2fe64: BEGIN
[0m15:04:07.027388 [debug] [Thread-1 (]: Opening a new connection, currently in state closed
[0m15:04:07.057393 [debug] [Thread-4 (]: SQL status: BEGIN in 0.040 seconds
[0m15:04:07.058395 [debug] [Thread-4 (]: Using postgres connection "test.dbt_project.not_null_stg_orders_customer_id.af79d5e4b5"
[0m15:04:07.059396 [debug] [Thread-4 (]: On test.dbt_project.not_null_stg_orders_customer_id.af79d5e4b5: /* {"app": "dbt", "dbt_version": "1.10.8", "profile_name": "dbt_project", "target_name": "dev", "node_id": "test.dbt_project.not_null_stg_orders_customer_id.af79d5e4b5"} */

    select
      count(*) as failures,
      count(*) != 0 as should_warn,
      count(*) != 0 as should_error
    from (
      
    
  
    
    



select customer_id
from "dbt_project".public.stg_orders
where customer_id is null



  
  
      
    ) dbt_internal_test
[0m15:04:07.062395 [debug] [Thread-3 (]: SQL status: BEGIN in 0.042 seconds
[0m15:04:07.062395 [debug] [Thread-4 (]: SQL status: SELECT 1 in 0.002 seconds
[0m15:04:07.062395 [debug] [Thread-3 (]: Using postgres connection "test.dbt_project.not_null_stg_orders_order_date.2177a3e8bb"
[0m15:04:07.064395 [debug] [Thread-4 (]: On test.dbt_project.not_null_stg_orders_customer_id.af79d5e4b5: ROLLBACK
[0m15:04:07.065394 [debug] [Thread-3 (]: On test.dbt_project.not_null_stg_orders_order_date.2177a3e8bb: /* {"app": "dbt", "dbt_version": "1.10.8", "profile_name": "dbt_project", "target_name": "dev", "node_id": "test.dbt_project.not_null_stg_orders_order_date.2177a3e8bb"} */

    select
      count(*) as failures,
      count(*) != 0 as should_warn,
      count(*) != 0 as should_error
    from (
      
    
  
    
    



select order_date
from "dbt_project".public.stg_orders
where order_date is null



  
  
      
    ) dbt_internal_test
[0m15:04:07.066396 [debug] [Thread-4 (]: On test.dbt_project.not_null_stg_orders_customer_id.af79d5e4b5: Close
[0m15:04:07.066396 [debug] [Thread-1 (]: SQL status: BEGIN in 0.039 seconds
[0m15:04:07.067396 [info ] [Thread-4 (]: 14 of 26 PASS not_null_stg_orders_customer_id .................................. [[32mPASS[0m in 0.09s]
[0m15:04:07.068397 [debug] [Thread-1 (]: Using postgres connection "test.dbt_project.not_null_stg_orders_order_id.81cfe2fe64"
[0m15:04:07.069396 [debug] [Thread-3 (]: SQL status: SELECT 1 in 0.002 seconds
[0m15:04:07.070396 [debug] [Thread-4 (]: Finished running node test.dbt_project.not_null_stg_orders_customer_id.af79d5e4b5
[0m15:04:07.071395 [debug] [Thread-1 (]: On test.dbt_project.not_null_stg_orders_order_id.81cfe2fe64: /* {"app": "dbt", "dbt_version": "1.10.8", "profile_name": "dbt_project", "target_name": "dev", "node_id": "test.dbt_project.not_null_stg_orders_order_id.81cfe2fe64"} */

    select
      count(*) as failures,
      count(*) != 0 as should_warn,
      count(*) != 0 as should_error
    from (
      
    
  
    
    



select order_id
from "dbt_project".public.stg_orders
where order_id is null



  
  
      
    ) dbt_internal_test
[0m15:04:07.072396 [debug] [Thread-3 (]: On test.dbt_project.not_null_stg_orders_order_date.2177a3e8bb: ROLLBACK
[0m15:04:07.073396 [debug] [Thread-4 (]: Began running node test.dbt_project.relationships_stg_orders_customer_id__customer_id__ref_stg_customers_.430bf21500
[0m15:04:07.074396 [debug] [Thread-3 (]: On test.dbt_project.not_null_stg_orders_order_date.2177a3e8bb: Close
[0m15:04:07.074396 [info ] [Thread-4 (]: 17 of 26 START test relationships_stg_orders_customer_id__customer_id__ref_stg_customers_  [RUN]
[0m15:04:07.076398 [debug] [Thread-1 (]: SQL status: SELECT 1 in 0.002 seconds
[0m15:04:07.075397 [info ] [Thread-3 (]: 15 of 26 PASS not_null_stg_orders_order_date ................................... [[32mPASS[0m in 0.08s]
[0m15:04:07.077398 [debug] [Thread-4 (]: Re-using an available connection from the pool (formerly test.dbt_project.not_null_stg_orders_customer_id.af79d5e4b5, now test.dbt_project.relationships_stg_orders_customer_id__customer_id__ref_stg_customers_.430bf21500)
[0m15:04:07.079397 [debug] [Thread-1 (]: On test.dbt_project.not_null_stg_orders_order_id.81cfe2fe64: ROLLBACK
[0m15:04:07.079397 [debug] [Thread-3 (]: Finished running node test.dbt_project.not_null_stg_orders_order_date.2177a3e8bb
[0m15:04:07.080397 [debug] [Thread-4 (]: Began compiling node test.dbt_project.relationships_stg_orders_customer_id__customer_id__ref_stg_customers_.430bf21500
[0m15:04:07.081398 [debug] [Thread-1 (]: On test.dbt_project.not_null_stg_orders_order_id.81cfe2fe64: Close
[0m15:04:07.081398 [debug] [Thread-3 (]: Began running node test.dbt_project.source_not_null_raw_customers_customer_id.e869432dbb
[0m15:04:07.090401 [debug] [Thread-4 (]: Writing injected SQL for node "test.dbt_project.relationships_stg_orders_customer_id__customer_id__ref_stg_customers_.430bf21500"
[0m15:04:07.091401 [info ] [Thread-1 (]: 16 of 26 PASS not_null_stg_orders_order_id ..................................... [[32mPASS[0m in 0.09s]
[0m15:04:07.092404 [info ] [Thread-3 (]: 18 of 26 START test source_not_null_raw_customers_customer_id .................. [RUN]
[0m15:04:07.093402 [debug] [Thread-1 (]: Finished running node test.dbt_project.not_null_stg_orders_order_id.81cfe2fe64
[0m15:04:07.094404 [debug] [Thread-4 (]: Began executing node test.dbt_project.relationships_stg_orders_customer_id__customer_id__ref_stg_customers_.430bf21500
[0m15:04:07.094404 [debug] [Thread-3 (]: Re-using an available connection from the pool (formerly test.dbt_project.not_null_stg_orders_order_date.2177a3e8bb, now test.dbt_project.source_not_null_raw_customers_customer_id.e869432dbb)
[0m15:04:07.095402 [debug] [Thread-1 (]: Began running node test.dbt_project.source_unique_raw_customers_customer_id.3579d23017
[0m15:04:07.098403 [debug] [Thread-4 (]: Writing runtime sql for node "test.dbt_project.relationships_stg_orders_customer_id__customer_id__ref_stg_customers_.430bf21500"
[0m15:04:07.099403 [debug] [Thread-3 (]: Began compiling node test.dbt_project.source_not_null_raw_customers_customer_id.e869432dbb
[0m15:04:07.100402 [info ] [Thread-1 (]: 19 of 26 START test source_unique_raw_customers_customer_id .................... [RUN]
[0m15:04:07.104403 [debug] [Thread-3 (]: Writing injected SQL for node "test.dbt_project.source_not_null_raw_customers_customer_id.e869432dbb"
[0m15:04:07.105403 [debug] [Thread-1 (]: Re-using an available connection from the pool (formerly test.dbt_project.not_null_stg_orders_order_id.81cfe2fe64, now test.dbt_project.source_unique_raw_customers_customer_id.3579d23017)
[0m15:04:07.106405 [debug] [Thread-4 (]: Using postgres connection "test.dbt_project.relationships_stg_orders_customer_id__customer_id__ref_stg_customers_.430bf21500"
[0m15:04:07.107404 [debug] [Thread-1 (]: Began compiling node test.dbt_project.source_unique_raw_customers_customer_id.3579d23017
[0m15:04:07.108404 [debug] [Thread-4 (]: On test.dbt_project.relationships_stg_orders_customer_id__customer_id__ref_stg_customers_.430bf21500: BEGIN
[0m15:04:07.108404 [debug] [Thread-3 (]: Began executing node test.dbt_project.source_not_null_raw_customers_customer_id.e869432dbb
[0m15:04:07.116405 [debug] [Thread-1 (]: Writing injected SQL for node "test.dbt_project.source_unique_raw_customers_customer_id.3579d23017"
[0m15:04:07.117405 [debug] [Thread-4 (]: Opening a new connection, currently in state closed
[0m15:04:07.121407 [debug] [Thread-3 (]: Writing runtime sql for node "test.dbt_project.source_not_null_raw_customers_customer_id.e869432dbb"
[0m15:04:07.122406 [debug] [Thread-2 (]: SQL status: BEGIN in 0.146 seconds
[0m15:04:07.122406 [debug] [Thread-1 (]: Began executing node test.dbt_project.source_unique_raw_customers_customer_id.3579d23017
[0m15:04:07.123408 [debug] [Thread-2 (]: Using postgres connection "test.dbt_project.not_null_stg_customers_customer_name.5c92a78a60"
[0m15:04:07.126408 [debug] [Thread-1 (]: Writing runtime sql for node "test.dbt_project.source_unique_raw_customers_customer_id.3579d23017"
[0m15:04:07.126408 [debug] [Thread-3 (]: Using postgres connection "test.dbt_project.source_not_null_raw_customers_customer_id.e869432dbb"
[0m15:04:07.127409 [debug] [Thread-2 (]: On test.dbt_project.not_null_stg_customers_customer_name.5c92a78a60: /* {"app": "dbt", "dbt_version": "1.10.8", "profile_name": "dbt_project", "target_name": "dev", "node_id": "test.dbt_project.not_null_stg_customers_customer_name.5c92a78a60"} */

    select
      count(*) as failures,
      count(*) != 0 as should_warn,
      count(*) != 0 as should_error
    from (
      
    
  
    
    



select customer_name
from "dbt_project".public.stg_customers
where customer_name is null



  
  
      
    ) dbt_internal_test
[0m15:04:07.129411 [debug] [Thread-3 (]: On test.dbt_project.source_not_null_raw_customers_customer_id.e869432dbb: BEGIN
[0m15:04:07.130410 [debug] [Thread-1 (]: Using postgres connection "test.dbt_project.source_unique_raw_customers_customer_id.3579d23017"
[0m15:04:07.131410 [debug] [Thread-3 (]: Opening a new connection, currently in state closed
[0m15:04:07.131410 [debug] [Thread-2 (]: SQL status: SELECT 1 in 0.001 seconds
[0m15:04:07.132410 [debug] [Thread-1 (]: On test.dbt_project.source_unique_raw_customers_customer_id.3579d23017: BEGIN
[0m15:04:07.134411 [debug] [Thread-2 (]: On test.dbt_project.not_null_stg_customers_customer_name.5c92a78a60: ROLLBACK
[0m15:04:07.134411 [debug] [Thread-1 (]: Opening a new connection, currently in state closed
[0m15:04:07.135411 [debug] [Thread-2 (]: On test.dbt_project.not_null_stg_customers_customer_name.5c92a78a60: Close
[0m15:04:07.137413 [info ] [Thread-2 (]: 13 of 26 PASS not_null_stg_customers_customer_name ............................. [[32mPASS[0m in 0.19s]
[0m15:04:07.138412 [debug] [Thread-2 (]: Finished running node test.dbt_project.not_null_stg_customers_customer_name.5c92a78a60
[0m15:04:07.139415 [debug] [Thread-2 (]: Began running node test.dbt_project.source_unique_raw_orders_order_id.2e0765462f
[0m15:04:07.140413 [info ] [Thread-2 (]: 20 of 26 START test source_unique_raw_orders_order_id .......................... [RUN]
[0m15:04:07.141413 [debug] [Thread-2 (]: Re-using an available connection from the pool (formerly test.dbt_project.not_null_stg_customers_customer_name.5c92a78a60, now test.dbt_project.source_unique_raw_orders_order_id.2e0765462f)
[0m15:04:07.142412 [debug] [Thread-2 (]: Began compiling node test.dbt_project.source_unique_raw_orders_order_id.2e0765462f
[0m15:04:07.148417 [debug] [Thread-2 (]: Writing injected SQL for node "test.dbt_project.source_unique_raw_orders_order_id.2e0765462f"
[0m15:04:07.150417 [debug] [Thread-2 (]: Began executing node test.dbt_project.source_unique_raw_orders_order_id.2e0765462f
[0m15:04:07.153416 [debug] [Thread-2 (]: Writing runtime sql for node "test.dbt_project.source_unique_raw_orders_order_id.2e0765462f"
[0m15:04:07.155417 [debug] [Thread-2 (]: Using postgres connection "test.dbt_project.source_unique_raw_orders_order_id.2e0765462f"
[0m15:04:07.156418 [debug] [Thread-2 (]: On test.dbt_project.source_unique_raw_orders_order_id.2e0765462f: BEGIN
[0m15:04:07.157417 [debug] [Thread-2 (]: Opening a new connection, currently in state closed
[0m15:04:07.168418 [debug] [Thread-3 (]: SQL status: BEGIN in 0.038 seconds
[0m15:04:07.169417 [debug] [Thread-3 (]: Using postgres connection "test.dbt_project.source_not_null_raw_customers_customer_id.e869432dbb"
[0m15:04:07.170420 [debug] [Thread-3 (]: On test.dbt_project.source_not_null_raw_customers_customer_id.e869432dbb: /* {"app": "dbt", "dbt_version": "1.10.8", "profile_name": "dbt_project", "target_name": "dev", "node_id": "test.dbt_project.source_not_null_raw_customers_customer_id.e869432dbb"} */

    select
      count(*) as failures,
      count(*) != 0 as should_warn,
      count(*) != 0 as should_error
    from (
      
    
  
    
    



select customer_id
from "dbt_project"."public"."customers"
where customer_id is null



  
  
      
    ) dbt_internal_test
[0m15:04:07.173419 [debug] [Thread-3 (]: SQL status: SELECT 1 in 0.002 seconds
[0m15:04:07.174418 [debug] [Thread-3 (]: On test.dbt_project.source_not_null_raw_customers_customer_id.e869432dbb: ROLLBACK
[0m15:04:07.175418 [debug] [Thread-3 (]: On test.dbt_project.source_not_null_raw_customers_customer_id.e869432dbb: Close
[0m15:04:07.176421 [info ] [Thread-3 (]: 18 of 26 PASS source_not_null_raw_customers_customer_id ........................ [[32mPASS[0m in 0.08s]
[0m15:04:07.177421 [debug] [Thread-3 (]: Finished running node test.dbt_project.source_not_null_raw_customers_customer_id.e869432dbb
[0m15:04:07.178420 [debug] [Thread-3 (]: Began running node test.dbt_project.unique_brnz_customers_customer_id.78e1c63f73
[0m15:04:07.179422 [info ] [Thread-3 (]: 21 of 26 START test unique_brnz_customers_customer_id .......................... [RUN]
[0m15:04:07.180422 [debug] [Thread-3 (]: Re-using an available connection from the pool (formerly test.dbt_project.source_not_null_raw_customers_customer_id.e869432dbb, now test.dbt_project.unique_brnz_customers_customer_id.78e1c63f73)
[0m15:04:07.181421 [debug] [Thread-3 (]: Began compiling node test.dbt_project.unique_brnz_customers_customer_id.78e1c63f73
[0m15:04:07.185421 [debug] [Thread-3 (]: Writing injected SQL for node "test.dbt_project.unique_brnz_customers_customer_id.78e1c63f73"
[0m15:04:07.187424 [debug] [Thread-3 (]: Began executing node test.dbt_project.unique_brnz_customers_customer_id.78e1c63f73
[0m15:04:07.190424 [debug] [Thread-3 (]: Writing runtime sql for node "test.dbt_project.unique_brnz_customers_customer_id.78e1c63f73"
[0m15:04:07.191423 [debug] [Thread-2 (]: SQL status: BEGIN in 0.034 seconds
[0m15:04:07.192424 [debug] [Thread-2 (]: Using postgres connection "test.dbt_project.source_unique_raw_orders_order_id.2e0765462f"
[0m15:04:07.192424 [debug] [Thread-3 (]: Using postgres connection "test.dbt_project.unique_brnz_customers_customer_id.78e1c63f73"
[0m15:04:07.193425 [debug] [Thread-2 (]: On test.dbt_project.source_unique_raw_orders_order_id.2e0765462f: /* {"app": "dbt", "dbt_version": "1.10.8", "profile_name": "dbt_project", "target_name": "dev", "node_id": "test.dbt_project.source_unique_raw_orders_order_id.2e0765462f"} */

    select
      count(*) as failures,
      count(*) != 0 as should_warn,
      count(*) != 0 as should_error
    from (
      
    
  
    
    

select
    order_id as unique_field,
    count(*) as n_records

from "dbt_project"."public"."orders"
where order_id is not null
group by order_id
having count(*) > 1



  
  
      
    ) dbt_internal_test
[0m15:04:07.193425 [debug] [Thread-3 (]: On test.dbt_project.unique_brnz_customers_customer_id.78e1c63f73: BEGIN
[0m15:04:07.194424 [debug] [Thread-3 (]: Opening a new connection, currently in state closed
[0m15:04:07.197426 [debug] [Thread-2 (]: SQL status: SELECT 1 in 0.003 seconds
[0m15:04:07.198424 [debug] [Thread-2 (]: On test.dbt_project.source_unique_raw_orders_order_id.2e0765462f: ROLLBACK
[0m15:04:07.199425 [debug] [Thread-2 (]: On test.dbt_project.source_unique_raw_orders_order_id.2e0765462f: Close
[0m15:04:07.200425 [info ] [Thread-2 (]: 20 of 26 PASS source_unique_raw_orders_order_id ................................ [[32mPASS[0m in 0.06s]
[0m15:04:07.201426 [debug] [Thread-2 (]: Finished running node test.dbt_project.source_unique_raw_orders_order_id.2e0765462f
[0m15:04:07.203427 [debug] [Thread-2 (]: Began running node test.dbt_project.unique_brnz_orders_order_id.96b1d65cd2
[0m15:04:07.204426 [info ] [Thread-2 (]: 22 of 26 START test unique_brnz_orders_order_id ................................ [RUN]
[0m15:04:07.205426 [debug] [Thread-2 (]: Re-using an available connection from the pool (formerly test.dbt_project.source_unique_raw_orders_order_id.2e0765462f, now test.dbt_project.unique_brnz_orders_order_id.96b1d65cd2)
[0m15:04:07.206427 [debug] [Thread-2 (]: Began compiling node test.dbt_project.unique_brnz_orders_order_id.96b1d65cd2
[0m15:04:07.212427 [debug] [Thread-2 (]: Writing injected SQL for node "test.dbt_project.unique_brnz_orders_order_id.96b1d65cd2"
[0m15:04:07.214430 [debug] [Thread-2 (]: Began executing node test.dbt_project.unique_brnz_orders_order_id.96b1d65cd2
[0m15:04:07.216430 [debug] [Thread-2 (]: Writing runtime sql for node "test.dbt_project.unique_brnz_orders_order_id.96b1d65cd2"
[0m15:04:07.218432 [debug] [Thread-2 (]: Using postgres connection "test.dbt_project.unique_brnz_orders_order_id.96b1d65cd2"
[0m15:04:07.218432 [debug] [Thread-2 (]: On test.dbt_project.unique_brnz_orders_order_id.96b1d65cd2: BEGIN
[0m15:04:07.219432 [debug] [Thread-2 (]: Opening a new connection, currently in state closed
[0m15:04:07.250444 [debug] [Thread-2 (]: SQL status: BEGIN in 0.031 seconds
[0m15:04:07.251444 [debug] [Thread-2 (]: Using postgres connection "test.dbt_project.unique_brnz_orders_order_id.96b1d65cd2"
[0m15:04:07.251444 [debug] [Thread-2 (]: On test.dbt_project.unique_brnz_orders_order_id.96b1d65cd2: /* {"app": "dbt", "dbt_version": "1.10.8", "profile_name": "dbt_project", "target_name": "dev", "node_id": "test.dbt_project.unique_brnz_orders_order_id.96b1d65cd2"} */

    select
      count(*) as failures,
      count(*) != 0 as should_warn,
      count(*) != 0 as should_error
    from (
      
    
  
    
    

select
    order_id as unique_field,
    count(*) as n_records

from "dbt_project".public.brnz_orders
where order_id is not null
group by order_id
having count(*) > 1



  
  
      
    ) dbt_internal_test
[0m15:04:07.254438 [debug] [Thread-2 (]: SQL status: SELECT 1 in 0.002 seconds
[0m15:04:07.256439 [debug] [Thread-2 (]: On test.dbt_project.unique_brnz_orders_order_id.96b1d65cd2: ROLLBACK
[0m15:04:07.257447 [debug] [Thread-2 (]: On test.dbt_project.unique_brnz_orders_order_id.96b1d65cd2: Close
[0m15:04:07.258439 [info ] [Thread-2 (]: 22 of 26 PASS unique_brnz_orders_order_id ...................................... [[32mPASS[0m in 0.05s]
[0m15:04:07.259438 [debug] [Thread-2 (]: Finished running node test.dbt_project.unique_brnz_orders_order_id.96b1d65cd2
[0m15:04:07.260438 [debug] [Thread-2 (]: Began running node test.dbt_project.unique_customer_metrics_customer_id.9d7dec9840
[0m15:04:07.260438 [info ] [Thread-2 (]: 23 of 26 START test unique_customer_metrics_customer_id ........................ [RUN]
[0m15:04:07.261439 [debug] [Thread-2 (]: Re-using an available connection from the pool (formerly test.dbt_project.unique_brnz_orders_order_id.96b1d65cd2, now test.dbt_project.unique_customer_metrics_customer_id.9d7dec9840)
[0m15:04:07.262441 [debug] [Thread-2 (]: Began compiling node test.dbt_project.unique_customer_metrics_customer_id.9d7dec9840
[0m15:04:07.262441 [debug] [Thread-4 (]: SQL status: BEGIN in 0.145 seconds
[0m15:04:07.267441 [debug] [Thread-2 (]: Writing injected SQL for node "test.dbt_project.unique_customer_metrics_customer_id.9d7dec9840"
[0m15:04:07.268441 [debug] [Thread-4 (]: Using postgres connection "test.dbt_project.relationships_stg_orders_customer_id__customer_id__ref_stg_customers_.430bf21500"
[0m15:04:07.269442 [debug] [Thread-4 (]: On test.dbt_project.relationships_stg_orders_customer_id__customer_id__ref_stg_customers_.430bf21500: /* {"app": "dbt", "dbt_version": "1.10.8", "profile_name": "dbt_project", "target_name": "dev", "node_id": "test.dbt_project.relationships_stg_orders_customer_id__customer_id__ref_stg_customers_.430bf21500"} */

    select
      count(*) as failures,
      count(*) != 0 as should_warn,
      count(*) != 0 as should_error
    from (
      
    
  
    
    

with child as (
    select customer_id as from_field
    from "dbt_project".public.stg_orders
    where customer_id is not null
),

parent as (
    select customer_id as to_field
    from "dbt_project".public.stg_customers
)

select
    from_field

from child
left join parent
    on child.from_field = parent.to_field

where parent.to_field is null



  
  
      
    ) dbt_internal_test
[0m15:04:07.269442 [debug] [Thread-2 (]: Began executing node test.dbt_project.unique_customer_metrics_customer_id.9d7dec9840
[0m15:04:07.273443 [debug] [Thread-2 (]: Writing runtime sql for node "test.dbt_project.unique_customer_metrics_customer_id.9d7dec9840"
[0m15:04:07.274445 [debug] [Thread-4 (]: SQL status: SELECT 1 in 0.004 seconds
[0m15:04:07.276445 [debug] [Thread-4 (]: On test.dbt_project.relationships_stg_orders_customer_id__customer_id__ref_stg_customers_.430bf21500: ROLLBACK
[0m15:04:07.276445 [debug] [Thread-2 (]: Using postgres connection "test.dbt_project.unique_customer_metrics_customer_id.9d7dec9840"
[0m15:04:07.277445 [debug] [Thread-4 (]: On test.dbt_project.relationships_stg_orders_customer_id__customer_id__ref_stg_customers_.430bf21500: Close
[0m15:04:07.278446 [debug] [Thread-1 (]: SQL status: BEGIN in 0.143 seconds
[0m15:04:07.278446 [debug] [Thread-2 (]: On test.dbt_project.unique_customer_metrics_customer_id.9d7dec9840: BEGIN
[0m15:04:07.279444 [info ] [Thread-4 (]: 17 of 26 PASS relationships_stg_orders_customer_id__customer_id__ref_stg_customers_  [[32mPASS[0m in 0.20s]
[0m15:04:07.280445 [debug] [Thread-1 (]: Using postgres connection "test.dbt_project.source_unique_raw_customers_customer_id.3579d23017"
[0m15:04:07.280445 [debug] [Thread-2 (]: Opening a new connection, currently in state closed
[0m15:04:07.281447 [debug] [Thread-4 (]: Finished running node test.dbt_project.relationships_stg_orders_customer_id__customer_id__ref_stg_customers_.430bf21500
[0m15:04:07.282446 [debug] [Thread-1 (]: On test.dbt_project.source_unique_raw_customers_customer_id.3579d23017: /* {"app": "dbt", "dbt_version": "1.10.8", "profile_name": "dbt_project", "target_name": "dev", "node_id": "test.dbt_project.source_unique_raw_customers_customer_id.3579d23017"} */

    select
      count(*) as failures,
      count(*) != 0 as should_warn,
      count(*) != 0 as should_error
    from (
      
    
  
    
    

select
    customer_id as unique_field,
    count(*) as n_records

from "dbt_project"."public"."customers"
where customer_id is not null
group by customer_id
having count(*) > 1



  
  
      
    ) dbt_internal_test
[0m15:04:07.283447 [debug] [Thread-4 (]: Began running node test.dbt_project.unique_stg_customers_customer_id.c7614daada
[0m15:04:07.284445 [info ] [Thread-4 (]: 24 of 26 START test unique_stg_customers_customer_id ........................... [RUN]
[0m15:04:07.285445 [debug] [Thread-4 (]: Re-using an available connection from the pool (formerly test.dbt_project.relationships_stg_orders_customer_id__customer_id__ref_stg_customers_.430bf21500, now test.dbt_project.unique_stg_customers_customer_id.c7614daada)
[0m15:04:07.286445 [debug] [Thread-4 (]: Began compiling node test.dbt_project.unique_stg_customers_customer_id.c7614daada
[0m15:04:07.286445 [debug] [Thread-1 (]: SQL status: SELECT 1 in 0.002 seconds
[0m15:04:07.294447 [debug] [Thread-4 (]: Writing injected SQL for node "test.dbt_project.unique_stg_customers_customer_id.c7614daada"
[0m15:04:07.295447 [debug] [Thread-1 (]: On test.dbt_project.source_unique_raw_customers_customer_id.3579d23017: ROLLBACK
[0m15:04:07.296450 [debug] [Thread-1 (]: On test.dbt_project.source_unique_raw_customers_customer_id.3579d23017: Close
[0m15:04:07.297447 [debug] [Thread-4 (]: Began executing node test.dbt_project.unique_stg_customers_customer_id.c7614daada
[0m15:04:07.298449 [info ] [Thread-1 (]: 19 of 26 PASS source_unique_raw_customers_customer_id .......................... [[32mPASS[0m in 0.19s]
[0m15:04:07.302452 [debug] [Thread-4 (]: Writing runtime sql for node "test.dbt_project.unique_stg_customers_customer_id.c7614daada"
[0m15:04:07.303450 [debug] [Thread-1 (]: Finished running node test.dbt_project.source_unique_raw_customers_customer_id.3579d23017
[0m15:04:07.304450 [debug] [Thread-1 (]: Began running node test.dbt_project.unique_stg_customers_email.1ebcb2333e
[0m15:04:07.305450 [info ] [Thread-1 (]: 25 of 26 START test unique_stg_customers_email ................................. [RUN]
[0m15:04:07.305450 [debug] [Thread-4 (]: Using postgres connection "test.dbt_project.unique_stg_customers_customer_id.c7614daada"
[0m15:04:07.306451 [debug] [Thread-1 (]: Re-using an available connection from the pool (formerly test.dbt_project.source_unique_raw_customers_customer_id.3579d23017, now test.dbt_project.unique_stg_customers_email.1ebcb2333e)
[0m15:04:07.307450 [debug] [Thread-4 (]: On test.dbt_project.unique_stg_customers_customer_id.c7614daada: BEGIN
[0m15:04:07.308451 [debug] [Thread-1 (]: Began compiling node test.dbt_project.unique_stg_customers_email.1ebcb2333e
[0m15:04:07.308451 [debug] [Thread-4 (]: Opening a new connection, currently in state closed
[0m15:04:07.313452 [debug] [Thread-1 (]: Writing injected SQL for node "test.dbt_project.unique_stg_customers_email.1ebcb2333e"
[0m15:04:07.316454 [debug] [Thread-1 (]: Began executing node test.dbt_project.unique_stg_customers_email.1ebcb2333e
[0m15:04:07.320454 [debug] [Thread-1 (]: Writing runtime sql for node "test.dbt_project.unique_stg_customers_email.1ebcb2333e"
[0m15:04:07.321455 [debug] [Thread-2 (]: SQL status: BEGIN in 0.041 seconds
[0m15:04:07.323455 [debug] [Thread-2 (]: Using postgres connection "test.dbt_project.unique_customer_metrics_customer_id.9d7dec9840"
[0m15:04:07.324456 [debug] [Thread-1 (]: Using postgres connection "test.dbt_project.unique_stg_customers_email.1ebcb2333e"
[0m15:04:07.324456 [debug] [Thread-2 (]: On test.dbt_project.unique_customer_metrics_customer_id.9d7dec9840: /* {"app": "dbt", "dbt_version": "1.10.8", "profile_name": "dbt_project", "target_name": "dev", "node_id": "test.dbt_project.unique_customer_metrics_customer_id.9d7dec9840"} */

    select
      count(*) as failures,
      count(*) != 0 as should_warn,
      count(*) != 0 as should_error
    from (
      
    
  
    
    

select
    customer_id as unique_field,
    count(*) as n_records

from "dbt_project".public.customer_metrics
where customer_id is not null
group by customer_id
having count(*) > 1



  
  
      
    ) dbt_internal_test
[0m15:04:07.325454 [debug] [Thread-1 (]: On test.dbt_project.unique_stg_customers_email.1ebcb2333e: BEGIN
[0m15:04:07.326455 [debug] [Thread-1 (]: Opening a new connection, currently in state closed
[0m15:04:07.327456 [debug] [Thread-2 (]: SQL status: SELECT 1 in 0.002 seconds
[0m15:04:07.329457 [debug] [Thread-2 (]: On test.dbt_project.unique_customer_metrics_customer_id.9d7dec9840: ROLLBACK
[0m15:04:07.330456 [debug] [Thread-2 (]: On test.dbt_project.unique_customer_metrics_customer_id.9d7dec9840: Close
[0m15:04:07.331457 [info ] [Thread-2 (]: 23 of 26 PASS unique_customer_metrics_customer_id .............................. [[32mPASS[0m in 0.07s]
[0m15:04:07.332456 [debug] [Thread-2 (]: Finished running node test.dbt_project.unique_customer_metrics_customer_id.9d7dec9840
[0m15:04:07.333457 [debug] [Thread-2 (]: Began running node test.dbt_project.unique_stg_orders_order_id.e3b841c71a
[0m15:04:07.334457 [info ] [Thread-2 (]: 26 of 26 START test unique_stg_orders_order_id ................................. [RUN]
[0m15:04:07.335458 [debug] [Thread-2 (]: Re-using an available connection from the pool (formerly test.dbt_project.unique_customer_metrics_customer_id.9d7dec9840, now test.dbt_project.unique_stg_orders_order_id.e3b841c71a)
[0m15:04:07.336457 [debug] [Thread-2 (]: Began compiling node test.dbt_project.unique_stg_orders_order_id.e3b841c71a
[0m15:04:07.341459 [debug] [Thread-2 (]: Writing injected SQL for node "test.dbt_project.unique_stg_orders_order_id.e3b841c71a"
[0m15:04:07.342459 [debug] [Thread-2 (]: Began executing node test.dbt_project.unique_stg_orders_order_id.e3b841c71a
[0m15:04:07.345457 [debug] [Thread-2 (]: Writing runtime sql for node "test.dbt_project.unique_stg_orders_order_id.e3b841c71a"
[0m15:04:07.346458 [debug] [Thread-3 (]: SQL status: BEGIN in 0.152 seconds
[0m15:04:07.347459 [debug] [Thread-3 (]: Using postgres connection "test.dbt_project.unique_brnz_customers_customer_id.78e1c63f73"
[0m15:04:07.347459 [debug] [Thread-3 (]: On test.dbt_project.unique_brnz_customers_customer_id.78e1c63f73: /* {"app": "dbt", "dbt_version": "1.10.8", "profile_name": "dbt_project", "target_name": "dev", "node_id": "test.dbt_project.unique_brnz_customers_customer_id.78e1c63f73"} */

    select
      count(*) as failures,
      count(*) != 0 as should_warn,
      count(*) != 0 as should_error
    from (
      
    
  
    
    

select
    customer_id as unique_field,
    count(*) as n_records

from "dbt_project".public.brnz_customers
where customer_id is not null
group by customer_id
having count(*) > 1



  
  
      
    ) dbt_internal_test
[0m15:04:07.348459 [debug] [Thread-2 (]: Using postgres connection "test.dbt_project.unique_stg_orders_order_id.e3b841c71a"
[0m15:04:07.349460 [debug] [Thread-2 (]: On test.dbt_project.unique_stg_orders_order_id.e3b841c71a: BEGIN
[0m15:04:07.350461 [debug] [Thread-2 (]: Opening a new connection, currently in state closed
[0m15:04:07.351461 [debug] [Thread-3 (]: SQL status: SELECT 1 in 0.002 seconds
[0m15:04:07.352461 [debug] [Thread-3 (]: On test.dbt_project.unique_brnz_customers_customer_id.78e1c63f73: ROLLBACK
[0m15:04:07.353461 [debug] [Thread-3 (]: On test.dbt_project.unique_brnz_customers_customer_id.78e1c63f73: Close
[0m15:04:07.354461 [info ] [Thread-3 (]: 21 of 26 PASS unique_brnz_customers_customer_id ................................ [[32mPASS[0m in 0.18s]
[0m15:04:07.355462 [debug] [Thread-3 (]: Finished running node test.dbt_project.unique_brnz_customers_customer_id.78e1c63f73
[0m15:04:07.361462 [debug] [Thread-1 (]: SQL status: BEGIN in 0.034 seconds
[0m15:04:07.361462 [debug] [Thread-1 (]: Using postgres connection "test.dbt_project.unique_stg_customers_email.1ebcb2333e"
[0m15:04:07.362462 [debug] [Thread-1 (]: On test.dbt_project.unique_stg_customers_email.1ebcb2333e: /* {"app": "dbt", "dbt_version": "1.10.8", "profile_name": "dbt_project", "target_name": "dev", "node_id": "test.dbt_project.unique_stg_customers_email.1ebcb2333e"} */

    select
      count(*) as failures,
      count(*) != 0 as should_warn,
      count(*) != 0 as should_error
    from (
      
    
  
    
    

select
    email as unique_field,
    count(*) as n_records

from "dbt_project".public.stg_customers
where email is not null
group by email
having count(*) > 1



  
  
      
    ) dbt_internal_test
[0m15:04:07.364462 [debug] [Thread-1 (]: SQL status: SELECT 1 in 0.002 seconds
[0m15:04:07.366464 [debug] [Thread-1 (]: On test.dbt_project.unique_stg_customers_email.1ebcb2333e: ROLLBACK
[0m15:04:07.367464 [debug] [Thread-1 (]: On test.dbt_project.unique_stg_customers_email.1ebcb2333e: Close
[0m15:04:07.368465 [info ] [Thread-1 (]: 25 of 26 PASS unique_stg_customers_email ....................................... [[32mPASS[0m in 0.06s]
[0m15:04:07.370464 [debug] [Thread-1 (]: Finished running node test.dbt_project.unique_stg_customers_email.1ebcb2333e
[0m15:04:07.386467 [debug] [Thread-2 (]: SQL status: BEGIN in 0.036 seconds
[0m15:04:07.387476 [debug] [Thread-2 (]: Using postgres connection "test.dbt_project.unique_stg_orders_order_id.e3b841c71a"
[0m15:04:07.387476 [debug] [Thread-2 (]: On test.dbt_project.unique_stg_orders_order_id.e3b841c71a: /* {"app": "dbt", "dbt_version": "1.10.8", "profile_name": "dbt_project", "target_name": "dev", "node_id": "test.dbt_project.unique_stg_orders_order_id.e3b841c71a"} */

    select
      count(*) as failures,
      count(*) != 0 as should_warn,
      count(*) != 0 as should_error
    from (
      
    
  
    
    

select
    order_id as unique_field,
    count(*) as n_records

from "dbt_project".public.stg_orders
where order_id is not null
group by order_id
having count(*) > 1



  
  
      
    ) dbt_internal_test
[0m15:04:07.391469 [debug] [Thread-2 (]: SQL status: SELECT 1 in 0.003 seconds
[0m15:04:07.392468 [debug] [Thread-2 (]: On test.dbt_project.unique_stg_orders_order_id.e3b841c71a: ROLLBACK
[0m15:04:07.393469 [debug] [Thread-2 (]: On test.dbt_project.unique_stg_orders_order_id.e3b841c71a: Close
[0m15:04:07.394470 [info ] [Thread-2 (]: 26 of 26 PASS unique_stg_orders_order_id ....................................... [[32mPASS[0m in 0.06s]
[0m15:04:07.395470 [debug] [Thread-2 (]: Finished running node test.dbt_project.unique_stg_orders_order_id.e3b841c71a
[0m15:04:07.453536 [debug] [Thread-4 (]: SQL status: BEGIN in 0.145 seconds
[0m15:04:07.454535 [debug] [Thread-4 (]: Using postgres connection "test.dbt_project.unique_stg_customers_customer_id.c7614daada"
[0m15:04:07.455534 [debug] [Thread-4 (]: On test.dbt_project.unique_stg_customers_customer_id.c7614daada: /* {"app": "dbt", "dbt_version": "1.10.8", "profile_name": "dbt_project", "target_name": "dev", "node_id": "test.dbt_project.unique_stg_customers_customer_id.c7614daada"} */

    select
      count(*) as failures,
      count(*) != 0 as should_warn,
      count(*) != 0 as should_error
    from (
      
    
  
    
    

select
    customer_id as unique_field,
    count(*) as n_records

from "dbt_project".public.stg_customers
where customer_id is not null
group by customer_id
having count(*) > 1



  
  
      
    ) dbt_internal_test
[0m15:04:07.457549 [debug] [Thread-4 (]: SQL status: SELECT 1 in 0.002 seconds
[0m15:04:07.459543 [debug] [Thread-4 (]: On test.dbt_project.unique_stg_customers_customer_id.c7614daada: ROLLBACK
[0m15:04:07.459543 [debug] [Thread-4 (]: On test.dbt_project.unique_stg_customers_customer_id.c7614daada: Close
[0m15:04:07.460706 [info ] [Thread-4 (]: 24 of 26 PASS unique_stg_customers_customer_id ................................. [[32mPASS[0m in 0.18s]
[0m15:04:07.462545 [debug] [Thread-4 (]: Finished running node test.dbt_project.unique_stg_customers_customer_id.c7614daada
[0m15:04:07.464538 [debug] [MainThread]: Using postgres connection "master"
[0m15:04:07.464538 [debug] [MainThread]: On master: BEGIN
[0m15:04:07.465545 [debug] [MainThread]: Opening a new connection, currently in state closed
[0m15:04:07.498552 [debug] [MainThread]: SQL status: BEGIN in 0.033 seconds
[0m15:04:07.499559 [debug] [MainThread]: On master: COMMIT
[0m15:04:07.499559 [debug] [MainThread]: Using postgres connection "master"
[0m15:04:07.500552 [debug] [MainThread]: On master: COMMIT
[0m15:04:07.500552 [debug] [MainThread]: SQL status: COMMIT in 0.000 seconds
[0m15:04:07.501553 [debug] [MainThread]: On master: Close
[0m15:04:07.501553 [debug] [MainThread]: Connection 'master' was properly closed.
[0m15:04:07.502553 [debug] [MainThread]: Connection 'list_dbt_project_public' was properly closed.
[0m15:04:07.502553 [debug] [MainThread]: Connection 'test.dbt_project.unique_stg_customers_email.1ebcb2333e' was properly closed.
[0m15:04:07.503554 [debug] [MainThread]: Connection 'test.dbt_project.unique_stg_orders_order_id.e3b841c71a' was properly closed.
[0m15:04:07.504547 [debug] [MainThread]: Connection 'test.dbt_project.unique_brnz_customers_customer_id.78e1c63f73' was properly closed.
[0m15:04:07.504547 [debug] [MainThread]: Connection 'test.dbt_project.unique_stg_customers_customer_id.c7614daada' was properly closed.
[0m15:04:07.505547 [info ] [MainThread]: 
[0m15:04:07.506546 [info ] [MainThread]: Finished running 26 data tests in 0 hours 0 minutes and 1.16 seconds (1.16s).
[0m15:04:07.510567 [debug] [MainThread]: Command end result
[0m15:04:07.539563 [debug] [MainThread]: Wrote artifact WritableManifest to C:\Users\arpit\Jupyter Notebook\CI CD Pipeline project\target\manifest.json
[0m15:04:07.542555 [debug] [MainThread]: Wrote artifact SemanticManifest to C:\Users\arpit\Jupyter Notebook\CI CD Pipeline project\target\semantic_manifest.json
[0m15:04:07.551555 [debug] [MainThread]: Wrote artifact RunExecutionResult to C:\Users\arpit\Jupyter Notebook\CI CD Pipeline project\target\run_results.json
[0m15:04:07.552557 [info ] [MainThread]: 
[0m15:04:07.552557 [info ] [MainThread]: [32mCompleted successfully[0m
[0m15:04:07.553558 [info ] [MainThread]: 
[0m15:04:07.554557 [info ] [MainThread]: Done. PASS=26 WARN=0 ERROR=0 SKIP=0 NO-OP=0 TOTAL=26
[0m15:04:07.556560 [debug] [MainThread]: Command `dbt test` succeeded at 15:04:07.556560 after 2.32 seconds
[0m15:04:07.556560 [debug] [MainThread]: Sending event: {'category': 'dbt', 'action': 'invocation', 'label': 'end', 'context': [<snowplow_tracker.self_describing_json.SelfDescribingJson object at 0x0000014A56223A50>, <snowplow_tracker.self_describing_json.SelfDescribingJson object at 0x0000014A55955D10>, <snowplow_tracker.self_describing_json.SelfDescribingJson object at 0x0000014A55F46450>]}
[0m15:04:07.557559 [debug] [MainThread]: Flushing usage events
[0m15:04:08.001619 [debug] [MainThread]: An error was encountered while trying to flush usage events
[0m15:14:51.659423 [debug] [MainThread]: Sending event: {'category': 'dbt', 'action': 'invocation', 'label': 'start', 'context': [<snowplow_tracker.self_describing_json.SelfDescribingJson object at 0x0000018798B2C350>, <snowplow_tracker.self_describing_json.SelfDescribingJson object at 0x0000018798BA38D0>, <snowplow_tracker.self_describing_json.SelfDescribingJson object at 0x0000018798BA2AD0>]}


============================== 15:14:51.663425 | 45c6c727-5f40-4598-b0ac-f1607d921ef2 ==============================
[0m15:14:51.663425 [info ] [MainThread]: Running with dbt=1.10.8
[0m15:14:51.664425 [debug] [MainThread]: running dbt with arguments {'printer_width': '80', 'indirect_selection': 'eager', 'log_cache_events': 'False', 'write_json': 'True', 'partial_parse': 'True', 'cache_selected_only': 'False', 'profiles_dir': 'C:\\Users\\arpit\\.dbt', 'version_check': 'True', 'fail_fast': 'False', 'log_path': 'C:\\Users\\arpit\\Jupyter Notebook\\CI CD Pipeline project\\logs', 'warn_error': 'None', 'debug': 'False', 'use_colors': 'True', 'use_experimental_parser': 'False', 'no_print': 'None', 'quiet': 'False', 'empty': 'False', 'warn_error_options': 'WarnErrorOptionsV2(error=[], warn=[], silence=[])', 'introspect': 'True', 'log_format': 'default', 'invocation_command': 'dbt run', 'target_path': 'None', 'static_parser': 'True', 'send_anonymous_usage_stats': 'True'}
[0m15:14:51.914488 [debug] [MainThread]: Sending event: {'category': 'dbt', 'action': 'project_id', 'label': '45c6c727-5f40-4598-b0ac-f1607d921ef2', 'context': [<snowplow_tracker.self_describing_json.SelfDescribingJson object at 0x0000018798CF7390>]}
[0m15:14:51.986516 [debug] [MainThread]: Sending event: {'category': 'dbt', 'action': 'adapter_info', 'label': '45c6c727-5f40-4598-b0ac-f1607d921ef2', 'context': [<snowplow_tracker.self_describing_json.SelfDescribingJson object at 0x000001879452DFD0>]}
[0m15:14:51.988499 [info ] [MainThread]: Registered adapter: postgres=1.9.0
[0m15:14:52.324573 [debug] [MainThread]: checksum: 265d66e81f90af29a7a28579c9b54d938c94f4a57c57be5f853267ae509b5fcb, vars: {}, profile: , target: , version: 1.10.8
[0m15:14:52.549670 [debug] [MainThread]: Partial parsing enabled: 0 files deleted, 0 files added, 3 files changed.
[0m15:14:52.550671 [debug] [MainThread]: Partial parsing: updated file: dbt_project://models\silver\_silver_models.yml
[0m15:14:52.551671 [debug] [MainThread]: Partial parsing: updated file: dbt_project://models\silver\stg_orders.sql
[0m15:14:52.552655 [debug] [MainThread]: Partial parsing: updated file: dbt_project://models\silver\stg_customers.sql
[0m15:14:53.018811 [warn ] [MainThread]: [[33mWARNING[0m][MissingArgumentsPropertyInGenericTestDeprecation]: Deprecated
functionality
Found top-level arguments to test `relationships`. Arguments to generic tests
should be nested under the `arguments` property.`
[0m15:14:53.019812 [debug] [MainThread]: Sending event: {'category': 'dbt', 'action': 'deprecation', 'label': '45c6c727-5f40-4598-b0ac-f1607d921ef2', 'property_': 'warn', 'context': [<snowplow_tracker.self_describing_json.SelfDescribingJson object at 0x00000187993A7190>]}
[0m15:14:53.128825 [debug] [MainThread]: Sending event: {'category': 'dbt', 'action': 'load_project', 'label': '45c6c727-5f40-4598-b0ac-f1607d921ef2', 'context': [<snowplow_tracker.self_describing_json.SelfDescribingJson object at 0x0000018798CF79D0>]}
[0m15:14:53.221846 [debug] [MainThread]: Wrote artifact WritableManifest to C:\Users\arpit\Jupyter Notebook\CI CD Pipeline project\target\manifest.json
[0m15:14:53.224846 [debug] [MainThread]: Wrote artifact SemanticManifest to C:\Users\arpit\Jupyter Notebook\CI CD Pipeline project\target\semantic_manifest.json
[0m15:14:53.253848 [debug] [MainThread]: Sending event: {'category': 'dbt', 'action': 'resource_counts', 'label': '45c6c727-5f40-4598-b0ac-f1607d921ef2', 'context': [<snowplow_tracker.self_describing_json.SelfDescribingJson object at 0x0000018798C94510>]}
[0m15:14:53.254847 [info ] [MainThread]: Found 5 models, 3 seeds, 26 data tests, 2 sources, 434 macros
[0m15:14:53.255847 [debug] [MainThread]: Sending event: {'category': 'dbt', 'action': 'runnable_timing', 'label': '45c6c727-5f40-4598-b0ac-f1607d921ef2', 'context': [<snowplow_tracker.self_describing_json.SelfDescribingJson object at 0x0000018798E4B910>]}
[0m15:14:53.257846 [info ] [MainThread]: 
[0m15:14:53.258848 [info ] [MainThread]: Concurrency: 4 threads (target='dev')
[0m15:14:53.259847 [info ] [MainThread]: 
[0m15:14:53.259847 [debug] [MainThread]: Acquiring new postgres connection 'master'
[0m15:14:53.264919 [debug] [ThreadPool]: Acquiring new postgres connection 'list_dbt_project'
[0m15:14:53.353954 [debug] [ThreadPool]: Using postgres connection "list_dbt_project"
[0m15:14:53.353954 [debug] [ThreadPool]: On list_dbt_project: /* {"app": "dbt", "dbt_version": "1.10.8", "profile_name": "dbt_project", "target_name": "dev", "connection_name": "list_dbt_project"} */

    select distinct nspname from pg_namespace
  
[0m15:14:53.354954 [debug] [ThreadPool]: Opening a new connection, currently in state init
[0m15:14:53.393943 [debug] [ThreadPool]: SQL status: SELECT 4 in 0.039 seconds
[0m15:14:53.395943 [debug] [ThreadPool]: On list_dbt_project: Close
[0m15:14:53.397944 [debug] [ThreadPool]: Acquiring new postgres connection 'list_dbt_project_public'
[0m15:14:53.403947 [debug] [ThreadPool]: Using postgres connection "list_dbt_project_public"
[0m15:14:53.403947 [debug] [ThreadPool]: On list_dbt_project_public: BEGIN
[0m15:14:53.404946 [debug] [ThreadPool]: Opening a new connection, currently in state init
[0m15:14:53.441956 [debug] [ThreadPool]: SQL status: BEGIN in 0.037 seconds
[0m15:14:53.442955 [debug] [ThreadPool]: Using postgres connection "list_dbt_project_public"
[0m15:14:53.442955 [debug] [ThreadPool]: On list_dbt_project_public: /* {"app": "dbt", "dbt_version": "1.10.8", "profile_name": "dbt_project", "target_name": "dev", "connection_name": "list_dbt_project_public"} */
select
      'dbt_project' as database,
      tablename as name,
      schemaname as schema,
      'table' as type
    from pg_tables
    where schemaname ilike 'public'
    union all
    select
      'dbt_project' as database,
      viewname as name,
      schemaname as schema,
      'view' as type
    from pg_views
    where schemaname ilike 'public'
    union all
    select
      'dbt_project' as database,
      matviewname as name,
      schemaname as schema,
      'materialized_view' as type
    from pg_matviews
    where schemaname ilike 'public'
  
[0m15:14:53.450240 [debug] [ThreadPool]: SQL status: SELECT 8 in 0.006 seconds
[0m15:14:53.452247 [debug] [ThreadPool]: On list_dbt_project_public: ROLLBACK
[0m15:14:53.453238 [debug] [ThreadPool]: On list_dbt_project_public: Close
[0m15:14:53.458242 [debug] [MainThread]: Using postgres connection "master"
[0m15:14:53.459251 [debug] [MainThread]: On master: BEGIN
[0m15:14:53.460250 [debug] [MainThread]: Opening a new connection, currently in state init
[0m15:14:53.495257 [debug] [MainThread]: SQL status: BEGIN in 0.035 seconds
[0m15:14:53.495257 [debug] [MainThread]: Using postgres connection "master"
[0m15:14:53.496256 [debug] [MainThread]: On master: /* {"app": "dbt", "dbt_version": "1.10.8", "profile_name": "dbt_project", "target_name": "dev", "connection_name": "master"} */
with relation as (
        select
            pg_rewrite.ev_class as class,
            pg_rewrite.oid as id
        from pg_rewrite
    ),
    class as (
        select
            oid as id,
            relname as name,
            relnamespace as schema,
            relkind as kind
        from pg_class
    ),
    dependency as (
        select distinct
            pg_depend.objid as id,
            pg_depend.refobjid as ref
        from pg_depend
    ),
    schema as (
        select
            pg_namespace.oid as id,
            pg_namespace.nspname as name
        from pg_namespace
        where nspname != 'information_schema' and nspname not like 'pg\_%'
    ),
    referenced as (
        select
            relation.id AS id,
            referenced_class.name ,
            referenced_class.schema ,
            referenced_class.kind
        from relation
        join class as referenced_class on relation.class=referenced_class.id
        where referenced_class.kind in ('r', 'v', 'm')
    ),
    relationships as (
        select
            referenced.name as referenced_name,
            referenced.schema as referenced_schema_id,
            dependent_class.name as dependent_name,
            dependent_class.schema as dependent_schema_id,
            referenced.kind as kind
        from referenced
        join dependency on referenced.id=dependency.id
        join class as dependent_class on dependency.ref=dependent_class.id
        where
            (referenced.name != dependent_class.name or
             referenced.schema != dependent_class.schema)
    )

    select
        referenced_schema.name as referenced_schema,
        relationships.referenced_name as referenced_name,
        dependent_schema.name as dependent_schema,
        relationships.dependent_name as dependent_name
    from relationships
    join schema as dependent_schema on relationships.dependent_schema_id=dependent_schema.id
    join schema as referenced_schema on relationships.referenced_schema_id=referenced_schema.id
    group by referenced_schema, referenced_name, dependent_schema, dependent_name
    order by referenced_schema, referenced_name, dependent_schema, dependent_name;
[0m15:14:53.507252 [debug] [MainThread]: SQL status: SELECT 2 in 0.011 seconds
[0m15:14:53.510254 [debug] [MainThread]: Sending event: {'category': 'dbt', 'action': 'runnable_timing', 'label': '45c6c727-5f40-4598-b0ac-f1607d921ef2', 'context': [<snowplow_tracker.self_describing_json.SelfDescribingJson object at 0x0000018799948410>]}
[0m15:14:53.510254 [debug] [MainThread]: On master: ROLLBACK
[0m15:14:53.511253 [debug] [MainThread]: Using postgres connection "master"
[0m15:14:53.512253 [debug] [MainThread]: On master: BEGIN
[0m15:14:53.512253 [debug] [MainThread]: SQL status: BEGIN in 0.000 seconds
[0m15:14:53.513253 [debug] [MainThread]: On master: COMMIT
[0m15:14:53.514253 [debug] [MainThread]: Using postgres connection "master"
[0m15:14:53.515252 [debug] [MainThread]: On master: COMMIT
[0m15:14:53.515252 [debug] [MainThread]: SQL status: COMMIT in 0.000 seconds
[0m15:14:53.516254 [debug] [MainThread]: On master: Close
[0m15:14:53.521255 [debug] [Thread-1 (]: Began running node model.dbt_project.brnz_customers
[0m15:14:53.522254 [debug] [Thread-2 (]: Began running node model.dbt_project.brnz_orders
[0m15:14:53.522254 [info ] [Thread-1 (]: 1 of 5 START sql table model public.brnz_customers ............................. [RUN]
[0m15:14:53.523255 [info ] [Thread-2 (]: 2 of 5 START sql table model public.brnz_orders ................................ [RUN]
[0m15:14:53.524255 [debug] [Thread-1 (]: Acquiring new postgres connection 'model.dbt_project.brnz_customers'
[0m15:14:53.525255 [debug] [Thread-2 (]: Acquiring new postgres connection 'model.dbt_project.brnz_orders'
[0m15:14:53.525255 [debug] [Thread-1 (]: Began compiling node model.dbt_project.brnz_customers
[0m15:14:53.526256 [debug] [Thread-2 (]: Began compiling node model.dbt_project.brnz_orders
[0m15:14:53.533258 [debug] [Thread-1 (]: Writing injected SQL for node "model.dbt_project.brnz_customers"
[0m15:14:53.537270 [debug] [Thread-2 (]: Writing injected SQL for node "model.dbt_project.brnz_orders"
[0m15:14:53.539258 [debug] [Thread-1 (]: Began executing node model.dbt_project.brnz_customers
[0m15:14:53.540259 [debug] [Thread-2 (]: Began executing node model.dbt_project.brnz_orders
[0m15:14:53.575286 [debug] [Thread-1 (]: Writing runtime sql for node "model.dbt_project.brnz_customers"
[0m15:14:53.580277 [debug] [Thread-2 (]: Writing runtime sql for node "model.dbt_project.brnz_orders"
[0m15:14:53.582268 [debug] [Thread-1 (]: Using postgres connection "model.dbt_project.brnz_customers"
[0m15:14:53.582268 [debug] [Thread-2 (]: Using postgres connection "model.dbt_project.brnz_orders"
[0m15:14:53.583277 [debug] [Thread-1 (]: On model.dbt_project.brnz_customers: BEGIN
[0m15:14:53.583277 [debug] [Thread-2 (]: On model.dbt_project.brnz_orders: BEGIN
[0m15:14:53.584269 [debug] [Thread-1 (]: Opening a new connection, currently in state init
[0m15:14:53.584269 [debug] [Thread-2 (]: Opening a new connection, currently in state init
[0m15:14:53.616277 [debug] [Thread-1 (]: SQL status: BEGIN in 0.032 seconds
[0m15:14:53.616277 [debug] [Thread-1 (]: Using postgres connection "model.dbt_project.brnz_customers"
[0m15:14:53.617276 [debug] [Thread-1 (]: On model.dbt_project.brnz_customers: /* {"app": "dbt", "dbt_version": "1.10.8", "profile_name": "dbt_project", "target_name": "dev", "node_id": "model.dbt_project.brnz_customers"} */

  
    

  create  table "dbt_project".public.brnz_customers__dbt_tmp
  
  
    as
  
  (
    

SELECT
    customer_id,
    customer_name,
    email,
    phone,
    country,
    CURRENT_TIMESTAMP AS loaded_at
FROM "dbt_project"."public"."customers"
WHERE customer_id IS NOT NULL
  );
  
[0m15:14:53.619277 [debug] [Thread-2 (]: SQL status: BEGIN in 0.035 seconds
[0m15:14:53.620278 [debug] [Thread-2 (]: Using postgres connection "model.dbt_project.brnz_orders"
[0m15:14:53.621279 [debug] [Thread-2 (]: On model.dbt_project.brnz_orders: /* {"app": "dbt", "dbt_version": "1.10.8", "profile_name": "dbt_project", "target_name": "dev", "node_id": "model.dbt_project.brnz_orders"} */

  
    

  create  table "dbt_project".public.brnz_orders__dbt_tmp
  
  
    as
  
  (
    

SELECT
    order_id,
    customer_id,
    order_date,
    amount,
    status,
    CURRENT_TIMESTAMP AS loaded_at
FROM "dbt_project"."public"."orders"
WHERE 
    order_id IS NOT NULL
    AND customer_id IS NOT NULL
  );
  
[0m15:14:53.648284 [debug] [Thread-2 (]: SQL status: SELECT 824 in 0.026 seconds
[0m15:14:53.658293 [debug] [Thread-2 (]: Using postgres connection "model.dbt_project.brnz_orders"
[0m15:14:53.658293 [debug] [Thread-1 (]: SQL status: SELECT 150 in 0.040 seconds
[0m15:14:53.659300 [debug] [Thread-2 (]: On model.dbt_project.brnz_orders: /* {"app": "dbt", "dbt_version": "1.10.8", "profile_name": "dbt_project", "target_name": "dev", "node_id": "model.dbt_project.brnz_orders"} */
alter table "dbt_project"."public"."brnz_orders" rename to brnz_orders__dbt_backup
[0m15:14:53.662294 [debug] [Thread-1 (]: Using postgres connection "model.dbt_project.brnz_customers"
[0m15:14:53.663306 [debug] [Thread-1 (]: On model.dbt_project.brnz_customers: /* {"app": "dbt", "dbt_version": "1.10.8", "profile_name": "dbt_project", "target_name": "dev", "node_id": "model.dbt_project.brnz_customers"} */
alter table "dbt_project"."public"."brnz_customers" rename to brnz_customers__dbt_backup
[0m15:14:53.664289 [debug] [Thread-2 (]: SQL status: ALTER TABLE in 0.001 seconds
[0m15:14:53.665288 [debug] [Thread-1 (]: SQL status: ALTER TABLE in 0.000 seconds
[0m15:14:53.668295 [debug] [Thread-2 (]: Using postgres connection "model.dbt_project.brnz_orders"
[0m15:14:53.671296 [debug] [Thread-1 (]: Using postgres connection "model.dbt_project.brnz_customers"
[0m15:14:53.672303 [debug] [Thread-2 (]: On model.dbt_project.brnz_orders: /* {"app": "dbt", "dbt_version": "1.10.8", "profile_name": "dbt_project", "target_name": "dev", "node_id": "model.dbt_project.brnz_orders"} */
alter table "dbt_project".public.brnz_orders__dbt_tmp rename to brnz_orders
[0m15:14:53.673291 [debug] [Thread-1 (]: On model.dbt_project.brnz_customers: /* {"app": "dbt", "dbt_version": "1.10.8", "profile_name": "dbt_project", "target_name": "dev", "node_id": "model.dbt_project.brnz_customers"} */
alter table "dbt_project".public.brnz_customers__dbt_tmp rename to brnz_customers
[0m15:14:53.674298 [debug] [Thread-2 (]: SQL status: ALTER TABLE in 0.001 seconds
[0m15:14:53.675290 [debug] [Thread-1 (]: SQL status: ALTER TABLE in 0.001 seconds
[0m15:14:53.689312 [debug] [Thread-2 (]: On model.dbt_project.brnz_orders: COMMIT
[0m15:14:53.692302 [debug] [Thread-1 (]: On model.dbt_project.brnz_customers: COMMIT
[0m15:14:53.692302 [debug] [Thread-2 (]: Using postgres connection "model.dbt_project.brnz_orders"
[0m15:14:53.693301 [debug] [Thread-1 (]: Using postgres connection "model.dbt_project.brnz_customers"
[0m15:14:53.694301 [debug] [Thread-2 (]: On model.dbt_project.brnz_orders: COMMIT
[0m15:14:53.694301 [debug] [Thread-1 (]: On model.dbt_project.brnz_customers: COMMIT
[0m15:14:53.696294 [debug] [Thread-2 (]: SQL status: COMMIT in 0.001 seconds
[0m15:14:53.697303 [debug] [Thread-1 (]: SQL status: COMMIT in 0.001 seconds
[0m15:14:53.703296 [debug] [Thread-2 (]: Applying DROP to: "dbt_project".public.brnz_orders__dbt_backup
[0m15:14:53.706304 [debug] [Thread-1 (]: Applying DROP to: "dbt_project".public.brnz_customers__dbt_backup
[0m15:14:53.710311 [debug] [Thread-2 (]: Using postgres connection "model.dbt_project.brnz_orders"
[0m15:14:53.712298 [debug] [Thread-1 (]: Using postgres connection "model.dbt_project.brnz_customers"
[0m15:14:53.713306 [debug] [Thread-2 (]: On model.dbt_project.brnz_orders: /* {"app": "dbt", "dbt_version": "1.10.8", "profile_name": "dbt_project", "target_name": "dev", "node_id": "model.dbt_project.brnz_orders"} */
drop table if exists "dbt_project".public.brnz_orders__dbt_backup cascade
[0m15:14:53.714306 [debug] [Thread-1 (]: On model.dbt_project.brnz_customers: /* {"app": "dbt", "dbt_version": "1.10.8", "profile_name": "dbt_project", "target_name": "dev", "node_id": "model.dbt_project.brnz_customers"} */
drop table if exists "dbt_project".public.brnz_customers__dbt_backup cascade
[0m15:14:53.718302 [debug] [Thread-2 (]: SQL status: DROP TABLE in 0.003 seconds
[0m15:14:53.720307 [debug] [Thread-2 (]: On model.dbt_project.brnz_orders: Close
[0m15:14:53.720307 [debug] [Thread-1 (]: SQL status: DROP TABLE in 0.005 seconds
[0m15:14:53.724302 [debug] [Thread-1 (]: On model.dbt_project.brnz_customers: Close
[0m15:14:53.725301 [debug] [Thread-2 (]: Sending event: {'category': 'dbt', 'action': 'run_model', 'label': '45c6c727-5f40-4598-b0ac-f1607d921ef2', 'context': [<snowplow_tracker.self_describing_json.SelfDescribingJson object at 0x000001879990DF90>]}
[0m15:14:53.726303 [debug] [Thread-1 (]: Sending event: {'category': 'dbt', 'action': 'run_model', 'label': '45c6c727-5f40-4598-b0ac-f1607d921ef2', 'context': [<snowplow_tracker.self_describing_json.SelfDescribingJson object at 0x00000187998B09D0>]}
[0m15:14:53.727305 [info ] [Thread-2 (]: 2 of 5 OK created sql table model public.brnz_orders ........................... [[32mSELECT 824[0m in 0.20s]
[0m15:14:53.728310 [info ] [Thread-1 (]: 1 of 5 OK created sql table model public.brnz_customers ........................ [[32mSELECT 150[0m in 0.20s]
[0m15:14:53.728310 [debug] [Thread-2 (]: Finished running node model.dbt_project.brnz_orders
[0m15:14:53.729309 [debug] [Thread-1 (]: Finished running node model.dbt_project.brnz_customers
[0m15:14:53.730316 [debug] [Thread-4 (]: Began running node model.dbt_project.stg_orders
[0m15:14:53.731301 [debug] [Thread-2 (]: Began running node model.dbt_project.stg_customers
[0m15:14:53.731301 [info ] [Thread-4 (]: 3 of 5 START sql view model public.stg_orders .................................. [RUN]
[0m15:14:53.732303 [info ] [Thread-2 (]: 4 of 5 START sql view model public.stg_customers ............................... [RUN]
[0m15:14:53.733304 [debug] [Thread-4 (]: Acquiring new postgres connection 'model.dbt_project.stg_orders'
[0m15:14:53.734305 [debug] [Thread-2 (]: Re-using an available connection from the pool (formerly model.dbt_project.brnz_orders, now model.dbt_project.stg_customers)
[0m15:14:53.734305 [debug] [Thread-4 (]: Began compiling node model.dbt_project.stg_orders
[0m15:14:53.735303 [debug] [Thread-2 (]: Began compiling node model.dbt_project.stg_customers
[0m15:14:53.739303 [debug] [Thread-4 (]: Writing injected SQL for node "model.dbt_project.stg_orders"
[0m15:14:53.743305 [debug] [Thread-2 (]: Writing injected SQL for node "model.dbt_project.stg_customers"
[0m15:14:53.744304 [debug] [Thread-4 (]: Began executing node model.dbt_project.stg_orders
[0m15:14:53.763309 [debug] [Thread-4 (]: Writing runtime sql for node "model.dbt_project.stg_orders"
[0m15:14:53.763309 [debug] [Thread-2 (]: Began executing node model.dbt_project.stg_customers
[0m15:14:53.768312 [debug] [Thread-2 (]: Writing runtime sql for node "model.dbt_project.stg_customers"
[0m15:14:53.768312 [debug] [Thread-4 (]: Using postgres connection "model.dbt_project.stg_orders"
[0m15:14:53.769312 [debug] [Thread-4 (]: On model.dbt_project.stg_orders: BEGIN
[0m15:14:53.770310 [debug] [Thread-4 (]: Opening a new connection, currently in state init
[0m15:14:53.770310 [debug] [Thread-2 (]: Using postgres connection "model.dbt_project.stg_customers"
[0m15:14:53.771311 [debug] [Thread-2 (]: On model.dbt_project.stg_customers: BEGIN
[0m15:14:53.771311 [debug] [Thread-2 (]: Opening a new connection, currently in state closed
[0m15:14:53.804319 [debug] [Thread-4 (]: SQL status: BEGIN in 0.034 seconds
[0m15:14:53.805319 [debug] [Thread-4 (]: Using postgres connection "model.dbt_project.stg_orders"
[0m15:14:53.805319 [debug] [Thread-4 (]: On model.dbt_project.stg_orders: /* {"app": "dbt", "dbt_version": "1.10.8", "profile_name": "dbt_project", "target_name": "dev", "node_id": "model.dbt_project.stg_orders"} */

  create view "dbt_project".public.stg_orders__dbt_tmp
    
    
  as (
    

WITH validated AS (
    SELECT
        order_id,
        customer_id,
        CAST(order_date AS DATE) AS order_date,
        CAST(amount AS DECIMAL(10, 2)) AS amount,
        LOWER(TRIM(status)) AS status,
        loaded_at,
        -- Data quality flags
        CASE
            WHEN order_date IS NULL THEN FALSE
            ELSE TRUE
        END AS is_valid_date,
        CASE
            WHEN amount <= 0 THEN FALSE
            WHEN amount > 10000 THEN FALSE  -- Flag suspicious high amounts
            ELSE TRUE
        END AS is_valid_amount,
        CASE
            WHEN LOWER(TRIM(status)) IN ('completed', 'pending', 'cancelled') THEN TRUE
            ELSE FALSE
        END AS is_valid_status,
        -- Outlier detection
        CASE
            WHEN amount > (SELECT PERCENTILE_CONT(0.95) WITHIN GROUP (ORDER BY amount) FROM "dbt_project".public.brnz_orders) THEN TRUE
            ELSE FALSE
        END AS is_high_value_order,
        CASE
            WHEN amount < (SELECT PERCENTILE_CONT(0.05) WITHIN GROUP (ORDER BY amount) FROM "dbt_project".public.brnz_orders) THEN TRUE
            ELSE FALSE
        END AS is_low_value_order,
        CURRENT_TIMESTAMP AS transformed_at
    FROM "dbt_project".public.brnz_orders
    WHERE 
        order_id IS NOT NULL
        AND customer_id IS NOT NULL
        AND order_date IS NOT NULL
        AND LOWER(TRIM(status)) IN ('completed', 'pending', 'cancelled')
)

SELECT * FROM validated
  );
[0m15:14:53.807320 [debug] [Thread-2 (]: SQL status: BEGIN in 0.036 seconds
[0m15:14:53.808319 [debug] [Thread-2 (]: Using postgres connection "model.dbt_project.stg_customers"
[0m15:14:53.808319 [debug] [Thread-2 (]: On model.dbt_project.stg_customers: /* {"app": "dbt", "dbt_version": "1.10.8", "profile_name": "dbt_project", "target_name": "dev", "node_id": "model.dbt_project.stg_customers"} */

  create view "dbt_project".public.stg_customers__dbt_tmp
    
    
  as (
    

WITH deduplicated AS (
    SELECT
        customer_id,
        customer_name,
        email,
        phone,
        country,
        loaded_at,
        ROW_NUMBER() OVER (PARTITION BY LOWER(TRIM(email)) ORDER BY customer_id) AS rn
    FROM "dbt_project".public.brnz_customers
    WHERE customer_id IS NOT NULL
),

cleaned AS (
    SELECT
        customer_id,
        -- Standardize name: Proper case (title case)
        INITCAP(TRIM(customer_name)) AS customer_name,
        -- Normalize email: lowercase and trim
        LOWER(TRIM(email)) AS email,
        -- Standardize phone: extract digits only
        REGEXP_REPLACE(phone, '[^0-9]', '') AS phone_digits,
        -- Map country to region
        CASE
            WHEN country IN ('USA', 'Canada', 'Mexico') THEN 'North America'
            WHEN country IN ('UK', 'Germany', 'France', 'Spain', 'Italy', 'Netherlands', 'Belgium', 'Sweden') THEN 'Europe'
            WHEN country IN ('India', 'Japan', 'Australia') THEN 'Asia Pacific'
            WHEN country IN ('Brazil') THEN 'South America'
            ELSE 'Other'
        END AS region,
        country,
        loaded_at,
        -- Data quality flags
        CASE
            WHEN email ~ '^[A-Za-z0-9._%+-]+@[A-Za-z0-9.-]+\.[A-Z|a-z]{2,}$' THEN TRUE
            ELSE FALSE
        END AS is_valid_email,
        CASE
            WHEN LENGTH(REGEXP_REPLACE(phone, '[^0-9]', '')) >= 10 THEN TRUE
            ELSE FALSE
        END AS is_valid_phone,
        CURRENT_TIMESTAMP AS transformed_at
    FROM deduplicated
    WHERE rn = 1  -- Keep only first occurrence of each email
)

SELECT * FROM cleaned
  );
[0m15:14:53.833325 [debug] [Thread-4 (]: SQL status: CREATE VIEW in 0.027 seconds
[0m15:14:53.833325 [debug] [Thread-2 (]: SQL status: CREATE VIEW in 0.024 seconds
[0m15:14:53.837326 [debug] [Thread-4 (]: Using postgres connection "model.dbt_project.stg_orders"
[0m15:14:53.840327 [debug] [Thread-2 (]: Using postgres connection "model.dbt_project.stg_customers"
[0m15:14:53.841327 [debug] [Thread-4 (]: On model.dbt_project.stg_orders: /* {"app": "dbt", "dbt_version": "1.10.8", "profile_name": "dbt_project", "target_name": "dev", "node_id": "model.dbt_project.stg_orders"} */
alter table "dbt_project".public.stg_orders__dbt_tmp rename to stg_orders
[0m15:14:53.842326 [debug] [Thread-2 (]: On model.dbt_project.stg_customers: /* {"app": "dbt", "dbt_version": "1.10.8", "profile_name": "dbt_project", "target_name": "dev", "node_id": "model.dbt_project.stg_customers"} */
alter table "dbt_project".public.stg_customers__dbt_tmp rename to stg_customers
[0m15:14:53.843328 [debug] [Thread-4 (]: SQL status: ALTER TABLE in 0.001 seconds
[0m15:14:53.844331 [debug] [Thread-2 (]: SQL status: ALTER TABLE in 0.001 seconds
[0m15:14:53.846328 [debug] [Thread-4 (]: On model.dbt_project.stg_orders: COMMIT
[0m15:14:53.848328 [debug] [Thread-2 (]: On model.dbt_project.stg_customers: COMMIT
[0m15:14:53.849329 [debug] [Thread-4 (]: Using postgres connection "model.dbt_project.stg_orders"
[0m15:14:53.849329 [debug] [Thread-2 (]: Using postgres connection "model.dbt_project.stg_customers"
[0m15:14:53.850329 [debug] [Thread-4 (]: On model.dbt_project.stg_orders: COMMIT
[0m15:14:53.851329 [debug] [Thread-2 (]: On model.dbt_project.stg_customers: COMMIT
[0m15:14:53.853331 [debug] [Thread-4 (]: SQL status: COMMIT in 0.001 seconds
[0m15:14:53.854331 [debug] [Thread-2 (]: SQL status: COMMIT in 0.002 seconds
[0m15:14:53.856331 [debug] [Thread-4 (]: Applying DROP to: "dbt_project".public.stg_orders__dbt_backup
[0m15:14:53.859331 [debug] [Thread-2 (]: Applying DROP to: "dbt_project".public.stg_customers__dbt_backup
[0m15:14:53.862332 [debug] [Thread-4 (]: Using postgres connection "model.dbt_project.stg_orders"
[0m15:14:53.863333 [debug] [Thread-2 (]: Using postgres connection "model.dbt_project.stg_customers"
[0m15:14:53.864332 [debug] [Thread-4 (]: On model.dbt_project.stg_orders: /* {"app": "dbt", "dbt_version": "1.10.8", "profile_name": "dbt_project", "target_name": "dev", "node_id": "model.dbt_project.stg_orders"} */
drop view if exists "dbt_project".public.stg_orders__dbt_backup cascade
[0m15:14:53.865332 [debug] [Thread-2 (]: On model.dbt_project.stg_customers: /* {"app": "dbt", "dbt_version": "1.10.8", "profile_name": "dbt_project", "target_name": "dev", "node_id": "model.dbt_project.stg_customers"} */
drop view if exists "dbt_project".public.stg_customers__dbt_backup cascade
[0m15:14:53.866333 [debug] [Thread-4 (]: SQL status: DROP VIEW in 0.000 seconds
[0m15:14:53.866333 [debug] [Thread-2 (]: SQL status: DROP VIEW in 0.000 seconds
[0m15:14:53.868333 [debug] [Thread-4 (]: On model.dbt_project.stg_orders: Close
[0m15:14:53.870335 [debug] [Thread-2 (]: On model.dbt_project.stg_customers: Close
[0m15:14:53.871334 [debug] [Thread-4 (]: Sending event: {'category': 'dbt', 'action': 'run_model', 'label': '45c6c727-5f40-4598-b0ac-f1607d921ef2', 'context': [<snowplow_tracker.self_describing_json.SelfDescribingJson object at 0x00000187998FF390>]}
[0m15:14:53.872334 [debug] [Thread-2 (]: Sending event: {'category': 'dbt', 'action': 'run_model', 'label': '45c6c727-5f40-4598-b0ac-f1607d921ef2', 'context': [<snowplow_tracker.self_describing_json.SelfDescribingJson object at 0x00000187998E0250>]}
[0m15:14:53.873335 [info ] [Thread-4 (]: 3 of 5 OK created sql view model public.stg_orders ............................. [[32mCREATE VIEW[0m in 0.14s]
[0m15:14:53.874336 [info ] [Thread-2 (]: 4 of 5 OK created sql view model public.stg_customers .......................... [[32mCREATE VIEW[0m in 0.14s]
[0m15:14:53.875336 [debug] [Thread-4 (]: Finished running node model.dbt_project.stg_orders
[0m15:14:53.876335 [debug] [Thread-2 (]: Finished running node model.dbt_project.stg_customers
[0m15:14:53.877335 [debug] [Thread-1 (]: Began running node model.dbt_project.customer_metrics
[0m15:14:53.878335 [info ] [Thread-1 (]: 5 of 5 START sql table model public.customer_metrics ........................... [RUN]
[0m15:14:53.879336 [debug] [Thread-1 (]: Re-using an available connection from the pool (formerly model.dbt_project.brnz_customers, now model.dbt_project.customer_metrics)
[0m15:14:53.880336 [debug] [Thread-1 (]: Began compiling node model.dbt_project.customer_metrics
[0m15:14:53.884338 [debug] [Thread-1 (]: Writing injected SQL for node "model.dbt_project.customer_metrics"
[0m15:14:53.885337 [debug] [Thread-1 (]: Began executing node model.dbt_project.customer_metrics
[0m15:14:53.889338 [debug] [Thread-1 (]: Writing runtime sql for node "model.dbt_project.customer_metrics"
[0m15:14:53.891339 [debug] [Thread-1 (]: Using postgres connection "model.dbt_project.customer_metrics"
[0m15:14:53.891339 [debug] [Thread-1 (]: On model.dbt_project.customer_metrics: BEGIN
[0m15:14:53.892339 [debug] [Thread-1 (]: Opening a new connection, currently in state closed
[0m15:14:53.924347 [debug] [Thread-1 (]: SQL status: BEGIN in 0.032 seconds
[0m15:14:53.925347 [debug] [Thread-1 (]: Using postgres connection "model.dbt_project.customer_metrics"
[0m15:14:53.925347 [debug] [Thread-1 (]: On model.dbt_project.customer_metrics: /* {"app": "dbt", "dbt_version": "1.10.8", "profile_name": "dbt_project", "target_name": "dev", "node_id": "model.dbt_project.customer_metrics"} */

  
    

  create  table "dbt_project".public.customer_metrics__dbt_tmp
  
  
    as
  
  (
    

WITH customer_metrics AS (
    SELECT
        c.customer_id,
        c.customer_name,
        c.email,
        c.country,
        COUNT(DISTINCT o.order_id) AS total_orders,
        COUNT(DISTINCT CASE WHEN o.status = 'completed' THEN o.order_id END) AS completed_orders,
        COUNT(DISTINCT CASE WHEN o.status = 'pending' THEN o.order_id END) AS pending_orders,
        COALESCE(SUM(CASE WHEN o.status = 'completed' THEN o.amount END), 0) AS total_revenue,
        ROUND(AVG(CASE WHEN o.status = 'completed' THEN o.amount END), 2) AS avg_order_value,
        MAX(o.order_date) AS last_order_date,
        MIN(o.order_date) AS first_order_date
    FROM "dbt_project".public.stg_customers c
    LEFT JOIN "dbt_project".public.stg_orders o ON c.customer_id = o.customer_id
    GROUP BY c.customer_id, c.customer_name, c.email, c.country
)

SELECT
    customer_id,
    customer_name,
    email,
    country,
    total_orders,
    completed_orders,
    pending_orders,
    total_revenue,
    avg_order_value,
    last_order_date,
    first_order_date,
    (last_order_date - first_order_date) AS days_as_customer,
    -- Customer Lifetime Value: Total revenue / Days as customer (daily rate)
    CASE 
        WHEN (last_order_date - first_order_date) > 0 
        THEN ROUND(total_revenue / (last_order_date - first_order_date)::NUMERIC, 2)
        ELSE total_revenue
    END AS customer_lifetime_value,
    -- Customer Segmentation: Categorize by revenue
    CASE 
        WHEN total_revenue >= 500 THEN 'High-Value'
        WHEN total_revenue >= 200 THEN 'Medium-Value'
        ELSE 'Low-Value'
    END AS customer_segment,
    -- Repeat Customer Flag: True if customer has more than 1 order
    CASE 
        WHEN total_orders > 1 THEN TRUE
        ELSE FALSE
    END AS is_repeat_customer,
    -- Order Recency: Days since last order
    CASE 
        WHEN last_order_date IS NOT NULL 
        THEN (CURRENT_DATE - last_order_date)
        ELSE NULL
    END AS days_since_last_order,
    -- Completion Rate: Percentage of orders completed
    CASE 
        WHEN total_orders > 0 
        THEN ROUND((completed_orders::NUMERIC / total_orders) * 100, 2)
        ELSE 0
    END AS order_completion_rate,
    -- Order Frequency: Average days between orders
    CASE 
        WHEN (last_order_date - first_order_date) > 0 AND total_orders > 1
        THEN ROUND((last_order_date - first_order_date)::NUMERIC / (total_orders - 1), 0)
        ELSE NULL
    END AS avg_days_between_orders,
    CURRENT_TIMESTAMP AS updated_at
FROM customer_metrics
ORDER BY total_revenue DESC
  );
  
[0m15:14:54.126393 [debug] [Thread-1 (]: SQL status: SELECT 150 in 0.200 seconds
[0m15:14:54.129406 [debug] [Thread-1 (]: Using postgres connection "model.dbt_project.customer_metrics"
[0m15:14:54.130406 [debug] [Thread-1 (]: On model.dbt_project.customer_metrics: /* {"app": "dbt", "dbt_version": "1.10.8", "profile_name": "dbt_project", "target_name": "dev", "node_id": "model.dbt_project.customer_metrics"} */
alter table "dbt_project"."public"."customer_metrics" rename to customer_metrics__dbt_backup
[0m15:14:54.131400 [debug] [Thread-1 (]: SQL status: ALTER TABLE in 0.000 seconds
[0m15:14:54.134395 [debug] [Thread-1 (]: Using postgres connection "model.dbt_project.customer_metrics"
[0m15:14:54.135393 [debug] [Thread-1 (]: On model.dbt_project.customer_metrics: /* {"app": "dbt", "dbt_version": "1.10.8", "profile_name": "dbt_project", "target_name": "dev", "node_id": "model.dbt_project.customer_metrics"} */
alter table "dbt_project".public.customer_metrics__dbt_tmp rename to customer_metrics
[0m15:14:54.136394 [debug] [Thread-1 (]: SQL status: ALTER TABLE in 0.000 seconds
[0m15:14:54.139409 [debug] [Thread-1 (]: On model.dbt_project.customer_metrics: COMMIT
[0m15:14:54.139409 [debug] [Thread-1 (]: Using postgres connection "model.dbt_project.customer_metrics"
[0m15:14:54.140414 [debug] [Thread-1 (]: On model.dbt_project.customer_metrics: COMMIT
[0m15:14:54.142395 [debug] [Thread-1 (]: SQL status: COMMIT in 0.001 seconds
[0m15:14:54.145410 [debug] [Thread-1 (]: Applying DROP to: "dbt_project".public.customer_metrics__dbt_backup
[0m15:14:54.146410 [debug] [Thread-1 (]: Using postgres connection "model.dbt_project.customer_metrics"
[0m15:14:54.146410 [debug] [Thread-1 (]: On model.dbt_project.customer_metrics: /* {"app": "dbt", "dbt_version": "1.10.8", "profile_name": "dbt_project", "target_name": "dev", "node_id": "model.dbt_project.customer_metrics"} */
drop table if exists "dbt_project".public.customer_metrics__dbt_backup cascade
[0m15:14:54.151397 [debug] [Thread-1 (]: SQL status: DROP TABLE in 0.005 seconds
[0m15:14:54.153406 [debug] [Thread-1 (]: On model.dbt_project.customer_metrics: Close
[0m15:14:54.154405 [debug] [Thread-1 (]: Sending event: {'category': 'dbt', 'action': 'run_model', 'label': '45c6c727-5f40-4598-b0ac-f1607d921ef2', 'context': [<snowplow_tracker.self_describing_json.SelfDescribingJson object at 0x0000018799E53B50>]}
[0m15:14:54.155400 [info ] [Thread-1 (]: 5 of 5 OK created sql table model public.customer_metrics ...................... [[32mSELECT 150[0m in 0.28s]
[0m15:14:54.156407 [debug] [Thread-1 (]: Finished running node model.dbt_project.customer_metrics
[0m15:14:54.157400 [debug] [MainThread]: Using postgres connection "master"
[0m15:14:54.158400 [debug] [MainThread]: On master: BEGIN
[0m15:14:54.158400 [debug] [MainThread]: Opening a new connection, currently in state closed
[0m15:14:54.192407 [debug] [MainThread]: SQL status: BEGIN in 0.033 seconds
[0m15:14:54.193409 [debug] [MainThread]: On master: COMMIT
[0m15:14:54.195409 [debug] [MainThread]: Using postgres connection "master"
[0m15:14:54.195409 [debug] [MainThread]: On master: COMMIT
[0m15:14:54.196406 [debug] [MainThread]: SQL status: COMMIT in 0.000 seconds
[0m15:14:54.196406 [debug] [MainThread]: On master: Close
[0m15:14:54.197408 [debug] [MainThread]: Connection 'master' was properly closed.
[0m15:14:54.197408 [debug] [MainThread]: Connection 'list_dbt_project' was properly closed.
[0m15:14:54.198408 [debug] [MainThread]: Connection 'list_dbt_project_public' was properly closed.
[0m15:14:54.199407 [debug] [MainThread]: Connection 'model.dbt_project.customer_metrics' was properly closed.
[0m15:14:54.200409 [debug] [MainThread]: Connection 'model.dbt_project.stg_customers' was properly closed.
[0m15:14:54.200409 [debug] [MainThread]: Connection 'model.dbt_project.stg_orders' was properly closed.
[0m15:14:54.201409 [info ] [MainThread]: 
[0m15:14:54.201409 [info ] [MainThread]: Finished running 3 table models, 2 view models in 0 hours 0 minutes and 0.94 seconds (0.94s).
[0m15:14:54.203411 [debug] [MainThread]: Command end result
[0m15:14:54.239419 [debug] [MainThread]: Wrote artifact WritableManifest to C:\Users\arpit\Jupyter Notebook\CI CD Pipeline project\target\manifest.json
[0m15:14:54.242419 [debug] [MainThread]: Wrote artifact SemanticManifest to C:\Users\arpit\Jupyter Notebook\CI CD Pipeline project\target\semantic_manifest.json
[0m15:14:54.248421 [debug] [MainThread]: Wrote artifact RunExecutionResult to C:\Users\arpit\Jupyter Notebook\CI CD Pipeline project\target\run_results.json
[0m15:14:54.249422 [info ] [MainThread]: 
[0m15:14:54.250429 [info ] [MainThread]: [32mCompleted successfully[0m
[0m15:14:54.250429 [info ] [MainThread]: 
[0m15:14:54.251419 [info ] [MainThread]: Done. PASS=5 WARN=0 ERROR=0 SKIP=0 NO-OP=0 TOTAL=5
[0m15:14:54.252420 [warn ] [MainThread]: [[33mWARNING[0m][DeprecationsSummary]: Deprecated functionality
Summary of encountered deprecations:
- MissingArgumentsPropertyInGenericTestDeprecation: 2 occurrences
To see all deprecation instances instead of just the first occurrence of each,
run command again with the `--show-all-deprecations` flag. You may also need to
run with `--no-partial-parse` as some deprecations are only encountered during
parsing.
[0m15:14:54.253420 [debug] [MainThread]: Command `dbt run` succeeded at 15:14:54.253420 after 2.68 seconds
[0m15:14:54.254430 [debug] [MainThread]: Sending event: {'category': 'dbt', 'action': 'invocation', 'label': 'end', 'context': [<snowplow_tracker.self_describing_json.SelfDescribingJson object at 0x0000018791196190>, <snowplow_tracker.self_describing_json.SelfDescribingJson object at 0x0000018796754910>, <snowplow_tracker.self_describing_json.SelfDescribingJson object at 0x00000187978F6310>]}
[0m15:14:54.255429 [debug] [MainThread]: Flushing usage events
[0m15:14:54.821634 [debug] [MainThread]: An error was encountered while trying to flush usage events
[0m15:15:06.440972 [debug] [MainThread]: Sending event: {'category': 'dbt', 'action': 'invocation', 'label': 'start', 'context': [<snowplow_tracker.self_describing_json.SelfDescribingJson object at 0x000001987B4D3D50>, <snowplow_tracker.self_describing_json.SelfDescribingJson object at 0x000001987A133A90>, <snowplow_tracker.self_describing_json.SelfDescribingJson object at 0x000001987B45C990>]}


============================== 15:15:06.444973 | b426bdfe-1697-4f72-8143-ab6b76bd6d79 ==============================
[0m15:15:06.444973 [info ] [MainThread]: Running with dbt=1.10.8
[0m15:15:06.445974 [debug] [MainThread]: running dbt with arguments {'printer_width': '80', 'indirect_selection': 'eager', 'log_cache_events': 'False', 'write_json': 'True', 'partial_parse': 'True', 'cache_selected_only': 'False', 'profiles_dir': 'C:\\Users\\arpit\\.dbt', 'debug': 'False', 'fail_fast': 'False', 'log_path': 'C:\\Users\\arpit\\Jupyter Notebook\\CI CD Pipeline project\\logs', 'version_check': 'True', 'warn_error': 'None', 'use_colors': 'True', 'use_experimental_parser': 'False', 'empty': 'None', 'quiet': 'False', 'no_print': 'None', 'log_format': 'default', 'static_parser': 'True', 'invocation_command': 'dbt test', 'introspect': 'True', 'target_path': 'None', 'warn_error_options': 'WarnErrorOptionsV2(error=[], warn=[], silence=[])', 'send_anonymous_usage_stats': 'True'}
[0m15:15:06.724049 [debug] [MainThread]: Sending event: {'category': 'dbt', 'action': 'project_id', 'label': 'b426bdfe-1697-4f72-8143-ab6b76bd6d79', 'context': [<snowplow_tracker.self_describing_json.SelfDescribingJson object at 0x000001987B6C3310>]}
[0m15:15:06.795077 [debug] [MainThread]: Sending event: {'category': 'dbt', 'action': 'adapter_info', 'label': 'b426bdfe-1697-4f72-8143-ab6b76bd6d79', 'context': [<snowplow_tracker.self_describing_json.SelfDescribingJson object at 0x0000019876E4CA90>]}
[0m15:15:06.797062 [info ] [MainThread]: Registered adapter: postgres=1.9.0
[0m15:15:07.118145 [debug] [MainThread]: checksum: 265d66e81f90af29a7a28579c9b54d938c94f4a57c57be5f853267ae509b5fcb, vars: {}, profile: , target: , version: 1.10.8
[0m15:15:07.309188 [debug] [MainThread]: Partial parsing enabled: 0 files deleted, 0 files added, 0 files changed.
[0m15:15:07.309188 [debug] [MainThread]: Partial parsing enabled, no changes found, skipping parsing
[0m15:15:07.363186 [debug] [MainThread]: Sending event: {'category': 'dbt', 'action': 'load_project', 'label': 'b426bdfe-1697-4f72-8143-ab6b76bd6d79', 'context': [<snowplow_tracker.self_describing_json.SelfDescribingJson object at 0x000001987B50FED0>]}
[0m15:15:07.459222 [debug] [MainThread]: Wrote artifact WritableManifest to C:\Users\arpit\Jupyter Notebook\CI CD Pipeline project\target\manifest.json
[0m15:15:07.461217 [debug] [MainThread]: Wrote artifact SemanticManifest to C:\Users\arpit\Jupyter Notebook\CI CD Pipeline project\target\semantic_manifest.json
[0m15:15:07.554229 [debug] [MainThread]: Sending event: {'category': 'dbt', 'action': 'resource_counts', 'label': 'b426bdfe-1697-4f72-8143-ab6b76bd6d79', 'context': [<snowplow_tracker.self_describing_json.SelfDescribingJson object at 0x000001987B698B10>]}
[0m15:15:07.554229 [info ] [MainThread]: Found 5 models, 3 seeds, 26 data tests, 2 sources, 434 macros
[0m15:15:07.555230 [debug] [MainThread]: Sending event: {'category': 'dbt', 'action': 'runnable_timing', 'label': 'b426bdfe-1697-4f72-8143-ab6b76bd6d79', 'context': [<snowplow_tracker.self_describing_json.SelfDescribingJson object at 0x000001987BD641D0>]}
[0m15:15:07.559232 [info ] [MainThread]: 
[0m15:15:07.559232 [info ] [MainThread]: Concurrency: 4 threads (target='dev')
[0m15:15:07.560231 [info ] [MainThread]: 
[0m15:15:07.561231 [debug] [MainThread]: Acquiring new postgres connection 'master'
[0m15:15:07.566232 [debug] [ThreadPool]: Acquiring new postgres connection 'list_dbt_project_public'
[0m15:15:07.659255 [debug] [ThreadPool]: Using postgres connection "list_dbt_project_public"
[0m15:15:07.659255 [debug] [ThreadPool]: On list_dbt_project_public: BEGIN
[0m15:15:07.660256 [debug] [ThreadPool]: Opening a new connection, currently in state init
[0m15:15:07.698263 [debug] [ThreadPool]: SQL status: BEGIN in 0.038 seconds
[0m15:15:07.698263 [debug] [ThreadPool]: Using postgres connection "list_dbt_project_public"
[0m15:15:07.699263 [debug] [ThreadPool]: On list_dbt_project_public: /* {"app": "dbt", "dbt_version": "1.10.8", "profile_name": "dbt_project", "target_name": "dev", "connection_name": "list_dbt_project_public"} */
select
      'dbt_project' as database,
      tablename as name,
      schemaname as schema,
      'table' as type
    from pg_tables
    where schemaname ilike 'public'
    union all
    select
      'dbt_project' as database,
      viewname as name,
      schemaname as schema,
      'view' as type
    from pg_views
    where schemaname ilike 'public'
    union all
    select
      'dbt_project' as database,
      matviewname as name,
      schemaname as schema,
      'materialized_view' as type
    from pg_matviews
    where schemaname ilike 'public'
  
[0m15:15:07.707221 [debug] [ThreadPool]: SQL status: SELECT 8 in 0.007 seconds
[0m15:15:07.708221 [debug] [ThreadPool]: On list_dbt_project_public: ROLLBACK
[0m15:15:07.709223 [debug] [ThreadPool]: On list_dbt_project_public: Close
[0m15:15:07.715222 [debug] [MainThread]: Using postgres connection "master"
[0m15:15:07.716223 [debug] [MainThread]: On master: BEGIN
[0m15:15:07.717223 [debug] [MainThread]: Opening a new connection, currently in state init
[0m15:15:07.749230 [debug] [MainThread]: SQL status: BEGIN in 0.032 seconds
[0m15:15:07.749230 [debug] [MainThread]: Using postgres connection "master"
[0m15:15:07.750231 [debug] [MainThread]: On master: /* {"app": "dbt", "dbt_version": "1.10.8", "profile_name": "dbt_project", "target_name": "dev", "connection_name": "master"} */
with relation as (
        select
            pg_rewrite.ev_class as class,
            pg_rewrite.oid as id
        from pg_rewrite
    ),
    class as (
        select
            oid as id,
            relname as name,
            relnamespace as schema,
            relkind as kind
        from pg_class
    ),
    dependency as (
        select distinct
            pg_depend.objid as id,
            pg_depend.refobjid as ref
        from pg_depend
    ),
    schema as (
        select
            pg_namespace.oid as id,
            pg_namespace.nspname as name
        from pg_namespace
        where nspname != 'information_schema' and nspname not like 'pg\_%'
    ),
    referenced as (
        select
            relation.id AS id,
            referenced_class.name ,
            referenced_class.schema ,
            referenced_class.kind
        from relation
        join class as referenced_class on relation.class=referenced_class.id
        where referenced_class.kind in ('r', 'v', 'm')
    ),
    relationships as (
        select
            referenced.name as referenced_name,
            referenced.schema as referenced_schema_id,
            dependent_class.name as dependent_name,
            dependent_class.schema as dependent_schema_id,
            referenced.kind as kind
        from referenced
        join dependency on referenced.id=dependency.id
        join class as dependent_class on dependency.ref=dependent_class.id
        where
            (referenced.name != dependent_class.name or
             referenced.schema != dependent_class.schema)
    )

    select
        referenced_schema.name as referenced_schema,
        relationships.referenced_name as referenced_name,
        dependent_schema.name as dependent_schema,
        relationships.dependent_name as dependent_name
    from relationships
    join schema as dependent_schema on relationships.dependent_schema_id=dependent_schema.id
    join schema as referenced_schema on relationships.referenced_schema_id=referenced_schema.id
    group by referenced_schema, referenced_name, dependent_schema, dependent_name
    order by referenced_schema, referenced_name, dependent_schema, dependent_name;
[0m15:15:07.760232 [debug] [MainThread]: SQL status: SELECT 2 in 0.009 seconds
[0m15:15:07.763233 [debug] [MainThread]: Sending event: {'category': 'dbt', 'action': 'runnable_timing', 'label': 'b426bdfe-1697-4f72-8143-ab6b76bd6d79', 'context': [<snowplow_tracker.self_describing_json.SelfDescribingJson object at 0x000001987B662E10>]}
[0m15:15:07.764234 [debug] [MainThread]: On master: ROLLBACK
[0m15:15:07.765235 [debug] [MainThread]: Using postgres connection "master"
[0m15:15:07.766234 [debug] [MainThread]: On master: BEGIN
[0m15:15:07.766234 [debug] [MainThread]: SQL status: BEGIN in 0.000 seconds
[0m15:15:07.767235 [debug] [MainThread]: On master: COMMIT
[0m15:15:07.767235 [debug] [MainThread]: Using postgres connection "master"
[0m15:15:07.768234 [debug] [MainThread]: On master: COMMIT
[0m15:15:07.768234 [debug] [MainThread]: SQL status: COMMIT in 0.000 seconds
[0m15:15:07.769235 [debug] [MainThread]: On master: Close
[0m15:15:07.775236 [debug] [Thread-1 (]: Began running node test.dbt_project.accepted_values_customer_metrics_customer_segment__High_Value__Medium_Value__Low_Value.b79332e10e
[0m15:15:07.775236 [debug] [Thread-2 (]: Began running node test.dbt_project.accepted_values_stg_orders_status__completed__pending__cancelled.55410e9790
[0m15:15:07.775236 [debug] [Thread-3 (]: Began running node test.dbt_project.not_null_brnz_customers_customer_id.b4d91ba4e5
[0m15:15:07.776237 [debug] [Thread-4 (]: Began running node test.dbt_project.not_null_brnz_orders_customer_id.a7693da971
[0m15:15:07.776237 [info ] [Thread-1 (]: 1 of 26 START test accepted_values_customer_metrics_customer_segment__High_Value__Medium_Value__Low_Value  [RUN]
[0m15:15:07.777237 [info ] [Thread-2 (]: 2 of 26 START test accepted_values_stg_orders_status__completed__pending__cancelled  [RUN]
[0m15:15:07.778237 [info ] [Thread-3 (]: 3 of 26 START test not_null_brnz_customers_customer_id ......................... [RUN]
[0m15:15:07.779237 [info ] [Thread-4 (]: 4 of 26 START test not_null_brnz_orders_customer_id ............................ [RUN]
[0m15:15:07.780237 [debug] [Thread-1 (]: Acquiring new postgres connection 'test.dbt_project.accepted_values_customer_metrics_customer_segment__High_Value__Medium_Value__Low_Value.b79332e10e'
[0m15:15:07.781238 [debug] [Thread-2 (]: Acquiring new postgres connection 'test.dbt_project.accepted_values_stg_orders_status__completed__pending__cancelled.55410e9790'
[0m15:15:07.782238 [debug] [Thread-3 (]: Acquiring new postgres connection 'test.dbt_project.not_null_brnz_customers_customer_id.b4d91ba4e5'
[0m15:15:07.782238 [debug] [Thread-4 (]: Acquiring new postgres connection 'test.dbt_project.not_null_brnz_orders_customer_id.a7693da971'
[0m15:15:07.783238 [debug] [Thread-1 (]: Began compiling node test.dbt_project.accepted_values_customer_metrics_customer_segment__High_Value__Medium_Value__Low_Value.b79332e10e
[0m15:15:07.784238 [debug] [Thread-2 (]: Began compiling node test.dbt_project.accepted_values_stg_orders_status__completed__pending__cancelled.55410e9790
[0m15:15:07.784238 [debug] [Thread-3 (]: Began compiling node test.dbt_project.not_null_brnz_customers_customer_id.b4d91ba4e5
[0m15:15:07.785238 [debug] [Thread-4 (]: Began compiling node test.dbt_project.not_null_brnz_orders_customer_id.a7693da971
[0m15:15:07.802244 [debug] [Thread-1 (]: Writing injected SQL for node "test.dbt_project.accepted_values_customer_metrics_customer_segment__High_Value__Medium_Value__Low_Value.b79332e10e"
[0m15:15:07.808249 [debug] [Thread-2 (]: Writing injected SQL for node "test.dbt_project.accepted_values_stg_orders_status__completed__pending__cancelled.55410e9790"
[0m15:15:07.817246 [debug] [Thread-3 (]: Writing injected SQL for node "test.dbt_project.not_null_brnz_customers_customer_id.b4d91ba4e5"
[0m15:15:07.821263 [debug] [Thread-4 (]: Writing injected SQL for node "test.dbt_project.not_null_brnz_orders_customer_id.a7693da971"
[0m15:15:07.823248 [debug] [Thread-1 (]: Began executing node test.dbt_project.accepted_values_customer_metrics_customer_segment__High_Value__Medium_Value__Low_Value.b79332e10e
[0m15:15:07.824248 [debug] [Thread-2 (]: Began executing node test.dbt_project.accepted_values_stg_orders_status__completed__pending__cancelled.55410e9790
[0m15:15:07.825256 [debug] [Thread-3 (]: Began executing node test.dbt_project.not_null_brnz_customers_customer_id.b4d91ba4e5
[0m15:15:07.841253 [debug] [Thread-1 (]: Writing runtime sql for node "test.dbt_project.accepted_values_customer_metrics_customer_segment__High_Value__Medium_Value__Low_Value.b79332e10e"
[0m15:15:07.842252 [debug] [Thread-4 (]: Began executing node test.dbt_project.not_null_brnz_orders_customer_id.a7693da971
[0m15:15:07.845250 [debug] [Thread-2 (]: Writing runtime sql for node "test.dbt_project.accepted_values_stg_orders_status__completed__pending__cancelled.55410e9790"
[0m15:15:07.848266 [debug] [Thread-3 (]: Writing runtime sql for node "test.dbt_project.not_null_brnz_customers_customer_id.b4d91ba4e5"
[0m15:15:07.852262 [debug] [Thread-4 (]: Writing runtime sql for node "test.dbt_project.not_null_brnz_orders_customer_id.a7693da971"
[0m15:15:07.853262 [debug] [Thread-1 (]: Using postgres connection "test.dbt_project.accepted_values_customer_metrics_customer_segment__High_Value__Medium_Value__Low_Value.b79332e10e"
[0m15:15:07.854255 [debug] [Thread-2 (]: Using postgres connection "test.dbt_project.accepted_values_stg_orders_status__completed__pending__cancelled.55410e9790"
[0m15:15:07.855255 [debug] [Thread-3 (]: Using postgres connection "test.dbt_project.not_null_brnz_customers_customer_id.b4d91ba4e5"
[0m15:15:07.856254 [debug] [Thread-1 (]: On test.dbt_project.accepted_values_customer_metrics_customer_segment__High_Value__Medium_Value__Low_Value.b79332e10e: BEGIN
[0m15:15:07.857255 [debug] [Thread-4 (]: Using postgres connection "test.dbt_project.not_null_brnz_orders_customer_id.a7693da971"
[0m15:15:07.858256 [debug] [Thread-2 (]: On test.dbt_project.accepted_values_stg_orders_status__completed__pending__cancelled.55410e9790: BEGIN
[0m15:15:07.859255 [debug] [Thread-3 (]: On test.dbt_project.not_null_brnz_customers_customer_id.b4d91ba4e5: BEGIN
[0m15:15:07.860256 [debug] [Thread-1 (]: Opening a new connection, currently in state init
[0m15:15:07.860256 [debug] [Thread-4 (]: On test.dbt_project.not_null_brnz_orders_customer_id.a7693da971: BEGIN
[0m15:15:07.861256 [debug] [Thread-2 (]: Opening a new connection, currently in state init
[0m15:15:07.861256 [debug] [Thread-3 (]: Opening a new connection, currently in state init
[0m15:15:07.862256 [debug] [Thread-4 (]: Opening a new connection, currently in state init
[0m15:15:07.897267 [debug] [Thread-1 (]: SQL status: BEGIN in 0.037 seconds
[0m15:15:07.898267 [debug] [Thread-1 (]: Using postgres connection "test.dbt_project.accepted_values_customer_metrics_customer_segment__High_Value__Medium_Value__Low_Value.b79332e10e"
[0m15:15:07.899267 [debug] [Thread-1 (]: On test.dbt_project.accepted_values_customer_metrics_customer_segment__High_Value__Medium_Value__Low_Value.b79332e10e: /* {"app": "dbt", "dbt_version": "1.10.8", "profile_name": "dbt_project", "target_name": "dev", "node_id": "test.dbt_project.accepted_values_customer_metrics_customer_segment__High_Value__Medium_Value__Low_Value.b79332e10e"} */

    select
      count(*) as failures,
      count(*) != 0 as should_warn,
      count(*) != 0 as should_error
    from (
      
    
  
    
    

with all_values as (

    select
        customer_segment as value_field,
        count(*) as n_records

    from "dbt_project".public.customer_metrics
    group by customer_segment

)

select *
from all_values
where value_field not in (
    'High-Value','Medium-Value','Low-Value'
)



  
  
      
    ) dbt_internal_test
[0m15:15:07.902267 [debug] [Thread-1 (]: SQL status: SELECT 1 in 0.002 seconds
[0m15:15:07.902267 [debug] [Thread-2 (]: SQL status: BEGIN in 0.042 seconds
[0m15:15:07.907267 [debug] [Thread-1 (]: On test.dbt_project.accepted_values_customer_metrics_customer_segment__High_Value__Medium_Value__Low_Value.b79332e10e: ROLLBACK
[0m15:15:07.907267 [debug] [Thread-2 (]: Using postgres connection "test.dbt_project.accepted_values_stg_orders_status__completed__pending__cancelled.55410e9790"
[0m15:15:07.908267 [debug] [Thread-4 (]: SQL status: BEGIN in 0.045 seconds
[0m15:15:07.908267 [debug] [Thread-3 (]: SQL status: BEGIN in 0.047 seconds
[0m15:15:07.909268 [debug] [Thread-1 (]: On test.dbt_project.accepted_values_customer_metrics_customer_segment__High_Value__Medium_Value__Low_Value.b79332e10e: Close
[0m15:15:07.910268 [debug] [Thread-2 (]: On test.dbt_project.accepted_values_stg_orders_status__completed__pending__cancelled.55410e9790: /* {"app": "dbt", "dbt_version": "1.10.8", "profile_name": "dbt_project", "target_name": "dev", "node_id": "test.dbt_project.accepted_values_stg_orders_status__completed__pending__cancelled.55410e9790"} */

    select
      count(*) as failures,
      count(*) != 0 as should_warn,
      count(*) != 0 as should_error
    from (
      
    
  
    
    

with all_values as (

    select
        status as value_field,
        count(*) as n_records

    from "dbt_project".public.stg_orders
    group by status

)

select *
from all_values
where value_field not in (
    'completed','pending','cancelled'
)



  
  
      
    ) dbt_internal_test
[0m15:15:07.911269 [debug] [Thread-4 (]: Using postgres connection "test.dbt_project.not_null_brnz_orders_customer_id.a7693da971"
[0m15:15:07.911269 [debug] [Thread-3 (]: Using postgres connection "test.dbt_project.not_null_brnz_customers_customer_id.b4d91ba4e5"
[0m15:15:07.912269 [info ] [Thread-1 (]: 1 of 26 PASS accepted_values_customer_metrics_customer_segment__High_Value__Medium_Value__Low_Value  [[32mPASS[0m in 0.13s]
[0m15:15:07.913269 [debug] [Thread-4 (]: On test.dbt_project.not_null_brnz_orders_customer_id.a7693da971: /* {"app": "dbt", "dbt_version": "1.10.8", "profile_name": "dbt_project", "target_name": "dev", "node_id": "test.dbt_project.not_null_brnz_orders_customer_id.a7693da971"} */

    select
      count(*) as failures,
      count(*) != 0 as should_warn,
      count(*) != 0 as should_error
    from (
      
    
  
    
    



select customer_id
from "dbt_project".public.brnz_orders
where customer_id is null



  
  
      
    ) dbt_internal_test
[0m15:15:07.914270 [debug] [Thread-3 (]: On test.dbt_project.not_null_brnz_customers_customer_id.b4d91ba4e5: /* {"app": "dbt", "dbt_version": "1.10.8", "profile_name": "dbt_project", "target_name": "dev", "node_id": "test.dbt_project.not_null_brnz_customers_customer_id.b4d91ba4e5"} */

    select
      count(*) as failures,
      count(*) != 0 as should_warn,
      count(*) != 0 as should_error
    from (
      
    
  
    
    



select customer_id
from "dbt_project".public.brnz_customers
where customer_id is null



  
  
      
    ) dbt_internal_test
[0m15:15:07.915271 [debug] [Thread-1 (]: Finished running node test.dbt_project.accepted_values_customer_metrics_customer_segment__High_Value__Medium_Value__Low_Value.b79332e10e
[0m15:15:07.916270 [debug] [Thread-1 (]: Began running node test.dbt_project.not_null_brnz_orders_order_id.2e8ed23d30
[0m15:15:07.917270 [debug] [Thread-2 (]: SQL status: SELECT 1 in 0.004 seconds
[0m15:15:07.918272 [debug] [Thread-4 (]: SQL status: SELECT 1 in 0.002 seconds
[0m15:15:07.918272 [debug] [Thread-3 (]: SQL status: SELECT 1 in 0.002 seconds
[0m15:15:07.919271 [info ] [Thread-1 (]: 5 of 26 START test not_null_brnz_orders_order_id ............................... [RUN]
[0m15:15:07.920272 [debug] [Thread-2 (]: On test.dbt_project.accepted_values_stg_orders_status__completed__pending__cancelled.55410e9790: ROLLBACK
[0m15:15:07.922272 [debug] [Thread-4 (]: On test.dbt_project.not_null_brnz_orders_customer_id.a7693da971: ROLLBACK
[0m15:15:07.923273 [debug] [Thread-3 (]: On test.dbt_project.not_null_brnz_customers_customer_id.b4d91ba4e5: ROLLBACK
[0m15:15:07.924273 [debug] [Thread-1 (]: Re-using an available connection from the pool (formerly test.dbt_project.accepted_values_customer_metrics_customer_segment__High_Value__Medium_Value__Low_Value.b79332e10e, now test.dbt_project.not_null_brnz_orders_order_id.2e8ed23d30)
[0m15:15:07.925272 [debug] [Thread-2 (]: On test.dbt_project.accepted_values_stg_orders_status__completed__pending__cancelled.55410e9790: Close
[0m15:15:07.926279 [debug] [Thread-4 (]: On test.dbt_project.not_null_brnz_orders_customer_id.a7693da971: Close
[0m15:15:07.927271 [debug] [Thread-3 (]: On test.dbt_project.not_null_brnz_customers_customer_id.b4d91ba4e5: Close
[0m15:15:07.928271 [debug] [Thread-1 (]: Began compiling node test.dbt_project.not_null_brnz_orders_order_id.2e8ed23d30
[0m15:15:07.929279 [info ] [Thread-2 (]: 2 of 26 PASS accepted_values_stg_orders_status__completed__pending__cancelled .. [[32mPASS[0m in 0.15s]
[0m15:15:07.930274 [info ] [Thread-4 (]: 4 of 26 PASS not_null_brnz_orders_customer_id .................................. [[32mPASS[0m in 0.15s]
[0m15:15:07.931271 [info ] [Thread-3 (]: 3 of 26 PASS not_null_brnz_customers_customer_id ............................... [[32mPASS[0m in 0.15s]
[0m15:15:07.935273 [debug] [Thread-1 (]: Writing injected SQL for node "test.dbt_project.not_null_brnz_orders_order_id.2e8ed23d30"
[0m15:15:07.937274 [debug] [Thread-2 (]: Finished running node test.dbt_project.accepted_values_stg_orders_status__completed__pending__cancelled.55410e9790
[0m15:15:07.937274 [debug] [Thread-4 (]: Finished running node test.dbt_project.not_null_brnz_orders_customer_id.a7693da971
[0m15:15:07.938273 [debug] [Thread-3 (]: Finished running node test.dbt_project.not_null_brnz_customers_customer_id.b4d91ba4e5
[0m15:15:07.939273 [debug] [Thread-2 (]: Began running node test.dbt_project.not_null_customer_metrics_completed_orders.67267ba6bb
[0m15:15:07.940275 [debug] [Thread-1 (]: Began executing node test.dbt_project.not_null_brnz_orders_order_id.2e8ed23d30
[0m15:15:07.940275 [debug] [Thread-4 (]: Began running node test.dbt_project.not_null_customer_metrics_customer_id.e9f6122c87
[0m15:15:07.941275 [debug] [Thread-3 (]: Began running node test.dbt_project.not_null_customer_metrics_customer_lifetime_value.06f78010af
[0m15:15:07.942274 [info ] [Thread-2 (]: 6 of 26 START test not_null_customer_metrics_completed_orders .................. [RUN]
[0m15:15:07.945275 [debug] [Thread-1 (]: Writing runtime sql for node "test.dbt_project.not_null_brnz_orders_order_id.2e8ed23d30"
[0m15:15:07.946273 [info ] [Thread-4 (]: 7 of 26 START test not_null_customer_metrics_customer_id ....................... [RUN]
[0m15:15:07.947276 [info ] [Thread-3 (]: 8 of 26 START test not_null_customer_metrics_customer_lifetime_value ........... [RUN]
[0m15:15:07.947276 [debug] [Thread-2 (]: Re-using an available connection from the pool (formerly test.dbt_project.accepted_values_stg_orders_status__completed__pending__cancelled.55410e9790, now test.dbt_project.not_null_customer_metrics_completed_orders.67267ba6bb)
[0m15:15:07.948278 [debug] [Thread-4 (]: Re-using an available connection from the pool (formerly test.dbt_project.not_null_brnz_orders_customer_id.a7693da971, now test.dbt_project.not_null_customer_metrics_customer_id.e9f6122c87)
[0m15:15:07.949276 [debug] [Thread-1 (]: Using postgres connection "test.dbt_project.not_null_brnz_orders_order_id.2e8ed23d30"
[0m15:15:07.950278 [debug] [Thread-3 (]: Re-using an available connection from the pool (formerly test.dbt_project.not_null_brnz_customers_customer_id.b4d91ba4e5, now test.dbt_project.not_null_customer_metrics_customer_lifetime_value.06f78010af)
[0m15:15:07.950278 [debug] [Thread-2 (]: Began compiling node test.dbt_project.not_null_customer_metrics_completed_orders.67267ba6bb
[0m15:15:07.951275 [debug] [Thread-4 (]: Began compiling node test.dbt_project.not_null_customer_metrics_customer_id.e9f6122c87
[0m15:15:07.952277 [debug] [Thread-1 (]: On test.dbt_project.not_null_brnz_orders_order_id.2e8ed23d30: BEGIN
[0m15:15:07.953276 [debug] [Thread-3 (]: Began compiling node test.dbt_project.not_null_customer_metrics_customer_lifetime_value.06f78010af
[0m15:15:07.957277 [debug] [Thread-2 (]: Writing injected SQL for node "test.dbt_project.not_null_customer_metrics_completed_orders.67267ba6bb"
[0m15:15:07.964280 [debug] [Thread-4 (]: Writing injected SQL for node "test.dbt_project.not_null_customer_metrics_customer_id.e9f6122c87"
[0m15:15:07.965289 [debug] [Thread-1 (]: Opening a new connection, currently in state closed
[0m15:15:07.970281 [debug] [Thread-3 (]: Writing injected SQL for node "test.dbt_project.not_null_customer_metrics_customer_lifetime_value.06f78010af"
[0m15:15:07.972281 [debug] [Thread-2 (]: Began executing node test.dbt_project.not_null_customer_metrics_completed_orders.67267ba6bb
[0m15:15:07.973282 [debug] [Thread-4 (]: Began executing node test.dbt_project.not_null_customer_metrics_customer_id.e9f6122c87
[0m15:15:07.975281 [debug] [Thread-2 (]: Writing runtime sql for node "test.dbt_project.not_null_customer_metrics_completed_orders.67267ba6bb"
[0m15:15:07.979282 [debug] [Thread-4 (]: Writing runtime sql for node "test.dbt_project.not_null_customer_metrics_customer_id.e9f6122c87"
[0m15:15:07.979282 [debug] [Thread-3 (]: Began executing node test.dbt_project.not_null_customer_metrics_customer_lifetime_value.06f78010af
[0m15:15:07.983286 [debug] [Thread-3 (]: Writing runtime sql for node "test.dbt_project.not_null_customer_metrics_customer_lifetime_value.06f78010af"
[0m15:15:07.983286 [debug] [Thread-2 (]: Using postgres connection "test.dbt_project.not_null_customer_metrics_completed_orders.67267ba6bb"
[0m15:15:07.984286 [debug] [Thread-4 (]: Using postgres connection "test.dbt_project.not_null_customer_metrics_customer_id.e9f6122c87"
[0m15:15:07.986285 [debug] [Thread-2 (]: On test.dbt_project.not_null_customer_metrics_completed_orders.67267ba6bb: BEGIN
[0m15:15:07.986285 [debug] [Thread-3 (]: Using postgres connection "test.dbt_project.not_null_customer_metrics_customer_lifetime_value.06f78010af"
[0m15:15:07.987287 [debug] [Thread-4 (]: On test.dbt_project.not_null_customer_metrics_customer_id.e9f6122c87: BEGIN
[0m15:15:07.988286 [debug] [Thread-2 (]: Opening a new connection, currently in state closed
[0m15:15:07.988286 [debug] [Thread-3 (]: On test.dbt_project.not_null_customer_metrics_customer_lifetime_value.06f78010af: BEGIN
[0m15:15:07.989289 [debug] [Thread-4 (]: Opening a new connection, currently in state closed
[0m15:15:07.990288 [debug] [Thread-3 (]: Opening a new connection, currently in state closed
[0m15:15:08.006292 [debug] [Thread-1 (]: SQL status: BEGIN in 0.042 seconds
[0m15:15:08.007291 [debug] [Thread-1 (]: Using postgres connection "test.dbt_project.not_null_brnz_orders_order_id.2e8ed23d30"
[0m15:15:08.008290 [debug] [Thread-1 (]: On test.dbt_project.not_null_brnz_orders_order_id.2e8ed23d30: /* {"app": "dbt", "dbt_version": "1.10.8", "profile_name": "dbt_project", "target_name": "dev", "node_id": "test.dbt_project.not_null_brnz_orders_order_id.2e8ed23d30"} */

    select
      count(*) as failures,
      count(*) != 0 as should_warn,
      count(*) != 0 as should_error
    from (
      
    
  
    
    



select order_id
from "dbt_project".public.brnz_orders
where order_id is null



  
  
      
    ) dbt_internal_test
[0m15:15:08.010289 [debug] [Thread-1 (]: SQL status: SELECT 1 in 0.001 seconds
[0m15:15:08.012291 [debug] [Thread-1 (]: On test.dbt_project.not_null_brnz_orders_order_id.2e8ed23d30: ROLLBACK
[0m15:15:08.013292 [debug] [Thread-1 (]: On test.dbt_project.not_null_brnz_orders_order_id.2e8ed23d30: Close
[0m15:15:08.014291 [info ] [Thread-1 (]: 5 of 26 PASS not_null_brnz_orders_order_id ..................................... [[32mPASS[0m in 0.09s]
[0m15:15:08.016291 [debug] [Thread-1 (]: Finished running node test.dbt_project.not_null_brnz_orders_order_id.2e8ed23d30
[0m15:15:08.016291 [debug] [Thread-1 (]: Began running node test.dbt_project.not_null_customer_metrics_customer_segment.26106bb21b
[0m15:15:08.017289 [info ] [Thread-1 (]: 9 of 26 START test not_null_customer_metrics_customer_segment .................. [RUN]
[0m15:15:08.018290 [debug] [Thread-1 (]: Re-using an available connection from the pool (formerly test.dbt_project.not_null_brnz_orders_order_id.2e8ed23d30, now test.dbt_project.not_null_customer_metrics_customer_segment.26106bb21b)
[0m15:15:08.019291 [debug] [Thread-1 (]: Began compiling node test.dbt_project.not_null_customer_metrics_customer_segment.26106bb21b
[0m15:15:08.025293 [debug] [Thread-1 (]: Writing injected SQL for node "test.dbt_project.not_null_customer_metrics_customer_segment.26106bb21b"
[0m15:15:08.026294 [debug] [Thread-2 (]: SQL status: BEGIN in 0.038 seconds
[0m15:15:08.027293 [debug] [Thread-2 (]: Using postgres connection "test.dbt_project.not_null_customer_metrics_completed_orders.67267ba6bb"
[0m15:15:08.028294 [debug] [Thread-1 (]: Began executing node test.dbt_project.not_null_customer_metrics_customer_segment.26106bb21b
[0m15:15:08.028294 [debug] [Thread-2 (]: On test.dbt_project.not_null_customer_metrics_completed_orders.67267ba6bb: /* {"app": "dbt", "dbt_version": "1.10.8", "profile_name": "dbt_project", "target_name": "dev", "node_id": "test.dbt_project.not_null_customer_metrics_completed_orders.67267ba6bb"} */

    select
      count(*) as failures,
      count(*) != 0 as should_warn,
      count(*) != 0 as should_error
    from (
      
    
  
    
    



select completed_orders
from "dbt_project".public.customer_metrics
where completed_orders is null



  
  
      
    ) dbt_internal_test
[0m15:15:08.029294 [debug] [Thread-4 (]: SQL status: BEGIN in 0.040 seconds
[0m15:15:08.032298 [debug] [Thread-1 (]: Writing runtime sql for node "test.dbt_project.not_null_customer_metrics_customer_segment.26106bb21b"
[0m15:15:08.033297 [debug] [Thread-3 (]: SQL status: BEGIN in 0.043 seconds
[0m15:15:08.034295 [debug] [Thread-4 (]: Using postgres connection "test.dbt_project.not_null_customer_metrics_customer_id.e9f6122c87"
[0m15:15:08.035295 [debug] [Thread-3 (]: Using postgres connection "test.dbt_project.not_null_customer_metrics_customer_lifetime_value.06f78010af"
[0m15:15:08.035295 [debug] [Thread-2 (]: SQL status: SELECT 1 in 0.002 seconds
[0m15:15:08.036296 [debug] [Thread-1 (]: Using postgres connection "test.dbt_project.not_null_customer_metrics_customer_segment.26106bb21b"
[0m15:15:08.037298 [debug] [Thread-4 (]: On test.dbt_project.not_null_customer_metrics_customer_id.e9f6122c87: /* {"app": "dbt", "dbt_version": "1.10.8", "profile_name": "dbt_project", "target_name": "dev", "node_id": "test.dbt_project.not_null_customer_metrics_customer_id.e9f6122c87"} */

    select
      count(*) as failures,
      count(*) != 0 as should_warn,
      count(*) != 0 as should_error
    from (
      
    
  
    
    



select customer_id
from "dbt_project".public.customer_metrics
where customer_id is null



  
  
      
    ) dbt_internal_test
[0m15:15:08.038296 [debug] [Thread-3 (]: On test.dbt_project.not_null_customer_metrics_customer_lifetime_value.06f78010af: /* {"app": "dbt", "dbt_version": "1.10.8", "profile_name": "dbt_project", "target_name": "dev", "node_id": "test.dbt_project.not_null_customer_metrics_customer_lifetime_value.06f78010af"} */

    select
      count(*) as failures,
      count(*) != 0 as should_warn,
      count(*) != 0 as should_error
    from (
      
    
  
    
    



select customer_lifetime_value
from "dbt_project".public.customer_metrics
where customer_lifetime_value is null



  
  
      
    ) dbt_internal_test
[0m15:15:08.040297 [debug] [Thread-2 (]: On test.dbt_project.not_null_customer_metrics_completed_orders.67267ba6bb: ROLLBACK
[0m15:15:08.040297 [debug] [Thread-1 (]: On test.dbt_project.not_null_customer_metrics_customer_segment.26106bb21b: BEGIN
[0m15:15:08.042297 [debug] [Thread-2 (]: On test.dbt_project.not_null_customer_metrics_completed_orders.67267ba6bb: Close
[0m15:15:08.042297 [debug] [Thread-1 (]: Opening a new connection, currently in state closed
[0m15:15:08.043298 [debug] [Thread-3 (]: SQL status: SELECT 1 in 0.002 seconds
[0m15:15:08.043298 [debug] [Thread-4 (]: SQL status: SELECT 1 in 0.002 seconds
[0m15:15:08.044296 [info ] [Thread-2 (]: 6 of 26 PASS not_null_customer_metrics_completed_orders ........................ [[32mPASS[0m in 0.10s]
[0m15:15:08.047298 [debug] [Thread-3 (]: On test.dbt_project.not_null_customer_metrics_customer_lifetime_value.06f78010af: ROLLBACK
[0m15:15:08.049299 [debug] [Thread-4 (]: On test.dbt_project.not_null_customer_metrics_customer_id.e9f6122c87: ROLLBACK
[0m15:15:08.050298 [debug] [Thread-2 (]: Finished running node test.dbt_project.not_null_customer_metrics_completed_orders.67267ba6bb
[0m15:15:08.050298 [debug] [Thread-3 (]: On test.dbt_project.not_null_customer_metrics_customer_lifetime_value.06f78010af: Close
[0m15:15:08.051300 [debug] [Thread-4 (]: On test.dbt_project.not_null_customer_metrics_customer_id.e9f6122c87: Close
[0m15:15:08.052299 [debug] [Thread-2 (]: Began running node test.dbt_project.not_null_customer_metrics_total_orders.70989cf36e
[0m15:15:08.053299 [info ] [Thread-3 (]: 8 of 26 PASS not_null_customer_metrics_customer_lifetime_value ................. [[32mPASS[0m in 0.10s]
[0m15:15:08.055301 [info ] [Thread-4 (]: 7 of 26 PASS not_null_customer_metrics_customer_id ............................. [[32mPASS[0m in 0.11s]
[0m15:15:08.056301 [info ] [Thread-2 (]: 10 of 26 START test not_null_customer_metrics_total_orders ..................... [RUN]
[0m15:15:08.057303 [debug] [Thread-3 (]: Finished running node test.dbt_project.not_null_customer_metrics_customer_lifetime_value.06f78010af
[0m15:15:08.058304 [debug] [Thread-4 (]: Finished running node test.dbt_project.not_null_customer_metrics_customer_id.e9f6122c87
[0m15:15:08.059304 [debug] [Thread-2 (]: Re-using an available connection from the pool (formerly test.dbt_project.not_null_customer_metrics_completed_orders.67267ba6bb, now test.dbt_project.not_null_customer_metrics_total_orders.70989cf36e)
[0m15:15:08.059304 [debug] [Thread-3 (]: Began running node test.dbt_project.not_null_customer_metrics_total_revenue.08df7b5d70
[0m15:15:08.060303 [debug] [Thread-4 (]: Began running node test.dbt_project.not_null_stg_customers_customer_id.e2cfb1f9aa
[0m15:15:08.061302 [debug] [Thread-2 (]: Began compiling node test.dbt_project.not_null_customer_metrics_total_orders.70989cf36e
[0m15:15:08.062303 [info ] [Thread-3 (]: 11 of 26 START test not_null_customer_metrics_total_revenue .................... [RUN]
[0m15:15:08.063303 [info ] [Thread-4 (]: 12 of 26 START test not_null_stg_customers_customer_id ......................... [RUN]
[0m15:15:08.068303 [debug] [Thread-2 (]: Writing injected SQL for node "test.dbt_project.not_null_customer_metrics_total_orders.70989cf36e"
[0m15:15:08.068303 [debug] [Thread-3 (]: Re-using an available connection from the pool (formerly test.dbt_project.not_null_customer_metrics_customer_lifetime_value.06f78010af, now test.dbt_project.not_null_customer_metrics_total_revenue.08df7b5d70)
[0m15:15:08.069306 [debug] [Thread-4 (]: Re-using an available connection from the pool (formerly test.dbt_project.not_null_customer_metrics_customer_id.e9f6122c87, now test.dbt_project.not_null_stg_customers_customer_id.e2cfb1f9aa)
[0m15:15:08.070306 [debug] [Thread-3 (]: Began compiling node test.dbt_project.not_null_customer_metrics_total_revenue.08df7b5d70
[0m15:15:08.071303 [debug] [Thread-4 (]: Began compiling node test.dbt_project.not_null_stg_customers_customer_id.e2cfb1f9aa
[0m15:15:08.071303 [debug] [Thread-2 (]: Began executing node test.dbt_project.not_null_customer_metrics_total_orders.70989cf36e
[0m15:15:08.076306 [debug] [Thread-3 (]: Writing injected SQL for node "test.dbt_project.not_null_customer_metrics_total_revenue.08df7b5d70"
[0m15:15:08.081306 [debug] [Thread-4 (]: Writing injected SQL for node "test.dbt_project.not_null_stg_customers_customer_id.e2cfb1f9aa"
[0m15:15:08.084306 [debug] [Thread-2 (]: Writing runtime sql for node "test.dbt_project.not_null_customer_metrics_total_orders.70989cf36e"
[0m15:15:08.084306 [debug] [Thread-1 (]: SQL status: BEGIN in 0.042 seconds
[0m15:15:08.085307 [debug] [Thread-3 (]: Began executing node test.dbt_project.not_null_customer_metrics_total_revenue.08df7b5d70
[0m15:15:08.087309 [debug] [Thread-4 (]: Began executing node test.dbt_project.not_null_stg_customers_customer_id.e2cfb1f9aa
[0m15:15:08.088307 [debug] [Thread-2 (]: Using postgres connection "test.dbt_project.not_null_customer_metrics_total_orders.70989cf36e"
[0m15:15:08.088307 [debug] [Thread-1 (]: Using postgres connection "test.dbt_project.not_null_customer_metrics_customer_segment.26106bb21b"
[0m15:15:08.092309 [debug] [Thread-3 (]: Writing runtime sql for node "test.dbt_project.not_null_customer_metrics_total_revenue.08df7b5d70"
[0m15:15:08.095316 [debug] [Thread-4 (]: Writing runtime sql for node "test.dbt_project.not_null_stg_customers_customer_id.e2cfb1f9aa"
[0m15:15:08.096308 [debug] [Thread-2 (]: On test.dbt_project.not_null_customer_metrics_total_orders.70989cf36e: BEGIN
[0m15:15:08.097319 [debug] [Thread-1 (]: On test.dbt_project.not_null_customer_metrics_customer_segment.26106bb21b: /* {"app": "dbt", "dbt_version": "1.10.8", "profile_name": "dbt_project", "target_name": "dev", "node_id": "test.dbt_project.not_null_customer_metrics_customer_segment.26106bb21b"} */

    select
      count(*) as failures,
      count(*) != 0 as should_warn,
      count(*) != 0 as should_error
    from (
      
    
  
    
    



select customer_segment
from "dbt_project".public.customer_metrics
where customer_segment is null



  
  
      
    ) dbt_internal_test
[0m15:15:08.098309 [debug] [Thread-2 (]: Opening a new connection, currently in state closed
[0m15:15:08.099318 [debug] [Thread-3 (]: Using postgres connection "test.dbt_project.not_null_customer_metrics_total_revenue.08df7b5d70"
[0m15:15:08.100310 [debug] [Thread-4 (]: Using postgres connection "test.dbt_project.not_null_stg_customers_customer_id.e2cfb1f9aa"
[0m15:15:08.101313 [debug] [Thread-3 (]: On test.dbt_project.not_null_customer_metrics_total_revenue.08df7b5d70: BEGIN
[0m15:15:08.101313 [debug] [Thread-1 (]: SQL status: SELECT 1 in 0.001 seconds
[0m15:15:08.102310 [debug] [Thread-4 (]: On test.dbt_project.not_null_stg_customers_customer_id.e2cfb1f9aa: BEGIN
[0m15:15:08.102310 [debug] [Thread-3 (]: Opening a new connection, currently in state closed
[0m15:15:08.104318 [debug] [Thread-1 (]: On test.dbt_project.not_null_customer_metrics_customer_segment.26106bb21b: ROLLBACK
[0m15:15:08.105311 [debug] [Thread-4 (]: Opening a new connection, currently in state closed
[0m15:15:08.107312 [debug] [Thread-1 (]: On test.dbt_project.not_null_customer_metrics_customer_segment.26106bb21b: Close
[0m15:15:08.109314 [info ] [Thread-1 (]: 9 of 26 PASS not_null_customer_metrics_customer_segment ........................ [[32mPASS[0m in 0.09s]
[0m15:15:08.110313 [debug] [Thread-1 (]: Finished running node test.dbt_project.not_null_customer_metrics_customer_segment.26106bb21b
[0m15:15:08.111313 [debug] [Thread-1 (]: Began running node test.dbt_project.not_null_stg_customers_customer_name.5c92a78a60
[0m15:15:08.112316 [info ] [Thread-1 (]: 13 of 26 START test not_null_stg_customers_customer_name ....................... [RUN]
[0m15:15:08.113313 [debug] [Thread-1 (]: Re-using an available connection from the pool (formerly test.dbt_project.not_null_customer_metrics_customer_segment.26106bb21b, now test.dbt_project.not_null_stg_customers_customer_name.5c92a78a60)
[0m15:15:08.114315 [debug] [Thread-1 (]: Began compiling node test.dbt_project.not_null_stg_customers_customer_name.5c92a78a60
[0m15:15:08.121315 [debug] [Thread-1 (]: Writing injected SQL for node "test.dbt_project.not_null_stg_customers_customer_name.5c92a78a60"
[0m15:15:08.122314 [debug] [Thread-1 (]: Began executing node test.dbt_project.not_null_stg_customers_customer_name.5c92a78a60
[0m15:15:08.125316 [debug] [Thread-1 (]: Writing runtime sql for node "test.dbt_project.not_null_stg_customers_customer_name.5c92a78a60"
[0m15:15:08.127317 [debug] [Thread-1 (]: Using postgres connection "test.dbt_project.not_null_stg_customers_customer_name.5c92a78a60"
[0m15:15:08.128317 [debug] [Thread-1 (]: On test.dbt_project.not_null_stg_customers_customer_name.5c92a78a60: BEGIN
[0m15:15:08.129318 [debug] [Thread-1 (]: Opening a new connection, currently in state closed
[0m15:15:08.136319 [debug] [Thread-2 (]: SQL status: BEGIN in 0.038 seconds
[0m15:15:08.137319 [debug] [Thread-2 (]: Using postgres connection "test.dbt_project.not_null_customer_metrics_total_orders.70989cf36e"
[0m15:15:08.138319 [debug] [Thread-2 (]: On test.dbt_project.not_null_customer_metrics_total_orders.70989cf36e: /* {"app": "dbt", "dbt_version": "1.10.8", "profile_name": "dbt_project", "target_name": "dev", "node_id": "test.dbt_project.not_null_customer_metrics_total_orders.70989cf36e"} */

    select
      count(*) as failures,
      count(*) != 0 as should_warn,
      count(*) != 0 as should_error
    from (
      
    
  
    
    



select total_orders
from "dbt_project".public.customer_metrics
where total_orders is null



  
  
      
    ) dbt_internal_test
[0m15:15:08.141319 [debug] [Thread-2 (]: SQL status: SELECT 1 in 0.002 seconds
[0m15:15:08.143321 [debug] [Thread-2 (]: On test.dbt_project.not_null_customer_metrics_total_orders.70989cf36e: ROLLBACK
[0m15:15:08.143321 [debug] [Thread-2 (]: On test.dbt_project.not_null_customer_metrics_total_orders.70989cf36e: Close
[0m15:15:08.146323 [debug] [Thread-3 (]: SQL status: BEGIN in 0.043 seconds
[0m15:15:08.145322 [info ] [Thread-2 (]: 10 of 26 PASS not_null_customer_metrics_total_orders ........................... [[32mPASS[0m in 0.09s]
[0m15:15:08.147322 [debug] [Thread-3 (]: Using postgres connection "test.dbt_project.not_null_customer_metrics_total_revenue.08df7b5d70"
[0m15:15:08.148322 [debug] [Thread-2 (]: Finished running node test.dbt_project.not_null_customer_metrics_total_orders.70989cf36e
[0m15:15:08.149328 [debug] [Thread-4 (]: SQL status: BEGIN in 0.044 seconds
[0m15:15:08.150324 [debug] [Thread-3 (]: On test.dbt_project.not_null_customer_metrics_total_revenue.08df7b5d70: /* {"app": "dbt", "dbt_version": "1.10.8", "profile_name": "dbt_project", "target_name": "dev", "node_id": "test.dbt_project.not_null_customer_metrics_total_revenue.08df7b5d70"} */

    select
      count(*) as failures,
      count(*) != 0 as should_warn,
      count(*) != 0 as should_error
    from (
      
    
  
    
    



select total_revenue
from "dbt_project".public.customer_metrics
where total_revenue is null



  
  
      
    ) dbt_internal_test
[0m15:15:08.151322 [debug] [Thread-2 (]: Began running node test.dbt_project.not_null_stg_orders_customer_id.af79d5e4b5
[0m15:15:08.151322 [debug] [Thread-4 (]: Using postgres connection "test.dbt_project.not_null_stg_customers_customer_id.e2cfb1f9aa"
[0m15:15:08.152322 [info ] [Thread-2 (]: 14 of 26 START test not_null_stg_orders_customer_id ............................ [RUN]
[0m15:15:08.153322 [debug] [Thread-4 (]: On test.dbt_project.not_null_stg_customers_customer_id.e2cfb1f9aa: /* {"app": "dbt", "dbt_version": "1.10.8", "profile_name": "dbt_project", "target_name": "dev", "node_id": "test.dbt_project.not_null_stg_customers_customer_id.e2cfb1f9aa"} */

    select
      count(*) as failures,
      count(*) != 0 as should_warn,
      count(*) != 0 as should_error
    from (
      
    
  
    
    



select customer_id
from "dbt_project".public.stg_customers
where customer_id is null



  
  
      
    ) dbt_internal_test
[0m15:15:08.153322 [debug] [Thread-3 (]: SQL status: SELECT 1 in 0.002 seconds
[0m15:15:08.154325 [debug] [Thread-2 (]: Re-using an available connection from the pool (formerly test.dbt_project.not_null_customer_metrics_total_orders.70989cf36e, now test.dbt_project.not_null_stg_orders_customer_id.af79d5e4b5)
[0m15:15:08.156325 [debug] [Thread-3 (]: On test.dbt_project.not_null_customer_metrics_total_revenue.08df7b5d70: ROLLBACK
[0m15:15:08.157325 [debug] [Thread-2 (]: Began compiling node test.dbt_project.not_null_stg_orders_customer_id.af79d5e4b5
[0m15:15:08.158328 [debug] [Thread-4 (]: SQL status: SELECT 1 in 0.003 seconds
[0m15:15:08.159325 [debug] [Thread-3 (]: On test.dbt_project.not_null_customer_metrics_total_revenue.08df7b5d70: Close
[0m15:15:08.163328 [debug] [Thread-2 (]: Writing injected SQL for node "test.dbt_project.not_null_stg_orders_customer_id.af79d5e4b5"
[0m15:15:08.165326 [debug] [Thread-4 (]: On test.dbt_project.not_null_stg_customers_customer_id.e2cfb1f9aa: ROLLBACK
[0m15:15:08.167327 [debug] [Thread-1 (]: SQL status: BEGIN in 0.038 seconds
[0m15:15:08.166329 [info ] [Thread-3 (]: 11 of 26 PASS not_null_customer_metrics_total_revenue .......................... [[32mPASS[0m in 0.10s]
[0m15:15:08.169327 [debug] [Thread-4 (]: On test.dbt_project.not_null_stg_customers_customer_id.e2cfb1f9aa: Close
[0m15:15:08.169327 [debug] [Thread-1 (]: Using postgres connection "test.dbt_project.not_null_stg_customers_customer_name.5c92a78a60"
[0m15:15:08.170326 [debug] [Thread-2 (]: Began executing node test.dbt_project.not_null_stg_orders_customer_id.af79d5e4b5
[0m15:15:08.170326 [debug] [Thread-3 (]: Finished running node test.dbt_project.not_null_customer_metrics_total_revenue.08df7b5d70
[0m15:15:08.171333 [info ] [Thread-4 (]: 12 of 26 PASS not_null_stg_customers_customer_id ............................... [[32mPASS[0m in 0.10s]
[0m15:15:08.172327 [debug] [Thread-1 (]: On test.dbt_project.not_null_stg_customers_customer_name.5c92a78a60: /* {"app": "dbt", "dbt_version": "1.10.8", "profile_name": "dbt_project", "target_name": "dev", "node_id": "test.dbt_project.not_null_stg_customers_customer_name.5c92a78a60"} */

    select
      count(*) as failures,
      count(*) != 0 as should_warn,
      count(*) != 0 as should_error
    from (
      
    
  
    
    



select customer_name
from "dbt_project".public.stg_customers
where customer_name is null



  
  
      
    ) dbt_internal_test
[0m15:15:08.175330 [debug] [Thread-2 (]: Writing runtime sql for node "test.dbt_project.not_null_stg_orders_customer_id.af79d5e4b5"
[0m15:15:08.176331 [debug] [Thread-3 (]: Began running node test.dbt_project.not_null_stg_orders_order_date.2177a3e8bb
[0m15:15:08.177331 [debug] [Thread-4 (]: Finished running node test.dbt_project.not_null_stg_customers_customer_id.e2cfb1f9aa
[0m15:15:08.178331 [info ] [Thread-3 (]: 15 of 26 START test not_null_stg_orders_order_date ............................. [RUN]
[0m15:15:08.179331 [debug] [Thread-2 (]: Using postgres connection "test.dbt_project.not_null_stg_orders_customer_id.af79d5e4b5"
[0m15:15:08.180330 [debug] [Thread-4 (]: Began running node test.dbt_project.not_null_stg_orders_order_id.81cfe2fe64
[0m15:15:08.180330 [debug] [Thread-3 (]: Re-using an available connection from the pool (formerly test.dbt_project.not_null_customer_metrics_total_revenue.08df7b5d70, now test.dbt_project.not_null_stg_orders_order_date.2177a3e8bb)
[0m15:15:08.181331 [debug] [Thread-1 (]: SQL status: SELECT 1 in 0.003 seconds
[0m15:15:08.181331 [debug] [Thread-2 (]: On test.dbt_project.not_null_stg_orders_customer_id.af79d5e4b5: BEGIN
[0m15:15:08.182330 [info ] [Thread-4 (]: 16 of 26 START test not_null_stg_orders_order_id ............................... [RUN]
[0m15:15:08.183332 [debug] [Thread-3 (]: Began compiling node test.dbt_project.not_null_stg_orders_order_date.2177a3e8bb
[0m15:15:08.185337 [debug] [Thread-1 (]: On test.dbt_project.not_null_stg_customers_customer_name.5c92a78a60: ROLLBACK
[0m15:15:08.185337 [debug] [Thread-2 (]: Opening a new connection, currently in state closed
[0m15:15:08.186332 [debug] [Thread-4 (]: Re-using an available connection from the pool (formerly test.dbt_project.not_null_stg_customers_customer_id.e2cfb1f9aa, now test.dbt_project.not_null_stg_orders_order_id.81cfe2fe64)
[0m15:15:08.190339 [debug] [Thread-3 (]: Writing injected SQL for node "test.dbt_project.not_null_stg_orders_order_date.2177a3e8bb"
[0m15:15:08.191337 [debug] [Thread-1 (]: On test.dbt_project.not_null_stg_customers_customer_name.5c92a78a60: Close
[0m15:15:08.192331 [debug] [Thread-4 (]: Began compiling node test.dbt_project.not_null_stg_orders_order_id.81cfe2fe64
[0m15:15:08.194332 [info ] [Thread-1 (]: 13 of 26 PASS not_null_stg_customers_customer_name ............................. [[32mPASS[0m in 0.08s]
[0m15:15:08.198333 [debug] [Thread-4 (]: Writing injected SQL for node "test.dbt_project.not_null_stg_orders_order_id.81cfe2fe64"
[0m15:15:08.199332 [debug] [Thread-3 (]: Began executing node test.dbt_project.not_null_stg_orders_order_date.2177a3e8bb
[0m15:15:08.200332 [debug] [Thread-1 (]: Finished running node test.dbt_project.not_null_stg_customers_customer_name.5c92a78a60
[0m15:15:08.203334 [debug] [Thread-3 (]: Writing runtime sql for node "test.dbt_project.not_null_stg_orders_order_date.2177a3e8bb"
[0m15:15:08.204336 [debug] [Thread-1 (]: Began running node test.dbt_project.relationships_stg_orders_customer_id__customer_id__ref_stg_customers_.430bf21500
[0m15:15:08.205334 [debug] [Thread-4 (]: Began executing node test.dbt_project.not_null_stg_orders_order_id.81cfe2fe64
[0m15:15:08.206334 [info ] [Thread-1 (]: 17 of 26 START test relationships_stg_orders_customer_id__customer_id__ref_stg_customers_  [RUN]
[0m15:15:08.207334 [debug] [Thread-3 (]: Using postgres connection "test.dbt_project.not_null_stg_orders_order_date.2177a3e8bb"
[0m15:15:08.210336 [debug] [Thread-4 (]: Writing runtime sql for node "test.dbt_project.not_null_stg_orders_order_id.81cfe2fe64"
[0m15:15:08.211335 [debug] [Thread-1 (]: Re-using an available connection from the pool (formerly test.dbt_project.not_null_stg_customers_customer_name.5c92a78a60, now test.dbt_project.relationships_stg_orders_customer_id__customer_id__ref_stg_customers_.430bf21500)
[0m15:15:08.212337 [debug] [Thread-3 (]: On test.dbt_project.not_null_stg_orders_order_date.2177a3e8bb: BEGIN
[0m15:15:08.212337 [debug] [Thread-1 (]: Began compiling node test.dbt_project.relationships_stg_orders_customer_id__customer_id__ref_stg_customers_.430bf21500
[0m15:15:08.213336 [debug] [Thread-4 (]: Using postgres connection "test.dbt_project.not_null_stg_orders_order_id.81cfe2fe64"
[0m15:15:08.213336 [debug] [Thread-3 (]: Opening a new connection, currently in state closed
[0m15:15:08.222336 [debug] [Thread-1 (]: Writing injected SQL for node "test.dbt_project.relationships_stg_orders_customer_id__customer_id__ref_stg_customers_.430bf21500"
[0m15:15:08.223336 [debug] [Thread-4 (]: On test.dbt_project.not_null_stg_orders_order_id.81cfe2fe64: BEGIN
[0m15:15:08.225339 [debug] [Thread-4 (]: Opening a new connection, currently in state closed
[0m15:15:08.226340 [debug] [Thread-1 (]: Began executing node test.dbt_project.relationships_stg_orders_customer_id__customer_id__ref_stg_customers_.430bf21500
[0m15:15:08.226340 [debug] [Thread-2 (]: SQL status: BEGIN in 0.041 seconds
[0m15:15:08.231341 [debug] [Thread-1 (]: Writing runtime sql for node "test.dbt_project.relationships_stg_orders_customer_id__customer_id__ref_stg_customers_.430bf21500"
[0m15:15:08.232341 [debug] [Thread-2 (]: Using postgres connection "test.dbt_project.not_null_stg_orders_customer_id.af79d5e4b5"
[0m15:15:08.234343 [debug] [Thread-2 (]: On test.dbt_project.not_null_stg_orders_customer_id.af79d5e4b5: /* {"app": "dbt", "dbt_version": "1.10.8", "profile_name": "dbt_project", "target_name": "dev", "node_id": "test.dbt_project.not_null_stg_orders_customer_id.af79d5e4b5"} */

    select
      count(*) as failures,
      count(*) != 0 as should_warn,
      count(*) != 0 as should_error
    from (
      
    
  
    
    



select customer_id
from "dbt_project".public.stg_orders
where customer_id is null



  
  
      
    ) dbt_internal_test
[0m15:15:08.235342 [debug] [Thread-1 (]: Using postgres connection "test.dbt_project.relationships_stg_orders_customer_id__customer_id__ref_stg_customers_.430bf21500"
[0m15:15:08.236341 [debug] [Thread-1 (]: On test.dbt_project.relationships_stg_orders_customer_id__customer_id__ref_stg_customers_.430bf21500: BEGIN
[0m15:15:08.237341 [debug] [Thread-1 (]: Opening a new connection, currently in state closed
[0m15:15:08.238341 [debug] [Thread-2 (]: SQL status: SELECT 1 in 0.003 seconds
[0m15:15:08.241343 [debug] [Thread-2 (]: On test.dbt_project.not_null_stg_orders_customer_id.af79d5e4b5: ROLLBACK
[0m15:15:08.242342 [debug] [Thread-2 (]: On test.dbt_project.not_null_stg_orders_customer_id.af79d5e4b5: Close
[0m15:15:08.243344 [info ] [Thread-2 (]: 14 of 26 PASS not_null_stg_orders_customer_id .................................. [[32mPASS[0m in 0.09s]
[0m15:15:08.244343 [debug] [Thread-2 (]: Finished running node test.dbt_project.not_null_stg_orders_customer_id.af79d5e4b5
[0m15:15:08.245342 [debug] [Thread-2 (]: Began running node test.dbt_project.source_not_null_raw_customers_customer_id.e869432dbb
[0m15:15:08.246344 [info ] [Thread-2 (]: 18 of 26 START test source_not_null_raw_customers_customer_id .................. [RUN]
[0m15:15:08.247344 [debug] [Thread-2 (]: Re-using an available connection from the pool (formerly test.dbt_project.not_null_stg_orders_customer_id.af79d5e4b5, now test.dbt_project.source_not_null_raw_customers_customer_id.e869432dbb)
[0m15:15:08.248344 [debug] [Thread-2 (]: Began compiling node test.dbt_project.source_not_null_raw_customers_customer_id.e869432dbb
[0m15:15:08.254346 [debug] [Thread-2 (]: Writing injected SQL for node "test.dbt_project.source_not_null_raw_customers_customer_id.e869432dbb"
[0m15:15:08.255345 [debug] [Thread-2 (]: Began executing node test.dbt_project.source_not_null_raw_customers_customer_id.e869432dbb
[0m15:15:08.258347 [debug] [Thread-2 (]: Writing runtime sql for node "test.dbt_project.source_not_null_raw_customers_customer_id.e869432dbb"
[0m15:15:08.260347 [debug] [Thread-2 (]: Using postgres connection "test.dbt_project.source_not_null_raw_customers_customer_id.e869432dbb"
[0m15:15:08.261346 [debug] [Thread-2 (]: On test.dbt_project.source_not_null_raw_customers_customer_id.e869432dbb: BEGIN
[0m15:15:08.261346 [debug] [Thread-2 (]: Opening a new connection, currently in state closed
[0m15:15:08.295353 [debug] [Thread-2 (]: SQL status: BEGIN in 0.034 seconds
[0m15:15:08.296354 [debug] [Thread-2 (]: Using postgres connection "test.dbt_project.source_not_null_raw_customers_customer_id.e869432dbb"
[0m15:15:08.297354 [debug] [Thread-2 (]: On test.dbt_project.source_not_null_raw_customers_customer_id.e869432dbb: /* {"app": "dbt", "dbt_version": "1.10.8", "profile_name": "dbt_project", "target_name": "dev", "node_id": "test.dbt_project.source_not_null_raw_customers_customer_id.e869432dbb"} */

    select
      count(*) as failures,
      count(*) != 0 as should_warn,
      count(*) != 0 as should_error
    from (
      
    
  
    
    



select customer_id
from "dbt_project"."public"."customers"
where customer_id is null



  
  
      
    ) dbt_internal_test
[0m15:15:08.299355 [debug] [Thread-2 (]: SQL status: SELECT 1 in 0.002 seconds
[0m15:15:08.300355 [debug] [Thread-2 (]: On test.dbt_project.source_not_null_raw_customers_customer_id.e869432dbb: ROLLBACK
[0m15:15:08.301356 [debug] [Thread-2 (]: On test.dbt_project.source_not_null_raw_customers_customer_id.e869432dbb: Close
[0m15:15:08.303357 [info ] [Thread-2 (]: 18 of 26 PASS source_not_null_raw_customers_customer_id ........................ [[32mPASS[0m in 0.06s]
[0m15:15:08.304356 [debug] [Thread-2 (]: Finished running node test.dbt_project.source_not_null_raw_customers_customer_id.e869432dbb
[0m15:15:08.305357 [debug] [Thread-2 (]: Began running node test.dbt_project.source_unique_raw_customers_customer_id.3579d23017
[0m15:15:08.305357 [info ] [Thread-2 (]: 19 of 26 START test source_unique_raw_customers_customer_id .................... [RUN]
[0m15:15:08.306356 [debug] [Thread-2 (]: Re-using an available connection from the pool (formerly test.dbt_project.source_not_null_raw_customers_customer_id.e869432dbb, now test.dbt_project.source_unique_raw_customers_customer_id.3579d23017)
[0m15:15:08.307356 [debug] [Thread-2 (]: Began compiling node test.dbt_project.source_unique_raw_customers_customer_id.3579d23017
[0m15:15:08.314357 [debug] [Thread-2 (]: Writing injected SQL for node "test.dbt_project.source_unique_raw_customers_customer_id.3579d23017"
[0m15:15:08.315358 [debug] [Thread-2 (]: Began executing node test.dbt_project.source_unique_raw_customers_customer_id.3579d23017
[0m15:15:08.318358 [debug] [Thread-2 (]: Writing runtime sql for node "test.dbt_project.source_unique_raw_customers_customer_id.3579d23017"
[0m15:15:08.320361 [debug] [Thread-2 (]: Using postgres connection "test.dbt_project.source_unique_raw_customers_customer_id.3579d23017"
[0m15:15:08.321360 [debug] [Thread-2 (]: On test.dbt_project.source_unique_raw_customers_customer_id.3579d23017: BEGIN
[0m15:15:08.321360 [debug] [Thread-2 (]: Opening a new connection, currently in state closed
[0m15:15:08.355367 [debug] [Thread-2 (]: SQL status: BEGIN in 0.033 seconds
[0m15:15:08.355367 [debug] [Thread-2 (]: Using postgres connection "test.dbt_project.source_unique_raw_customers_customer_id.3579d23017"
[0m15:15:08.356367 [debug] [Thread-2 (]: On test.dbt_project.source_unique_raw_customers_customer_id.3579d23017: /* {"app": "dbt", "dbt_version": "1.10.8", "profile_name": "dbt_project", "target_name": "dev", "node_id": "test.dbt_project.source_unique_raw_customers_customer_id.3579d23017"} */

    select
      count(*) as failures,
      count(*) != 0 as should_warn,
      count(*) != 0 as should_error
    from (
      
    
  
    
    

select
    customer_id as unique_field,
    count(*) as n_records

from "dbt_project"."public"."customers"
where customer_id is not null
group by customer_id
having count(*) > 1



  
  
      
    ) dbt_internal_test
[0m15:15:08.358368 [debug] [Thread-2 (]: SQL status: SELECT 1 in 0.002 seconds
[0m15:15:08.360369 [debug] [Thread-2 (]: On test.dbt_project.source_unique_raw_customers_customer_id.3579d23017: ROLLBACK
[0m15:15:08.360369 [debug] [Thread-2 (]: On test.dbt_project.source_unique_raw_customers_customer_id.3579d23017: Close
[0m15:15:08.361369 [info ] [Thread-2 (]: 19 of 26 PASS source_unique_raw_customers_customer_id .......................... [[32mPASS[0m in 0.06s]
[0m15:15:08.363370 [debug] [Thread-2 (]: Finished running node test.dbt_project.source_unique_raw_customers_customer_id.3579d23017
[0m15:15:08.364370 [debug] [Thread-2 (]: Began running node test.dbt_project.source_unique_raw_orders_order_id.2e0765462f
[0m15:15:08.364370 [info ] [Thread-2 (]: 20 of 26 START test source_unique_raw_orders_order_id .......................... [RUN]
[0m15:15:08.365369 [debug] [Thread-2 (]: Re-using an available connection from the pool (formerly test.dbt_project.source_unique_raw_customers_customer_id.3579d23017, now test.dbt_project.source_unique_raw_orders_order_id.2e0765462f)
[0m15:15:08.366370 [debug] [Thread-2 (]: Began compiling node test.dbt_project.source_unique_raw_orders_order_id.2e0765462f
[0m15:15:08.370369 [debug] [Thread-2 (]: Writing injected SQL for node "test.dbt_project.source_unique_raw_orders_order_id.2e0765462f"
[0m15:15:08.372372 [debug] [Thread-2 (]: Began executing node test.dbt_project.source_unique_raw_orders_order_id.2e0765462f
[0m15:15:08.375372 [debug] [Thread-2 (]: Writing runtime sql for node "test.dbt_project.source_unique_raw_orders_order_id.2e0765462f"
[0m15:15:08.376371 [debug] [Thread-4 (]: SQL status: BEGIN in 0.151 seconds
[0m15:15:08.376371 [debug] [Thread-3 (]: SQL status: BEGIN in 0.163 seconds
[0m15:15:08.377372 [debug] [Thread-4 (]: Using postgres connection "test.dbt_project.not_null_stg_orders_order_id.81cfe2fe64"
[0m15:15:08.377372 [debug] [Thread-2 (]: Using postgres connection "test.dbt_project.source_unique_raw_orders_order_id.2e0765462f"
[0m15:15:08.378373 [debug] [Thread-3 (]: Using postgres connection "test.dbt_project.not_null_stg_orders_order_date.2177a3e8bb"
[0m15:15:08.379373 [debug] [Thread-4 (]: On test.dbt_project.not_null_stg_orders_order_id.81cfe2fe64: /* {"app": "dbt", "dbt_version": "1.10.8", "profile_name": "dbt_project", "target_name": "dev", "node_id": "test.dbt_project.not_null_stg_orders_order_id.81cfe2fe64"} */

    select
      count(*) as failures,
      count(*) != 0 as should_warn,
      count(*) != 0 as should_error
    from (
      
    
  
    
    



select order_id
from "dbt_project".public.stg_orders
where order_id is null



  
  
      
    ) dbt_internal_test
[0m15:15:08.380374 [debug] [Thread-2 (]: On test.dbt_project.source_unique_raw_orders_order_id.2e0765462f: BEGIN
[0m15:15:08.380374 [debug] [Thread-3 (]: On test.dbt_project.not_null_stg_orders_order_date.2177a3e8bb: /* {"app": "dbt", "dbt_version": "1.10.8", "profile_name": "dbt_project", "target_name": "dev", "node_id": "test.dbt_project.not_null_stg_orders_order_date.2177a3e8bb"} */

    select
      count(*) as failures,
      count(*) != 0 as should_warn,
      count(*) != 0 as should_error
    from (
      
    
  
    
    



select order_date
from "dbt_project".public.stg_orders
where order_date is null



  
  
      
    ) dbt_internal_test
[0m15:15:08.382373 [debug] [Thread-2 (]: Opening a new connection, currently in state closed
[0m15:15:08.383375 [debug] [Thread-4 (]: SQL status: SELECT 1 in 0.002 seconds
[0m15:15:08.385375 [debug] [Thread-4 (]: On test.dbt_project.not_null_stg_orders_order_id.81cfe2fe64: ROLLBACK
[0m15:15:08.386376 [debug] [Thread-3 (]: SQL status: SELECT 1 in 0.003 seconds
[0m15:15:08.387376 [debug] [Thread-4 (]: On test.dbt_project.not_null_stg_orders_order_id.81cfe2fe64: Close
[0m15:15:08.388376 [debug] [Thread-3 (]: On test.dbt_project.not_null_stg_orders_order_date.2177a3e8bb: ROLLBACK
[0m15:15:08.390375 [debug] [Thread-1 (]: SQL status: BEGIN in 0.153 seconds
[0m15:15:08.390375 [info ] [Thread-4 (]: 16 of 26 PASS not_null_stg_orders_order_id ..................................... [[32mPASS[0m in 0.20s]
[0m15:15:08.392377 [debug] [Thread-3 (]: On test.dbt_project.not_null_stg_orders_order_date.2177a3e8bb: Close
[0m15:15:08.392377 [debug] [Thread-1 (]: Using postgres connection "test.dbt_project.relationships_stg_orders_customer_id__customer_id__ref_stg_customers_.430bf21500"
[0m15:15:08.393377 [debug] [Thread-4 (]: Finished running node test.dbt_project.not_null_stg_orders_order_id.81cfe2fe64
[0m15:15:08.394377 [info ] [Thread-3 (]: 15 of 26 PASS not_null_stg_orders_order_date ................................... [[32mPASS[0m in 0.21s]
[0m15:15:08.395376 [debug] [Thread-1 (]: On test.dbt_project.relationships_stg_orders_customer_id__customer_id__ref_stg_customers_.430bf21500: /* {"app": "dbt", "dbt_version": "1.10.8", "profile_name": "dbt_project", "target_name": "dev", "node_id": "test.dbt_project.relationships_stg_orders_customer_id__customer_id__ref_stg_customers_.430bf21500"} */

    select
      count(*) as failures,
      count(*) != 0 as should_warn,
      count(*) != 0 as should_error
    from (
      
    
  
    
    

with child as (
    select customer_id as from_field
    from "dbt_project".public.stg_orders
    where customer_id is not null
),

parent as (
    select customer_id as to_field
    from "dbt_project".public.stg_customers
)

select
    from_field

from child
left join parent
    on child.from_field = parent.to_field

where parent.to_field is null



  
  
      
    ) dbt_internal_test
[0m15:15:08.396377 [debug] [Thread-4 (]: Began running node test.dbt_project.unique_brnz_customers_customer_id.78e1c63f73
[0m15:15:08.397377 [debug] [Thread-3 (]: Finished running node test.dbt_project.not_null_stg_orders_order_date.2177a3e8bb
[0m15:15:08.398378 [info ] [Thread-4 (]: 21 of 26 START test unique_brnz_customers_customer_id .......................... [RUN]
[0m15:15:08.399379 [debug] [Thread-3 (]: Began running node test.dbt_project.unique_brnz_orders_order_id.96b1d65cd2
[0m15:15:08.400380 [debug] [Thread-4 (]: Re-using an available connection from the pool (formerly test.dbt_project.not_null_stg_orders_order_id.81cfe2fe64, now test.dbt_project.unique_brnz_customers_customer_id.78e1c63f73)
[0m15:15:08.401378 [info ] [Thread-3 (]: 22 of 26 START test unique_brnz_orders_order_id ................................ [RUN]
[0m15:15:08.402379 [debug] [Thread-4 (]: Began compiling node test.dbt_project.unique_brnz_customers_customer_id.78e1c63f73
[0m15:15:08.402379 [debug] [Thread-3 (]: Re-using an available connection from the pool (formerly test.dbt_project.not_null_stg_orders_order_date.2177a3e8bb, now test.dbt_project.unique_brnz_orders_order_id.96b1d65cd2)
[0m15:15:08.407379 [debug] [Thread-4 (]: Writing injected SQL for node "test.dbt_project.unique_brnz_customers_customer_id.78e1c63f73"
[0m15:15:08.408380 [debug] [Thread-1 (]: SQL status: SELECT 1 in 0.010 seconds
[0m15:15:08.408380 [debug] [Thread-3 (]: Began compiling node test.dbt_project.unique_brnz_orders_order_id.96b1d65cd2
[0m15:15:08.411380 [debug] [Thread-1 (]: On test.dbt_project.relationships_stg_orders_customer_id__customer_id__ref_stg_customers_.430bf21500: ROLLBACK
[0m15:15:08.415381 [debug] [Thread-3 (]: Writing injected SQL for node "test.dbt_project.unique_brnz_orders_order_id.96b1d65cd2"
[0m15:15:08.416382 [debug] [Thread-4 (]: Began executing node test.dbt_project.unique_brnz_customers_customer_id.78e1c63f73
[0m15:15:08.417381 [debug] [Thread-1 (]: On test.dbt_project.relationships_stg_orders_customer_id__customer_id__ref_stg_customers_.430bf21500: Close
[0m15:15:08.417381 [debug] [Thread-2 (]: SQL status: BEGIN in 0.035 seconds
[0m15:15:08.420383 [debug] [Thread-4 (]: Writing runtime sql for node "test.dbt_project.unique_brnz_customers_customer_id.78e1c63f73"
[0m15:15:08.420383 [debug] [Thread-3 (]: Began executing node test.dbt_project.unique_brnz_orders_order_id.96b1d65cd2
[0m15:15:08.421383 [info ] [Thread-1 (]: 17 of 26 PASS relationships_stg_orders_customer_id__customer_id__ref_stg_customers_  [[32mPASS[0m in 0.21s]
[0m15:15:08.422383 [debug] [Thread-2 (]: Using postgres connection "test.dbt_project.source_unique_raw_orders_order_id.2e0765462f"
[0m15:15:08.425382 [debug] [Thread-3 (]: Writing runtime sql for node "test.dbt_project.unique_brnz_orders_order_id.96b1d65cd2"
[0m15:15:08.426383 [debug] [Thread-4 (]: Using postgres connection "test.dbt_project.unique_brnz_customers_customer_id.78e1c63f73"
[0m15:15:08.427384 [debug] [Thread-1 (]: Finished running node test.dbt_project.relationships_stg_orders_customer_id__customer_id__ref_stg_customers_.430bf21500
[0m15:15:08.427384 [debug] [Thread-2 (]: On test.dbt_project.source_unique_raw_orders_order_id.2e0765462f: /* {"app": "dbt", "dbt_version": "1.10.8", "profile_name": "dbt_project", "target_name": "dev", "node_id": "test.dbt_project.source_unique_raw_orders_order_id.2e0765462f"} */

    select
      count(*) as failures,
      count(*) != 0 as should_warn,
      count(*) != 0 as should_error
    from (
      
    
  
    
    

select
    order_id as unique_field,
    count(*) as n_records

from "dbt_project"."public"."orders"
where order_id is not null
group by order_id
having count(*) > 1



  
  
      
    ) dbt_internal_test
[0m15:15:08.428383 [debug] [Thread-4 (]: On test.dbt_project.unique_brnz_customers_customer_id.78e1c63f73: BEGIN
[0m15:15:08.429386 [debug] [Thread-3 (]: Using postgres connection "test.dbt_project.unique_brnz_orders_order_id.96b1d65cd2"
[0m15:15:08.429386 [debug] [Thread-1 (]: Began running node test.dbt_project.unique_customer_metrics_customer_id.9d7dec9840
[0m15:15:08.431385 [debug] [Thread-4 (]: Opening a new connection, currently in state closed
[0m15:15:08.431385 [debug] [Thread-3 (]: On test.dbt_project.unique_brnz_orders_order_id.96b1d65cd2: BEGIN
[0m15:15:08.432387 [info ] [Thread-1 (]: 23 of 26 START test unique_customer_metrics_customer_id ........................ [RUN]
[0m15:15:08.433386 [debug] [Thread-2 (]: SQL status: SELECT 1 in 0.002 seconds
[0m15:15:08.434385 [debug] [Thread-3 (]: Opening a new connection, currently in state closed
[0m15:15:08.434385 [debug] [Thread-1 (]: Re-using an available connection from the pool (formerly test.dbt_project.relationships_stg_orders_customer_id__customer_id__ref_stg_customers_.430bf21500, now test.dbt_project.unique_customer_metrics_customer_id.9d7dec9840)
[0m15:15:08.436388 [debug] [Thread-2 (]: On test.dbt_project.source_unique_raw_orders_order_id.2e0765462f: ROLLBACK
[0m15:15:08.437388 [debug] [Thread-1 (]: Began compiling node test.dbt_project.unique_customer_metrics_customer_id.9d7dec9840
[0m15:15:08.438386 [debug] [Thread-2 (]: On test.dbt_project.source_unique_raw_orders_order_id.2e0765462f: Close
[0m15:15:08.446391 [debug] [Thread-1 (]: Writing injected SQL for node "test.dbt_project.unique_customer_metrics_customer_id.9d7dec9840"
[0m15:15:08.448389 [info ] [Thread-2 (]: 20 of 26 PASS source_unique_raw_orders_order_id ................................ [[32mPASS[0m in 0.08s]
[0m15:15:08.450392 [debug] [Thread-2 (]: Finished running node test.dbt_project.source_unique_raw_orders_order_id.2e0765462f
[0m15:15:08.450392 [debug] [Thread-1 (]: Began executing node test.dbt_project.unique_customer_metrics_customer_id.9d7dec9840
[0m15:15:08.451390 [debug] [Thread-2 (]: Began running node test.dbt_project.unique_stg_customers_customer_id.c7614daada
[0m15:15:08.454390 [debug] [Thread-1 (]: Writing runtime sql for node "test.dbt_project.unique_customer_metrics_customer_id.9d7dec9840"
[0m15:15:08.455389 [info ] [Thread-2 (]: 24 of 26 START test unique_stg_customers_customer_id ........................... [RUN]
[0m15:15:08.456392 [debug] [Thread-2 (]: Re-using an available connection from the pool (formerly test.dbt_project.source_unique_raw_orders_order_id.2e0765462f, now test.dbt_project.unique_stg_customers_customer_id.c7614daada)
[0m15:15:08.457391 [debug] [Thread-1 (]: Using postgres connection "test.dbt_project.unique_customer_metrics_customer_id.9d7dec9840"
[0m15:15:08.458393 [debug] [Thread-2 (]: Began compiling node test.dbt_project.unique_stg_customers_customer_id.c7614daada
[0m15:15:08.458393 [debug] [Thread-1 (]: On test.dbt_project.unique_customer_metrics_customer_id.9d7dec9840: BEGIN
[0m15:15:08.463395 [debug] [Thread-2 (]: Writing injected SQL for node "test.dbt_project.unique_stg_customers_customer_id.c7614daada"
[0m15:15:08.463395 [debug] [Thread-1 (]: Opening a new connection, currently in state closed
[0m15:15:08.465394 [debug] [Thread-2 (]: Began executing node test.dbt_project.unique_stg_customers_customer_id.c7614daada
[0m15:15:08.468395 [debug] [Thread-2 (]: Writing runtime sql for node "test.dbt_project.unique_stg_customers_customer_id.c7614daada"
[0m15:15:08.469395 [debug] [Thread-4 (]: SQL status: BEGIN in 0.039 seconds
[0m15:15:08.470395 [debug] [Thread-2 (]: Using postgres connection "test.dbt_project.unique_stg_customers_customer_id.c7614daada"
[0m15:15:08.471395 [debug] [Thread-4 (]: Using postgres connection "test.dbt_project.unique_brnz_customers_customer_id.78e1c63f73"
[0m15:15:08.471395 [debug] [Thread-2 (]: On test.dbt_project.unique_stg_customers_customer_id.c7614daada: BEGIN
[0m15:15:08.472395 [debug] [Thread-4 (]: On test.dbt_project.unique_brnz_customers_customer_id.78e1c63f73: /* {"app": "dbt", "dbt_version": "1.10.8", "profile_name": "dbt_project", "target_name": "dev", "node_id": "test.dbt_project.unique_brnz_customers_customer_id.78e1c63f73"} */

    select
      count(*) as failures,
      count(*) != 0 as should_warn,
      count(*) != 0 as should_error
    from (
      
    
  
    
    

select
    customer_id as unique_field,
    count(*) as n_records

from "dbt_project".public.brnz_customers
where customer_id is not null
group by customer_id
having count(*) > 1



  
  
      
    ) dbt_internal_test
[0m15:15:08.473396 [debug] [Thread-2 (]: Opening a new connection, currently in state closed
[0m15:15:08.476396 [debug] [Thread-4 (]: SQL status: SELECT 1 in 0.002 seconds
[0m15:15:08.479399 [debug] [Thread-4 (]: On test.dbt_project.unique_brnz_customers_customer_id.78e1c63f73: ROLLBACK
[0m15:15:08.480398 [debug] [Thread-4 (]: On test.dbt_project.unique_brnz_customers_customer_id.78e1c63f73: Close
[0m15:15:08.481399 [info ] [Thread-4 (]: 21 of 26 PASS unique_brnz_customers_customer_id ................................ [[32mPASS[0m in 0.08s]
[0m15:15:08.483398 [debug] [Thread-4 (]: Finished running node test.dbt_project.unique_brnz_customers_customer_id.78e1c63f73
[0m15:15:08.484398 [debug] [Thread-4 (]: Began running node test.dbt_project.unique_stg_customers_email.1ebcb2333e
[0m15:15:08.485398 [info ] [Thread-4 (]: 25 of 26 START test unique_stg_customers_email ................................. [RUN]
[0m15:15:08.487399 [debug] [Thread-4 (]: Re-using an available connection from the pool (formerly test.dbt_project.unique_brnz_customers_customer_id.78e1c63f73, now test.dbt_project.unique_stg_customers_email.1ebcb2333e)
[0m15:15:08.488398 [debug] [Thread-4 (]: Began compiling node test.dbt_project.unique_stg_customers_email.1ebcb2333e
[0m15:15:08.495401 [debug] [Thread-4 (]: Writing injected SQL for node "test.dbt_project.unique_stg_customers_email.1ebcb2333e"
[0m15:15:08.496400 [debug] [Thread-4 (]: Began executing node test.dbt_project.unique_stg_customers_email.1ebcb2333e
[0m15:15:08.499402 [debug] [Thread-4 (]: Writing runtime sql for node "test.dbt_project.unique_stg_customers_email.1ebcb2333e"
[0m15:15:08.501400 [debug] [Thread-4 (]: Using postgres connection "test.dbt_project.unique_stg_customers_email.1ebcb2333e"
[0m15:15:08.502402 [debug] [Thread-4 (]: On test.dbt_project.unique_stg_customers_email.1ebcb2333e: BEGIN
[0m15:15:08.502402 [debug] [Thread-4 (]: Opening a new connection, currently in state closed
[0m15:15:08.512404 [debug] [Thread-2 (]: SQL status: BEGIN in 0.039 seconds
[0m15:15:08.513404 [debug] [Thread-2 (]: Using postgres connection "test.dbt_project.unique_stg_customers_customer_id.c7614daada"
[0m15:15:08.513404 [debug] [Thread-2 (]: On test.dbt_project.unique_stg_customers_customer_id.c7614daada: /* {"app": "dbt", "dbt_version": "1.10.8", "profile_name": "dbt_project", "target_name": "dev", "node_id": "test.dbt_project.unique_stg_customers_customer_id.c7614daada"} */

    select
      count(*) as failures,
      count(*) != 0 as should_warn,
      count(*) != 0 as should_error
    from (
      
    
  
    
    

select
    customer_id as unique_field,
    count(*) as n_records

from "dbt_project".public.stg_customers
where customer_id is not null
group by customer_id
having count(*) > 1



  
  
      
    ) dbt_internal_test
[0m15:15:08.517406 [debug] [Thread-2 (]: SQL status: SELECT 1 in 0.003 seconds
[0m15:15:08.519406 [debug] [Thread-2 (]: On test.dbt_project.unique_stg_customers_customer_id.c7614daada: ROLLBACK
[0m15:15:08.519406 [debug] [Thread-2 (]: On test.dbt_project.unique_stg_customers_customer_id.c7614daada: Close
[0m15:15:08.520404 [info ] [Thread-2 (]: 24 of 26 PASS unique_stg_customers_customer_id ................................. [[32mPASS[0m in 0.06s]
[0m15:15:08.521406 [debug] [Thread-2 (]: Finished running node test.dbt_project.unique_stg_customers_customer_id.c7614daada
[0m15:15:08.522405 [debug] [Thread-2 (]: Began running node test.dbt_project.unique_stg_orders_order_id.e3b841c71a
[0m15:15:08.523405 [info ] [Thread-2 (]: 26 of 26 START test unique_stg_orders_order_id ................................. [RUN]
[0m15:15:08.524407 [debug] [Thread-2 (]: Re-using an available connection from the pool (formerly test.dbt_project.unique_stg_customers_customer_id.c7614daada, now test.dbt_project.unique_stg_orders_order_id.e3b841c71a)
[0m15:15:08.525406 [debug] [Thread-2 (]: Began compiling node test.dbt_project.unique_stg_orders_order_id.e3b841c71a
[0m15:15:08.529405 [debug] [Thread-2 (]: Writing injected SQL for node "test.dbt_project.unique_stg_orders_order_id.e3b841c71a"
[0m15:15:08.530405 [debug] [Thread-2 (]: Began executing node test.dbt_project.unique_stg_orders_order_id.e3b841c71a
[0m15:15:08.534408 [debug] [Thread-2 (]: Writing runtime sql for node "test.dbt_project.unique_stg_orders_order_id.e3b841c71a"
[0m15:15:08.535408 [debug] [Thread-2 (]: Using postgres connection "test.dbt_project.unique_stg_orders_order_id.e3b841c71a"
[0m15:15:08.536409 [debug] [Thread-2 (]: On test.dbt_project.unique_stg_orders_order_id.e3b841c71a: BEGIN
[0m15:15:08.536409 [debug] [Thread-4 (]: SQL status: BEGIN in 0.034 seconds
[0m15:15:08.537408 [debug] [Thread-2 (]: Opening a new connection, currently in state closed
[0m15:15:08.537408 [debug] [Thread-4 (]: Using postgres connection "test.dbt_project.unique_stg_customers_email.1ebcb2333e"
[0m15:15:08.538410 [debug] [Thread-4 (]: On test.dbt_project.unique_stg_customers_email.1ebcb2333e: /* {"app": "dbt", "dbt_version": "1.10.8", "profile_name": "dbt_project", "target_name": "dev", "node_id": "test.dbt_project.unique_stg_customers_email.1ebcb2333e"} */

    select
      count(*) as failures,
      count(*) != 0 as should_warn,
      count(*) != 0 as should_error
    from (
      
    
  
    
    

select
    email as unique_field,
    count(*) as n_records

from "dbt_project".public.stg_customers
where email is not null
group by email
having count(*) > 1



  
  
      
    ) dbt_internal_test
[0m15:15:08.543410 [debug] [Thread-4 (]: SQL status: SELECT 1 in 0.004 seconds
[0m15:15:08.545410 [debug] [Thread-4 (]: On test.dbt_project.unique_stg_customers_email.1ebcb2333e: ROLLBACK
[0m15:15:08.546411 [debug] [Thread-4 (]: On test.dbt_project.unique_stg_customers_email.1ebcb2333e: Close
[0m15:15:08.547411 [info ] [Thread-4 (]: 25 of 26 PASS unique_stg_customers_email ....................................... [[32mPASS[0m in 0.06s]
[0m15:15:08.548414 [debug] [Thread-4 (]: Finished running node test.dbt_project.unique_stg_customers_email.1ebcb2333e
[0m15:15:08.570416 [debug] [Thread-2 (]: SQL status: BEGIN in 0.033 seconds
[0m15:15:08.571418 [debug] [Thread-2 (]: Using postgres connection "test.dbt_project.unique_stg_orders_order_id.e3b841c71a"
[0m15:15:08.571418 [debug] [Thread-2 (]: On test.dbt_project.unique_stg_orders_order_id.e3b841c71a: /* {"app": "dbt", "dbt_version": "1.10.8", "profile_name": "dbt_project", "target_name": "dev", "node_id": "test.dbt_project.unique_stg_orders_order_id.e3b841c71a"} */

    select
      count(*) as failures,
      count(*) != 0 as should_warn,
      count(*) != 0 as should_error
    from (
      
    
  
    
    

select
    order_id as unique_field,
    count(*) as n_records

from "dbt_project".public.stg_orders
where order_id is not null
group by order_id
having count(*) > 1



  
  
      
    ) dbt_internal_test
[0m15:15:08.576418 [debug] [Thread-2 (]: SQL status: SELECT 1 in 0.004 seconds
[0m15:15:08.578419 [debug] [Thread-2 (]: On test.dbt_project.unique_stg_orders_order_id.e3b841c71a: ROLLBACK
[0m15:15:08.579420 [debug] [Thread-2 (]: On test.dbt_project.unique_stg_orders_order_id.e3b841c71a: Close
[0m15:15:08.579420 [debug] [Thread-3 (]: SQL status: BEGIN in 0.146 seconds
[0m15:15:08.580418 [info ] [Thread-2 (]: 26 of 26 PASS unique_stg_orders_order_id ....................................... [[32mPASS[0m in 0.06s]
[0m15:15:08.581419 [debug] [Thread-3 (]: Using postgres connection "test.dbt_project.unique_brnz_orders_order_id.96b1d65cd2"
[0m15:15:08.582419 [debug] [Thread-2 (]: Finished running node test.dbt_project.unique_stg_orders_order_id.e3b841c71a
[0m15:15:08.583420 [debug] [Thread-3 (]: On test.dbt_project.unique_brnz_orders_order_id.96b1d65cd2: /* {"app": "dbt", "dbt_version": "1.10.8", "profile_name": "dbt_project", "target_name": "dev", "node_id": "test.dbt_project.unique_brnz_orders_order_id.96b1d65cd2"} */

    select
      count(*) as failures,
      count(*) != 0 as should_warn,
      count(*) != 0 as should_error
    from (
      
    
  
    
    

select
    order_id as unique_field,
    count(*) as n_records

from "dbt_project".public.brnz_orders
where order_id is not null
group by order_id
having count(*) > 1



  
  
      
    ) dbt_internal_test
[0m15:15:08.586421 [debug] [Thread-3 (]: SQL status: SELECT 1 in 0.002 seconds
[0m15:15:08.587420 [debug] [Thread-3 (]: On test.dbt_project.unique_brnz_orders_order_id.96b1d65cd2: ROLLBACK
[0m15:15:08.588420 [debug] [Thread-3 (]: On test.dbt_project.unique_brnz_orders_order_id.96b1d65cd2: Close
[0m15:15:08.589419 [info ] [Thread-3 (]: 22 of 26 PASS unique_brnz_orders_order_id ...................................... [[32mPASS[0m in 0.19s]
[0m15:15:08.591421 [debug] [Thread-3 (]: Finished running node test.dbt_project.unique_brnz_orders_order_id.96b1d65cd2
[0m15:15:08.612425 [debug] [Thread-1 (]: SQL status: BEGIN in 0.149 seconds
[0m15:15:08.613434 [debug] [Thread-1 (]: Using postgres connection "test.dbt_project.unique_customer_metrics_customer_id.9d7dec9840"
[0m15:15:08.613434 [debug] [Thread-1 (]: On test.dbt_project.unique_customer_metrics_customer_id.9d7dec9840: /* {"app": "dbt", "dbt_version": "1.10.8", "profile_name": "dbt_project", "target_name": "dev", "node_id": "test.dbt_project.unique_customer_metrics_customer_id.9d7dec9840"} */

    select
      count(*) as failures,
      count(*) != 0 as should_warn,
      count(*) != 0 as should_error
    from (
      
    
  
    
    

select
    customer_id as unique_field,
    count(*) as n_records

from "dbt_project".public.customer_metrics
where customer_id is not null
group by customer_id
having count(*) > 1



  
  
      
    ) dbt_internal_test
[0m15:15:08.616426 [debug] [Thread-1 (]: SQL status: SELECT 1 in 0.002 seconds
[0m15:15:08.617426 [debug] [Thread-1 (]: On test.dbt_project.unique_customer_metrics_customer_id.9d7dec9840: ROLLBACK
[0m15:15:08.618426 [debug] [Thread-1 (]: On test.dbt_project.unique_customer_metrics_customer_id.9d7dec9840: Close
[0m15:15:08.619427 [info ] [Thread-1 (]: 23 of 26 PASS unique_customer_metrics_customer_id .............................. [[32mPASS[0m in 0.19s]
[0m15:15:08.620428 [debug] [Thread-1 (]: Finished running node test.dbt_project.unique_customer_metrics_customer_id.9d7dec9840
[0m15:15:08.622427 [debug] [MainThread]: Using postgres connection "master"
[0m15:15:08.623429 [debug] [MainThread]: On master: BEGIN
[0m15:15:08.623429 [debug] [MainThread]: Opening a new connection, currently in state closed
[0m15:15:08.764210 [debug] [MainThread]: SQL status: BEGIN in 0.141 seconds
[0m15:15:08.765210 [debug] [MainThread]: On master: COMMIT
[0m15:15:08.765210 [debug] [MainThread]: Using postgres connection "master"
[0m15:15:08.766208 [debug] [MainThread]: On master: COMMIT
[0m15:15:08.766208 [debug] [MainThread]: SQL status: COMMIT in 0.000 seconds
[0m15:15:08.767209 [debug] [MainThread]: On master: Close
[0m15:15:08.768210 [debug] [MainThread]: Connection 'master' was properly closed.
[0m15:15:08.768210 [debug] [MainThread]: Connection 'list_dbt_project_public' was properly closed.
[0m15:15:08.769211 [debug] [MainThread]: Connection 'test.dbt_project.unique_customer_metrics_customer_id.9d7dec9840' was properly closed.
[0m15:15:08.769211 [debug] [MainThread]: Connection 'test.dbt_project.unique_stg_orders_order_id.e3b841c71a' was properly closed.
[0m15:15:08.770211 [debug] [MainThread]: Connection 'test.dbt_project.unique_brnz_orders_order_id.96b1d65cd2' was properly closed.
[0m15:15:08.770211 [debug] [MainThread]: Connection 'test.dbt_project.unique_stg_customers_email.1ebcb2333e' was properly closed.
[0m15:15:08.771210 [info ] [MainThread]: 
[0m15:15:08.772211 [info ] [MainThread]: Finished running 26 data tests in 0 hours 0 minutes and 1.21 seconds (1.21s).
[0m15:15:08.777212 [debug] [MainThread]: Command end result
[0m15:15:08.807219 [debug] [MainThread]: Wrote artifact WritableManifest to C:\Users\arpit\Jupyter Notebook\CI CD Pipeline project\target\manifest.json
[0m15:15:08.810218 [debug] [MainThread]: Wrote artifact SemanticManifest to C:\Users\arpit\Jupyter Notebook\CI CD Pipeline project\target\semantic_manifest.json
[0m15:15:08.818221 [debug] [MainThread]: Wrote artifact RunExecutionResult to C:\Users\arpit\Jupyter Notebook\CI CD Pipeline project\target\run_results.json
[0m15:15:08.818221 [info ] [MainThread]: 
[0m15:15:08.819222 [info ] [MainThread]: [32mCompleted successfully[0m
[0m15:15:08.820221 [info ] [MainThread]: 
[0m15:15:08.820221 [info ] [MainThread]: Done. PASS=26 WARN=0 ERROR=0 SKIP=0 NO-OP=0 TOTAL=26
[0m15:15:08.822224 [debug] [MainThread]: Command `dbt test` succeeded at 15:15:08.822224 after 2.47 seconds
[0m15:15:08.822224 [debug] [MainThread]: Sending event: {'category': 'dbt', 'action': 'invocation', 'label': 'end', 'context': [<snowplow_tracker.self_describing_json.SelfDescribingJson object at 0x000001987B4A7350>, <snowplow_tracker.self_describing_json.SelfDescribingJson object at 0x0000019873A16190>, <snowplow_tracker.self_describing_json.SelfDescribingJson object at 0x000001987C5524D0>]}
[0m15:15:08.823222 [debug] [MainThread]: Flushing usage events
[0m15:15:09.291771 [debug] [MainThread]: An error was encountered while trying to flush usage events
[0m15:29:49.173729 [debug] [MainThread]: Sending event: {'category': 'dbt', 'action': 'invocation', 'label': 'start', 'context': [<snowplow_tracker.self_describing_json.SelfDescribingJson object at 0x00000178B9C6D790>, <snowplow_tracker.self_describing_json.SelfDescribingJson object at 0x00000178B9C63DD0>, <snowplow_tracker.self_describing_json.SelfDescribingJson object at 0x00000178B9C6D050>]}


============================== 15:29:49.178730 | 8460cca5-9d50-42e8-8997-e9ab3e0e600c ==============================
[0m15:29:49.178730 [info ] [MainThread]: Running with dbt=1.10.8
[0m15:29:49.179730 [debug] [MainThread]: running dbt with arguments {'printer_width': '80', 'indirect_selection': 'eager', 'write_json': 'True', 'log_cache_events': 'False', 'partial_parse': 'True', 'cache_selected_only': 'False', 'warn_error': 'None', 'version_check': 'True', 'fail_fast': 'False', 'log_path': 'C:\\Users\\arpit\\Jupyter Notebook\\CI CD Pipeline project\\logs', 'debug': 'False', 'profiles_dir': 'C:\\Users\\arpit\\.dbt', 'use_colors': 'True', 'use_experimental_parser': 'False', 'no_print': 'None', 'quiet': 'False', 'empty': 'False', 'warn_error_options': 'WarnErrorOptionsV2(error=[], warn=[], silence=[])', 'introspect': 'True', 'static_parser': 'True', 'invocation_command': 'dbt run --select customer_metrics', 'target_path': 'None', 'log_format': 'default', 'send_anonymous_usage_stats': 'True'}
[0m15:29:49.436797 [debug] [MainThread]: Sending event: {'category': 'dbt', 'action': 'project_id', 'label': '8460cca5-9d50-42e8-8997-e9ab3e0e600c', 'context': [<snowplow_tracker.self_describing_json.SelfDescribingJson object at 0x00000178B9C80B90>]}
[0m15:29:49.508820 [debug] [MainThread]: Sending event: {'category': 'dbt', 'action': 'adapter_info', 'label': '8460cca5-9d50-42e8-8997-e9ab3e0e600c', 'context': [<snowplow_tracker.self_describing_json.SelfDescribingJson object at 0x00000178B663EE10>]}
[0m15:29:49.510809 [info ] [MainThread]: Registered adapter: postgres=1.9.0
[0m15:29:49.828877 [debug] [MainThread]: checksum: 265d66e81f90af29a7a28579c9b54d938c94f4a57c57be5f853267ae509b5fcb, vars: {}, profile: , target: , version: 1.10.8
[0m15:29:50.050772 [debug] [MainThread]: Partial parsing enabled: 0 files deleted, 0 files added, 2 files changed.
[0m15:29:50.051772 [debug] [MainThread]: Partial parsing: updated file: dbt_project://models\gold\_gold_models.yml
[0m15:29:50.052772 [debug] [MainThread]: Partial parsing: updated file: dbt_project://models\gold\customer_metrics.sql
[0m15:29:50.514878 [warn ] [MainThread]: [[33mWARNING[0m][MissingArgumentsPropertyInGenericTestDeprecation]: Deprecated
functionality
Found top-level arguments to test `accepted_values`. Arguments to generic tests
should be nested under the `arguments` property.`
[0m15:29:50.515879 [debug] [MainThread]: Sending event: {'category': 'dbt', 'action': 'deprecation', 'label': '8460cca5-9d50-42e8-8997-e9ab3e0e600c', 'property_': 'warn', 'context': [<snowplow_tracker.self_describing_json.SelfDescribingJson object at 0x00000178BAE62410>]}
[0m15:29:50.631906 [debug] [MainThread]: Sending event: {'category': 'dbt', 'action': 'load_project', 'label': '8460cca5-9d50-42e8-8997-e9ab3e0e600c', 'context': [<snowplow_tracker.self_describing_json.SelfDescribingJson object at 0x00000178BADA6190>]}
[0m15:29:50.723933 [debug] [MainThread]: Wrote artifact WritableManifest to C:\Users\arpit\Jupyter Notebook\CI CD Pipeline project\target\manifest.json
[0m15:29:50.726927 [debug] [MainThread]: Wrote artifact SemanticManifest to C:\Users\arpit\Jupyter Notebook\CI CD Pipeline project\target\semantic_manifest.json
[0m15:29:50.759933 [debug] [MainThread]: Sending event: {'category': 'dbt', 'action': 'resource_counts', 'label': '8460cca5-9d50-42e8-8997-e9ab3e0e600c', 'context': [<snowplow_tracker.self_describing_json.SelfDescribingJson object at 0x00000178BB71BE90>]}
[0m15:29:50.760450 [info ] [MainThread]: Found 5 models, 3 seeds, 27 data tests, 2 sources, 434 macros
[0m15:29:50.761439 [debug] [MainThread]: Sending event: {'category': 'dbt', 'action': 'runnable_timing', 'label': '8460cca5-9d50-42e8-8997-e9ab3e0e600c', 'context': [<snowplow_tracker.self_describing_json.SelfDescribingJson object at 0x00000178BADB4590>]}
[0m15:29:50.763451 [info ] [MainThread]: 
[0m15:29:50.763451 [info ] [MainThread]: Concurrency: 4 threads (target='dev')
[0m15:29:50.764601 [info ] [MainThread]: 
[0m15:29:50.765595 [debug] [MainThread]: Acquiring new postgres connection 'master'
[0m15:29:50.767597 [debug] [ThreadPool]: Acquiring new postgres connection 'list_dbt_project'
[0m15:29:50.855629 [debug] [ThreadPool]: Using postgres connection "list_dbt_project"
[0m15:29:50.856618 [debug] [ThreadPool]: On list_dbt_project: /* {"app": "dbt", "dbt_version": "1.10.8", "profile_name": "dbt_project", "target_name": "dev", "connection_name": "list_dbt_project"} */

    select distinct nspname from pg_namespace
  
[0m15:29:50.856618 [debug] [ThreadPool]: Opening a new connection, currently in state init
[0m15:29:50.896632 [debug] [ThreadPool]: SQL status: SELECT 4 in 0.040 seconds
[0m15:29:50.897632 [debug] [ThreadPool]: On list_dbt_project: Close
[0m15:29:50.904633 [debug] [ThreadPool]: Acquiring new postgres connection 'list_dbt_project_public'
[0m15:29:50.910631 [debug] [ThreadPool]: Using postgres connection "list_dbt_project_public"
[0m15:29:50.910631 [debug] [ThreadPool]: On list_dbt_project_public: BEGIN
[0m15:29:50.911655 [debug] [ThreadPool]: Opening a new connection, currently in state init
[0m15:29:51.046657 [debug] [ThreadPool]: SQL status: BEGIN in 0.135 seconds
[0m15:29:51.047658 [debug] [ThreadPool]: Using postgres connection "list_dbt_project_public"
[0m15:29:51.047658 [debug] [ThreadPool]: On list_dbt_project_public: /* {"app": "dbt", "dbt_version": "1.10.8", "profile_name": "dbt_project", "target_name": "dev", "connection_name": "list_dbt_project_public"} */
select
      'dbt_project' as database,
      tablename as name,
      schemaname as schema,
      'table' as type
    from pg_tables
    where schemaname ilike 'public'
    union all
    select
      'dbt_project' as database,
      viewname as name,
      schemaname as schema,
      'view' as type
    from pg_views
    where schemaname ilike 'public'
    union all
    select
      'dbt_project' as database,
      matviewname as name,
      schemaname as schema,
      'materialized_view' as type
    from pg_matviews
    where schemaname ilike 'public'
  
[0m15:29:51.055659 [debug] [ThreadPool]: SQL status: SELECT 8 in 0.007 seconds
[0m15:29:51.056660 [debug] [ThreadPool]: On list_dbt_project_public: ROLLBACK
[0m15:29:51.057659 [debug] [ThreadPool]: On list_dbt_project_public: Close
[0m15:29:51.063662 [debug] [MainThread]: Using postgres connection "master"
[0m15:29:51.064661 [debug] [MainThread]: On master: BEGIN
[0m15:29:51.064661 [debug] [MainThread]: Opening a new connection, currently in state init
[0m15:29:51.098671 [debug] [MainThread]: SQL status: BEGIN in 0.034 seconds
[0m15:29:51.099669 [debug] [MainThread]: Using postgres connection "master"
[0m15:29:51.099669 [debug] [MainThread]: On master: /* {"app": "dbt", "dbt_version": "1.10.8", "profile_name": "dbt_project", "target_name": "dev", "connection_name": "master"} */
with relation as (
        select
            pg_rewrite.ev_class as class,
            pg_rewrite.oid as id
        from pg_rewrite
    ),
    class as (
        select
            oid as id,
            relname as name,
            relnamespace as schema,
            relkind as kind
        from pg_class
    ),
    dependency as (
        select distinct
            pg_depend.objid as id,
            pg_depend.refobjid as ref
        from pg_depend
    ),
    schema as (
        select
            pg_namespace.oid as id,
            pg_namespace.nspname as name
        from pg_namespace
        where nspname != 'information_schema' and nspname not like 'pg\_%'
    ),
    referenced as (
        select
            relation.id AS id,
            referenced_class.name ,
            referenced_class.schema ,
            referenced_class.kind
        from relation
        join class as referenced_class on relation.class=referenced_class.id
        where referenced_class.kind in ('r', 'v', 'm')
    ),
    relationships as (
        select
            referenced.name as referenced_name,
            referenced.schema as referenced_schema_id,
            dependent_class.name as dependent_name,
            dependent_class.schema as dependent_schema_id,
            referenced.kind as kind
        from referenced
        join dependency on referenced.id=dependency.id
        join class as dependent_class on dependency.ref=dependent_class.id
        where
            (referenced.name != dependent_class.name or
             referenced.schema != dependent_class.schema)
    )

    select
        referenced_schema.name as referenced_schema,
        relationships.referenced_name as referenced_name,
        dependent_schema.name as dependent_schema,
        relationships.dependent_name as dependent_name
    from relationships
    join schema as dependent_schema on relationships.dependent_schema_id=dependent_schema.id
    join schema as referenced_schema on relationships.referenced_schema_id=referenced_schema.id
    group by referenced_schema, referenced_name, dependent_schema, dependent_name
    order by referenced_schema, referenced_name, dependent_schema, dependent_name;
[0m15:29:51.116673 [debug] [MainThread]: SQL status: SELECT 2 in 0.016 seconds
[0m15:29:51.118673 [debug] [MainThread]: Sending event: {'category': 'dbt', 'action': 'runnable_timing', 'label': '8460cca5-9d50-42e8-8997-e9ab3e0e600c', 'context': [<snowplow_tracker.self_describing_json.SelfDescribingJson object at 0x00000178BB93D950>]}
[0m15:29:51.118673 [debug] [MainThread]: On master: ROLLBACK
[0m15:29:51.119673 [debug] [MainThread]: Using postgres connection "master"
[0m15:29:51.119673 [debug] [MainThread]: On master: BEGIN
[0m15:29:51.120674 [debug] [MainThread]: SQL status: BEGIN in 0.000 seconds
[0m15:29:51.120674 [debug] [MainThread]: On master: COMMIT
[0m15:29:51.121674 [debug] [MainThread]: Using postgres connection "master"
[0m15:29:51.121674 [debug] [MainThread]: On master: COMMIT
[0m15:29:51.122674 [debug] [MainThread]: SQL status: COMMIT in 0.000 seconds
[0m15:29:51.123676 [debug] [MainThread]: On master: Close
[0m15:29:51.128675 [debug] [Thread-1 (]: Began running node model.dbt_project.customer_metrics
[0m15:29:51.128675 [info ] [Thread-1 (]: 1 of 1 START sql table model public.customer_metrics ........................... [RUN]
[0m15:29:51.129676 [debug] [Thread-1 (]: Acquiring new postgres connection 'model.dbt_project.customer_metrics'
[0m15:29:51.130676 [debug] [Thread-1 (]: Began compiling node model.dbt_project.customer_metrics
[0m15:29:51.138678 [debug] [Thread-1 (]: Writing injected SQL for node "model.dbt_project.customer_metrics"
[0m15:29:51.139678 [debug] [Thread-1 (]: Began executing node model.dbt_project.customer_metrics
[0m15:29:51.174686 [debug] [Thread-1 (]: Writing runtime sql for node "model.dbt_project.customer_metrics"
[0m15:29:51.176689 [debug] [Thread-1 (]: Using postgres connection "model.dbt_project.customer_metrics"
[0m15:29:51.176689 [debug] [Thread-1 (]: On model.dbt_project.customer_metrics: BEGIN
[0m15:29:51.177696 [debug] [Thread-1 (]: Opening a new connection, currently in state init
[0m15:29:51.211714 [debug] [Thread-1 (]: SQL status: BEGIN in 0.035 seconds
[0m15:29:51.213738 [debug] [Thread-1 (]: Using postgres connection "model.dbt_project.customer_metrics"
[0m15:29:51.214729 [debug] [Thread-1 (]: On model.dbt_project.customer_metrics: /* {"app": "dbt", "dbt_version": "1.10.8", "profile_name": "dbt_project", "target_name": "dev", "node_id": "model.dbt_project.customer_metrics"} */

  
    

  create  table "dbt_project".public.customer_metrics__dbt_tmp
  
  
    as
  
  (
    

WITH customer_base AS (
    SELECT
        c.customer_id,
        c.customer_name,
        c.email,
        c.country,
        c.region,
        COUNT(DISTINCT o.order_id) AS total_orders,
        COUNT(DISTINCT CASE WHEN o.status = 'completed' THEN o.order_id END) AS completed_orders,
        COUNT(DISTINCT CASE WHEN o.status = 'pending' THEN o.order_id END) AS pending_orders,
        COUNT(DISTINCT CASE WHEN o.status = 'cancelled' THEN o.order_id END) AS cancelled_orders,
        COALESCE(SUM(CASE WHEN o.status = 'completed' THEN o.amount END), 0) AS total_revenue,
        COALESCE(SUM(CASE WHEN o.status = 'completed' AND o.order_date >= CURRENT_DATE - 30 THEN o.amount END), 0) AS revenue_last_30_days,
        COALESCE(SUM(CASE WHEN o.status = 'completed' AND o.order_date >= CURRENT_DATE - 90 THEN o.amount END), 0) AS revenue_last_90_days,
        ROUND(AVG(CASE WHEN o.status = 'completed' THEN o.amount END), 2) AS avg_order_value,
        MAX(o.order_date) AS last_order_date,
        MIN(o.order_date) AS first_order_date,
        COUNT(DISTINCT CASE WHEN o.status = 'completed' AND o.order_date >= CURRENT_DATE - 90 THEN o.order_id END) AS orders_last_90_days,
        CURRENT_DATE - MAX(o.order_date) AS days_since_last_order
    FROM "dbt_project".public.stg_customers c
    LEFT JOIN "dbt_project".public.stg_orders o ON c.customer_id = o.customer_id
    GROUP BY c.customer_id, c.customer_name, c.email, c.country, c.region
),

rfm_scoring AS (
    SELECT
        *,
        -- RFM Scoring (1-5 scale, 5 is best)
        NTILE(5) OVER (ORDER BY COALESCE(days_since_last_order, 999999) DESC) AS r_score,  -- Recency (lower days = higher score)
        NTILE(5) OVER (ORDER BY total_orders) AS f_score,  -- Frequency
        NTILE(5) OVER (ORDER BY total_revenue) AS m_score   -- Monetary
    FROM customer_base
),

customer_segmentation AS (
    SELECT
        *,
        -- RFM Segment (simplified: Champions, Core, At-Risk, Lost)
        CASE
            WHEN r_score >= 4 AND f_score >= 4 AND m_score >= 4 THEN 'Champions'
            WHEN r_score >= 3 AND f_score >= 3 AND m_score >= 3 THEN 'Loyal Customers'
            WHEN r_score >= 3 AND (f_score >= 2 OR m_score >= 2) THEN 'Potential'
            WHEN r_score <= 2 AND (f_score >= 3 OR m_score >= 3) THEN 'At-Risk'
            WHEN r_score <= 2 THEN 'Lost'
            ELSE 'Need Attention'
        END AS rfm_segment,
        
        -- Churn Risk (based on inactivity + trend)
        CASE
            WHEN days_since_last_order >= 180 THEN 'High'
            WHEN days_since_last_order >= 90 AND revenue_last_90_days = 0 THEN 'High'
            WHEN days_since_last_order >= 60 THEN 'Medium'
            WHEN revenue_last_30_days < revenue_last_90_days * 0.3 AND days_since_last_order >= 30 THEN 'Medium'
            ELSE 'Low'
        END AS churn_risk,
        
        -- Customer Activity Status
        CASE
            WHEN days_since_last_order <= 30 THEN 'Active'
            WHEN days_since_last_order <= 90 THEN 'At-Risk'
            ELSE 'Inactive'
        END AS customer_status
    FROM rfm_scoring
),

health_scores AS (
    SELECT
        *,
        -- Health Score (0-100): Composite of recency, frequency, value, and momentum
        ROUND(
            (r_score * 10) +  -- Recency weight: 50 points max
            (f_score * 8) +   -- Frequency weight: 40 points max
            (m_score * 8) +   -- Monetary weight: 40 points max
            CASE
                WHEN revenue_last_30_days > 0 AND revenue_last_90_days > 0 
                    AND revenue_last_30_days > (revenue_last_90_days / 3) THEN 5
                ELSE 0
            END -  -- Growth bonus: 5 points if revenue is trending up
            CASE
                WHEN churn_risk = 'High' THEN 15
                WHEN churn_risk = 'Medium' THEN 5
                ELSE 0
            END  -- Churn penalty
        ) AS health_score
    FROM customer_segmentation
)

SELECT
    customer_id,
    customer_name,
    email,
    country,
    region,
    -- Basic Metrics
    total_orders,
    completed_orders,
    pending_orders,
    cancelled_orders,
    total_revenue,
    avg_order_value,
    -- Temporal
    last_order_date,
    first_order_date,
    days_since_last_order,
    -- Revenue Momentum
    revenue_last_30_days,
    revenue_last_90_days,
    orders_last_90_days,
    ROUND((last_order_date - first_order_date) / 365.0, 1) AS customer_lifetime_years,
    -- Story-Telling KPIs
    health_score,
    rfm_segment,
    churn_risk,
    customer_status,
    -- Supporting Metrics for Filtering
    ROUND(AVG(avg_order_value) OVER (), 2) AS avg_order_value_overall,
    ROUND(AVG(total_revenue) OVER (), 2) AS avg_customer_revenue_overall,
    CURRENT_TIMESTAMP AS updated_at
FROM health_scores
ORDER BY health_score DESC, total_revenue DESC
  );
  
[0m15:29:51.438782 [debug] [Thread-1 (]: SQL status: SELECT 150 in 0.224 seconds
[0m15:29:51.447780 [debug] [Thread-1 (]: Using postgres connection "model.dbt_project.customer_metrics"
[0m15:29:51.448781 [debug] [Thread-1 (]: On model.dbt_project.customer_metrics: /* {"app": "dbt", "dbt_version": "1.10.8", "profile_name": "dbt_project", "target_name": "dev", "node_id": "model.dbt_project.customer_metrics"} */
alter table "dbt_project"."public"."customer_metrics" rename to customer_metrics__dbt_backup
[0m15:29:51.449789 [debug] [Thread-1 (]: SQL status: ALTER TABLE in 0.000 seconds
[0m15:29:51.453800 [debug] [Thread-1 (]: Using postgres connection "model.dbt_project.customer_metrics"
[0m15:29:51.454800 [debug] [Thread-1 (]: On model.dbt_project.customer_metrics: /* {"app": "dbt", "dbt_version": "1.10.8", "profile_name": "dbt_project", "target_name": "dev", "node_id": "model.dbt_project.customer_metrics"} */
alter table "dbt_project".public.customer_metrics__dbt_tmp rename to customer_metrics
[0m15:29:51.455795 [debug] [Thread-1 (]: SQL status: ALTER TABLE in 0.001 seconds
[0m15:29:51.471784 [debug] [Thread-1 (]: On model.dbt_project.customer_metrics: COMMIT
[0m15:29:51.472784 [debug] [Thread-1 (]: Using postgres connection "model.dbt_project.customer_metrics"
[0m15:29:51.473785 [debug] [Thread-1 (]: On model.dbt_project.customer_metrics: COMMIT
[0m15:29:51.475785 [debug] [Thread-1 (]: SQL status: COMMIT in 0.001 seconds
[0m15:29:51.480785 [debug] [Thread-1 (]: Applying DROP to: "dbt_project".public.customer_metrics__dbt_backup
[0m15:29:51.486787 [debug] [Thread-1 (]: Using postgres connection "model.dbt_project.customer_metrics"
[0m15:29:51.486787 [debug] [Thread-1 (]: On model.dbt_project.customer_metrics: /* {"app": "dbt", "dbt_version": "1.10.8", "profile_name": "dbt_project", "target_name": "dev", "node_id": "model.dbt_project.customer_metrics"} */
drop table if exists "dbt_project".public.customer_metrics__dbt_backup cascade
[0m15:29:51.491789 [debug] [Thread-1 (]: SQL status: DROP TABLE in 0.004 seconds
[0m15:29:51.494789 [debug] [Thread-1 (]: On model.dbt_project.customer_metrics: Close
[0m15:29:51.496789 [debug] [Thread-1 (]: Sending event: {'category': 'dbt', 'action': 'run_model', 'label': '8460cca5-9d50-42e8-8997-e9ab3e0e600c', 'context': [<snowplow_tracker.self_describing_json.SelfDescribingJson object at 0x00000178BBA1D790>]}
[0m15:29:51.497789 [info ] [Thread-1 (]: 1 of 1 OK created sql table model public.customer_metrics ...................... [[32mSELECT 150[0m in 0.37s]
[0m15:29:51.499792 [debug] [Thread-1 (]: Finished running node model.dbt_project.customer_metrics
[0m15:29:51.500791 [debug] [MainThread]: Using postgres connection "master"
[0m15:29:51.501790 [debug] [MainThread]: On master: BEGIN
[0m15:29:51.501790 [debug] [MainThread]: Opening a new connection, currently in state closed
[0m15:29:51.643822 [debug] [MainThread]: SQL status: BEGIN in 0.141 seconds
[0m15:29:51.644824 [debug] [MainThread]: On master: COMMIT
[0m15:29:51.645823 [debug] [MainThread]: Using postgres connection "master"
[0m15:29:51.645823 [debug] [MainThread]: On master: COMMIT
[0m15:29:51.646823 [debug] [MainThread]: SQL status: COMMIT in 0.000 seconds
[0m15:29:51.646823 [debug] [MainThread]: On master: Close
[0m15:29:51.647823 [debug] [MainThread]: Connection 'master' was properly closed.
[0m15:29:51.647823 [debug] [MainThread]: Connection 'list_dbt_project' was properly closed.
[0m15:29:51.648824 [debug] [MainThread]: Connection 'list_dbt_project_public' was properly closed.
[0m15:29:51.648824 [debug] [MainThread]: Connection 'model.dbt_project.customer_metrics' was properly closed.
[0m15:29:51.649824 [info ] [MainThread]: 
[0m15:29:51.649824 [info ] [MainThread]: Finished running 1 table model in 0 hours 0 minutes and 0.88 seconds (0.88s).
[0m15:29:51.650825 [debug] [MainThread]: Command end result
[0m15:29:51.680836 [debug] [MainThread]: Wrote artifact WritableManifest to C:\Users\arpit\Jupyter Notebook\CI CD Pipeline project\target\manifest.json
[0m15:29:51.683835 [debug] [MainThread]: Wrote artifact SemanticManifest to C:\Users\arpit\Jupyter Notebook\CI CD Pipeline project\target\semantic_manifest.json
[0m15:29:51.689836 [debug] [MainThread]: Wrote artifact RunExecutionResult to C:\Users\arpit\Jupyter Notebook\CI CD Pipeline project\target\run_results.json
[0m15:29:51.690837 [info ] [MainThread]: 
[0m15:29:51.690837 [info ] [MainThread]: [32mCompleted successfully[0m
[0m15:29:51.691844 [info ] [MainThread]: 
[0m15:29:51.692837 [info ] [MainThread]: Done. PASS=1 WARN=0 ERROR=0 SKIP=0 NO-OP=0 TOTAL=1
[0m15:29:51.692837 [warn ] [MainThread]: [[33mWARNING[0m][DeprecationsSummary]: Deprecated functionality
Summary of encountered deprecations:
- MissingArgumentsPropertyInGenericTestDeprecation: 3 occurrences
To see all deprecation instances instead of just the first occurrence of each,
run command again with the `--show-all-deprecations` flag. You may also need to
run with `--no-partial-parse` as some deprecations are only encountered during
parsing.
[0m15:29:51.694843 [debug] [MainThread]: Command `dbt run` succeeded at 15:29:51.693837 after 2.61 seconds
[0m15:29:51.694843 [debug] [MainThread]: Sending event: {'category': 'dbt', 'action': 'invocation', 'label': 'end', 'context': [<snowplow_tracker.self_describing_json.SelfDescribingJson object at 0x00000178B9CB4890>, <snowplow_tracker.self_describing_json.SelfDescribingJson object at 0x00000178B3211FD0>, <snowplow_tracker.self_describing_json.SelfDescribingJson object at 0x00000178B3211410>]}
[0m15:29:51.695837 [debug] [MainThread]: Flushing usage events
[0m15:29:52.506074 [debug] [MainThread]: An error was encountered while trying to flush usage events
[0m15:30:18.744690 [debug] [MainThread]: Sending event: {'category': 'dbt', 'action': 'invocation', 'label': 'start', 'context': [<snowplow_tracker.self_describing_json.SelfDescribingJson object at 0x000001F729B4E7D0>, <snowplow_tracker.self_describing_json.SelfDescribingJson object at 0x000001F729B4E450>, <snowplow_tracker.self_describing_json.SelfDescribingJson object at 0x000001F729B4D350>]}


============================== 15:30:18.749693 | 12cf9226-d903-4c68-811d-5332ea954b88 ==============================
[0m15:30:18.749693 [info ] [MainThread]: Running with dbt=1.10.8
[0m15:30:18.750693 [debug] [MainThread]: running dbt with arguments {'printer_width': '80', 'indirect_selection': 'eager', 'log_cache_events': 'False', 'write_json': 'True', 'partial_parse': 'True', 'cache_selected_only': 'False', 'warn_error': 'None', 'debug': 'False', 'version_check': 'True', 'log_path': 'C:\\Users\\arpit\\Jupyter Notebook\\CI CD Pipeline project\\logs', 'profiles_dir': 'C:\\Users\\arpit\\.dbt', 'fail_fast': 'False', 'use_colors': 'True', 'use_experimental_parser': 'False', 'no_print': 'None', 'quiet': 'False', 'empty': 'None', 'log_format': 'default', 'static_parser': 'True', 'introspect': 'True', 'warn_error_options': 'WarnErrorOptionsV2(error=[], warn=[], silence=[])', 'target_path': 'None', 'invocation_command': 'dbt test', 'send_anonymous_usage_stats': 'True'}
[0m15:30:19.003763 [debug] [MainThread]: Sending event: {'category': 'dbt', 'action': 'project_id', 'label': '12cf9226-d903-4c68-811d-5332ea954b88', 'context': [<snowplow_tracker.self_describing_json.SelfDescribingJson object at 0x000001F72ACECA50>]}
[0m15:30:19.076773 [debug] [MainThread]: Sending event: {'category': 'dbt', 'action': 'adapter_info', 'label': '12cf9226-d903-4c68-811d-5332ea954b88', 'context': [<snowplow_tracker.self_describing_json.SelfDescribingJson object at 0x000001F7265222D0>]}
[0m15:30:19.079774 [info ] [MainThread]: Registered adapter: postgres=1.9.0
[0m15:30:19.400843 [debug] [MainThread]: checksum: 265d66e81f90af29a7a28579c9b54d938c94f4a57c57be5f853267ae509b5fcb, vars: {}, profile: , target: , version: 1.10.8
[0m15:30:19.589003 [debug] [MainThread]: Partial parsing enabled: 0 files deleted, 0 files added, 0 files changed.
[0m15:30:19.589003 [debug] [MainThread]: Partial parsing enabled, no changes found, skipping parsing
[0m15:30:19.641017 [debug] [MainThread]: Sending event: {'category': 'dbt', 'action': 'load_project', 'label': '12cf9226-d903-4c68-811d-5332ea954b88', 'context': [<snowplow_tracker.self_describing_json.SelfDescribingJson object at 0x000001F72AC5FED0>]}
[0m15:30:19.739026 [debug] [MainThread]: Wrote artifact WritableManifest to C:\Users\arpit\Jupyter Notebook\CI CD Pipeline project\target\manifest.json
[0m15:30:19.742027 [debug] [MainThread]: Wrote artifact SemanticManifest to C:\Users\arpit\Jupyter Notebook\CI CD Pipeline project\target\semantic_manifest.json
[0m15:30:19.836054 [debug] [MainThread]: Sending event: {'category': 'dbt', 'action': 'resource_counts', 'label': '12cf9226-d903-4c68-811d-5332ea954b88', 'context': [<snowplow_tracker.self_describing_json.SelfDescribingJson object at 0x000001F72AC7C690>]}
[0m15:30:19.837054 [info ] [MainThread]: Found 5 models, 3 seeds, 27 data tests, 2 sources, 434 macros
[0m15:30:19.837054 [debug] [MainThread]: Sending event: {'category': 'dbt', 'action': 'runnable_timing', 'label': '12cf9226-d903-4c68-811d-5332ea954b88', 'context': [<snowplow_tracker.self_describing_json.SelfDescribingJson object at 0x000001F726AAC610>]}
[0m15:30:19.841069 [info ] [MainThread]: 
[0m15:30:19.841069 [info ] [MainThread]: Concurrency: 4 threads (target='dev')
[0m15:30:19.842061 [info ] [MainThread]: 
[0m15:30:19.844058 [debug] [MainThread]: Acquiring new postgres connection 'master'
[0m15:30:19.849060 [debug] [ThreadPool]: Acquiring new postgres connection 'list_dbt_project_public'
[0m15:30:19.943077 [debug] [ThreadPool]: Using postgres connection "list_dbt_project_public"
[0m15:30:19.944077 [debug] [ThreadPool]: On list_dbt_project_public: BEGIN
[0m15:30:19.944077 [debug] [ThreadPool]: Opening a new connection, currently in state init
[0m15:30:20.083111 [debug] [ThreadPool]: SQL status: BEGIN in 0.138 seconds
[0m15:30:20.084113 [debug] [ThreadPool]: Using postgres connection "list_dbt_project_public"
[0m15:30:20.085118 [debug] [ThreadPool]: On list_dbt_project_public: /* {"app": "dbt", "dbt_version": "1.10.8", "profile_name": "dbt_project", "target_name": "dev", "connection_name": "list_dbt_project_public"} */
select
      'dbt_project' as database,
      tablename as name,
      schemaname as schema,
      'table' as type
    from pg_tables
    where schemaname ilike 'public'
    union all
    select
      'dbt_project' as database,
      viewname as name,
      schemaname as schema,
      'view' as type
    from pg_views
    where schemaname ilike 'public'
    union all
    select
      'dbt_project' as database,
      matviewname as name,
      schemaname as schema,
      'materialized_view' as type
    from pg_matviews
    where schemaname ilike 'public'
  
[0m15:30:20.093112 [debug] [ThreadPool]: SQL status: SELECT 8 in 0.008 seconds
[0m15:30:20.095112 [debug] [ThreadPool]: On list_dbt_project_public: ROLLBACK
[0m15:30:20.096113 [debug] [ThreadPool]: On list_dbt_project_public: Close
[0m15:30:20.103113 [debug] [MainThread]: Using postgres connection "master"
[0m15:30:20.103113 [debug] [MainThread]: On master: BEGIN
[0m15:30:20.104113 [debug] [MainThread]: Opening a new connection, currently in state init
[0m15:30:20.137122 [debug] [MainThread]: SQL status: BEGIN in 0.033 seconds
[0m15:30:20.138121 [debug] [MainThread]: Using postgres connection "master"
[0m15:30:20.138121 [debug] [MainThread]: On master: /* {"app": "dbt", "dbt_version": "1.10.8", "profile_name": "dbt_project", "target_name": "dev", "connection_name": "master"} */
with relation as (
        select
            pg_rewrite.ev_class as class,
            pg_rewrite.oid as id
        from pg_rewrite
    ),
    class as (
        select
            oid as id,
            relname as name,
            relnamespace as schema,
            relkind as kind
        from pg_class
    ),
    dependency as (
        select distinct
            pg_depend.objid as id,
            pg_depend.refobjid as ref
        from pg_depend
    ),
    schema as (
        select
            pg_namespace.oid as id,
            pg_namespace.nspname as name
        from pg_namespace
        where nspname != 'information_schema' and nspname not like 'pg\_%'
    ),
    referenced as (
        select
            relation.id AS id,
            referenced_class.name ,
            referenced_class.schema ,
            referenced_class.kind
        from relation
        join class as referenced_class on relation.class=referenced_class.id
        where referenced_class.kind in ('r', 'v', 'm')
    ),
    relationships as (
        select
            referenced.name as referenced_name,
            referenced.schema as referenced_schema_id,
            dependent_class.name as dependent_name,
            dependent_class.schema as dependent_schema_id,
            referenced.kind as kind
        from referenced
        join dependency on referenced.id=dependency.id
        join class as dependent_class on dependency.ref=dependent_class.id
        where
            (referenced.name != dependent_class.name or
             referenced.schema != dependent_class.schema)
    )

    select
        referenced_schema.name as referenced_schema,
        relationships.referenced_name as referenced_name,
        dependent_schema.name as dependent_schema,
        relationships.dependent_name as dependent_name
    from relationships
    join schema as dependent_schema on relationships.dependent_schema_id=dependent_schema.id
    join schema as referenced_schema on relationships.referenced_schema_id=referenced_schema.id
    group by referenced_schema, referenced_name, dependent_schema, dependent_name
    order by referenced_schema, referenced_name, dependent_schema, dependent_name;
[0m15:30:20.148123 [debug] [MainThread]: SQL status: SELECT 2 in 0.009 seconds
[0m15:30:20.150123 [debug] [MainThread]: Sending event: {'category': 'dbt', 'action': 'runnable_timing', 'label': '12cf9226-d903-4c68-811d-5332ea954b88', 'context': [<snowplow_tracker.self_describing_json.SelfDescribingJson object at 0x000001F72B033950>]}
[0m15:30:20.151124 [debug] [MainThread]: On master: ROLLBACK
[0m15:30:20.152127 [debug] [MainThread]: Using postgres connection "master"
[0m15:30:20.153124 [debug] [MainThread]: On master: BEGIN
[0m15:30:20.154125 [debug] [MainThread]: SQL status: BEGIN in 0.000 seconds
[0m15:30:20.154125 [debug] [MainThread]: On master: COMMIT
[0m15:30:20.155125 [debug] [MainThread]: Using postgres connection "master"
[0m15:30:20.155125 [debug] [MainThread]: On master: COMMIT
[0m15:30:20.156125 [debug] [MainThread]: SQL status: COMMIT in 0.000 seconds
[0m15:30:20.156125 [debug] [MainThread]: On master: Close
[0m15:30:20.162136 [debug] [Thread-1 (]: Began running node test.dbt_project.accepted_values_customer_metrics_churn_risk__Low__Medium__High.4663b7e822
[0m15:30:20.162136 [debug] [Thread-2 (]: Began running node test.dbt_project.accepted_values_customer_metrics_customer_status__Active__At_Risk__Inactive.68e01694a6
[0m15:30:20.162136 [debug] [Thread-3 (]: Began running node test.dbt_project.accepted_values_customer_metrics_rfm_segment__Champions__Loyal_Customers__Potential__At_Risk__Lost__Need_Attention.84a6bd543a
[0m15:30:20.163136 [debug] [Thread-4 (]: Began running node test.dbt_project.accepted_values_stg_orders_status__completed__pending__cancelled.55410e9790
[0m15:30:20.163136 [info ] [Thread-1 (]: 1 of 27 START test accepted_values_customer_metrics_churn_risk__Low__Medium__High  [RUN]
[0m15:30:20.164130 [info ] [Thread-2 (]: 2 of 27 START test accepted_values_customer_metrics_customer_status__Active__At_Risk__Inactive  [RUN]
[0m15:30:20.165137 [info ] [Thread-3 (]: 3 of 27 START test accepted_values_customer_metrics_rfm_segment__Champions__Loyal_Customers__Potential__At_Risk__Lost__Need_Attention  [RUN]
[0m15:30:20.166137 [info ] [Thread-4 (]: 4 of 27 START test accepted_values_stg_orders_status__completed__pending__cancelled  [RUN]
[0m15:30:20.166137 [debug] [Thread-1 (]: Acquiring new postgres connection 'test.dbt_project.accepted_values_customer_metrics_churn_risk__Low__Medium__High.4663b7e822'
[0m15:30:20.167137 [debug] [Thread-2 (]: Acquiring new postgres connection 'test.dbt_project.accepted_values_customer_metrics_customer_status__Active__At_Risk__Inactive.68e01694a6'
[0m15:30:20.168130 [debug] [Thread-3 (]: Acquiring new postgres connection 'test.dbt_project.accepted_values_customer_metrics_rfm_segment__Champions__Loyal_Customers__Potential__At_Risk__Lost__Need_Attention.84a6bd543a'
[0m15:30:20.169131 [debug] [Thread-4 (]: Acquiring new postgres connection 'test.dbt_project.accepted_values_stg_orders_status__completed__pending__cancelled.55410e9790'
[0m15:30:20.170130 [debug] [Thread-1 (]: Began compiling node test.dbt_project.accepted_values_customer_metrics_churn_risk__Low__Medium__High.4663b7e822
[0m15:30:20.170130 [debug] [Thread-2 (]: Began compiling node test.dbt_project.accepted_values_customer_metrics_customer_status__Active__At_Risk__Inactive.68e01694a6
[0m15:30:20.171133 [debug] [Thread-3 (]: Began compiling node test.dbt_project.accepted_values_customer_metrics_rfm_segment__Champions__Loyal_Customers__Potential__At_Risk__Lost__Need_Attention.84a6bd543a
[0m15:30:20.171133 [debug] [Thread-4 (]: Began compiling node test.dbt_project.accepted_values_stg_orders_status__completed__pending__cancelled.55410e9790
[0m15:30:20.188138 [debug] [Thread-1 (]: Writing injected SQL for node "test.dbt_project.accepted_values_customer_metrics_churn_risk__Low__Medium__High.4663b7e822"
[0m15:30:20.194150 [debug] [Thread-2 (]: Writing injected SQL for node "test.dbt_project.accepted_values_customer_metrics_customer_status__Active__At_Risk__Inactive.68e01694a6"
[0m15:30:20.201146 [debug] [Thread-3 (]: Writing injected SQL for node "test.dbt_project.accepted_values_customer_metrics_rfm_segment__Champions__Loyal_Customers__Potential__At_Risk__Lost__Need_Attention.84a6bd543a"
[0m15:30:20.207153 [debug] [Thread-4 (]: Writing injected SQL for node "test.dbt_project.accepted_values_stg_orders_status__completed__pending__cancelled.55410e9790"
[0m15:30:20.209144 [debug] [Thread-1 (]: Began executing node test.dbt_project.accepted_values_customer_metrics_churn_risk__Low__Medium__High.4663b7e822
[0m15:30:20.210141 [debug] [Thread-2 (]: Began executing node test.dbt_project.accepted_values_customer_metrics_customer_status__Active__At_Risk__Inactive.68e01694a6
[0m15:30:20.229145 [debug] [Thread-1 (]: Writing runtime sql for node "test.dbt_project.accepted_values_customer_metrics_churn_risk__Low__Medium__High.4663b7e822"
[0m15:30:20.230151 [debug] [Thread-3 (]: Began executing node test.dbt_project.accepted_values_customer_metrics_rfm_segment__Champions__Loyal_Customers__Potential__At_Risk__Lost__Need_Attention.84a6bd543a
[0m15:30:20.231146 [debug] [Thread-4 (]: Began executing node test.dbt_project.accepted_values_stg_orders_status__completed__pending__cancelled.55410e9790
[0m15:30:20.233151 [debug] [Thread-2 (]: Writing runtime sql for node "test.dbt_project.accepted_values_customer_metrics_customer_status__Active__At_Risk__Inactive.68e01694a6"
[0m15:30:20.237151 [debug] [Thread-3 (]: Writing runtime sql for node "test.dbt_project.accepted_values_customer_metrics_rfm_segment__Champions__Loyal_Customers__Potential__At_Risk__Lost__Need_Attention.84a6bd543a"
[0m15:30:20.238177 [debug] [Thread-1 (]: Using postgres connection "test.dbt_project.accepted_values_customer_metrics_churn_risk__Low__Medium__High.4663b7e822"
[0m15:30:20.241160 [debug] [Thread-4 (]: Writing runtime sql for node "test.dbt_project.accepted_values_stg_orders_status__completed__pending__cancelled.55410e9790"
[0m15:30:20.244146 [debug] [Thread-1 (]: On test.dbt_project.accepted_values_customer_metrics_churn_risk__Low__Medium__High.4663b7e822: BEGIN
[0m15:30:20.244146 [debug] [Thread-2 (]: Using postgres connection "test.dbt_project.accepted_values_customer_metrics_customer_status__Active__At_Risk__Inactive.68e01694a6"
[0m15:30:20.246149 [debug] [Thread-3 (]: Using postgres connection "test.dbt_project.accepted_values_customer_metrics_rfm_segment__Champions__Loyal_Customers__Potential__At_Risk__Lost__Need_Attention.84a6bd543a"
[0m15:30:20.246149 [debug] [Thread-1 (]: Opening a new connection, currently in state init
[0m15:30:20.247149 [debug] [Thread-4 (]: Using postgres connection "test.dbt_project.accepted_values_stg_orders_status__completed__pending__cancelled.55410e9790"
[0m15:30:20.247149 [debug] [Thread-2 (]: On test.dbt_project.accepted_values_customer_metrics_customer_status__Active__At_Risk__Inactive.68e01694a6: BEGIN
[0m15:30:20.248150 [debug] [Thread-3 (]: On test.dbt_project.accepted_values_customer_metrics_rfm_segment__Champions__Loyal_Customers__Potential__At_Risk__Lost__Need_Attention.84a6bd543a: BEGIN
[0m15:30:20.249157 [debug] [Thread-4 (]: On test.dbt_project.accepted_values_stg_orders_status__completed__pending__cancelled.55410e9790: BEGIN
[0m15:30:20.250157 [debug] [Thread-2 (]: Opening a new connection, currently in state init
[0m15:30:20.251158 [debug] [Thread-3 (]: Opening a new connection, currently in state init
[0m15:30:20.251158 [debug] [Thread-4 (]: Opening a new connection, currently in state init
[0m15:30:20.290158 [debug] [Thread-2 (]: SQL status: BEGIN in 0.040 seconds
[0m15:30:20.291157 [debug] [Thread-2 (]: Using postgres connection "test.dbt_project.accepted_values_customer_metrics_customer_status__Active__At_Risk__Inactive.68e01694a6"
[0m15:30:20.292158 [debug] [Thread-2 (]: On test.dbt_project.accepted_values_customer_metrics_customer_status__Active__At_Risk__Inactive.68e01694a6: /* {"app": "dbt", "dbt_version": "1.10.8", "profile_name": "dbt_project", "target_name": "dev", "node_id": "test.dbt_project.accepted_values_customer_metrics_customer_status__Active__At_Risk__Inactive.68e01694a6"} */

    select
      count(*) as failures,
      count(*) != 0 as should_warn,
      count(*) != 0 as should_error
    from (
      
    
  
    
    

with all_values as (

    select
        customer_status as value_field,
        count(*) as n_records

    from "dbt_project".public.customer_metrics
    group by customer_status

)

select *
from all_values
where value_field not in (
    'Active','At-Risk','Inactive'
)



  
  
      
    ) dbt_internal_test
[0m15:30:20.294157 [debug] [Thread-2 (]: SQL status: SELECT 1 in 0.002 seconds
[0m15:30:20.299161 [debug] [Thread-2 (]: On test.dbt_project.accepted_values_customer_metrics_customer_status__Active__At_Risk__Inactive.68e01694a6: ROLLBACK
[0m15:30:20.300163 [debug] [Thread-2 (]: On test.dbt_project.accepted_values_customer_metrics_customer_status__Active__At_Risk__Inactive.68e01694a6: Close
[0m15:30:20.300163 [debug] [Thread-4 (]: SQL status: BEGIN in 0.049 seconds
[0m15:30:20.300163 [debug] [Thread-3 (]: SQL status: BEGIN in 0.050 seconds
[0m15:30:20.301161 [info ] [Thread-2 (]: 2 of 27 PASS accepted_values_customer_metrics_customer_status__Active__At_Risk__Inactive  [[32mPASS[0m in 0.13s]
[0m15:30:20.302162 [debug] [Thread-4 (]: Using postgres connection "test.dbt_project.accepted_values_stg_orders_status__completed__pending__cancelled.55410e9790"
[0m15:30:20.303162 [debug] [Thread-3 (]: Using postgres connection "test.dbt_project.accepted_values_customer_metrics_rfm_segment__Champions__Loyal_Customers__Potential__At_Risk__Lost__Need_Attention.84a6bd543a"
[0m15:30:20.304162 [debug] [Thread-2 (]: Finished running node test.dbt_project.accepted_values_customer_metrics_customer_status__Active__At_Risk__Inactive.68e01694a6
[0m15:30:20.305161 [debug] [Thread-4 (]: On test.dbt_project.accepted_values_stg_orders_status__completed__pending__cancelled.55410e9790: /* {"app": "dbt", "dbt_version": "1.10.8", "profile_name": "dbt_project", "target_name": "dev", "node_id": "test.dbt_project.accepted_values_stg_orders_status__completed__pending__cancelled.55410e9790"} */

    select
      count(*) as failures,
      count(*) != 0 as should_warn,
      count(*) != 0 as should_error
    from (
      
    
  
    
    

with all_values as (

    select
        status as value_field,
        count(*) as n_records

    from "dbt_project".public.stg_orders
    group by status

)

select *
from all_values
where value_field not in (
    'completed','pending','cancelled'
)



  
  
      
    ) dbt_internal_test
[0m15:30:20.305161 [debug] [Thread-3 (]: On test.dbt_project.accepted_values_customer_metrics_rfm_segment__Champions__Loyal_Customers__Potential__At_Risk__Lost__Need_Attention.84a6bd543a: /* {"app": "dbt", "dbt_version": "1.10.8", "profile_name": "dbt_project", "target_name": "dev", "node_id": "test.dbt_project.accepted_values_customer_metrics_rfm_segment__Champions__Loyal_Customers__Potential__At_Risk__Lost__Need_Attention.84a6bd543a"} */

    select
      count(*) as failures,
      count(*) != 0 as should_warn,
      count(*) != 0 as should_error
    from (
      
    
  
    
    

with all_values as (

    select
        rfm_segment as value_field,
        count(*) as n_records

    from "dbt_project".public.customer_metrics
    group by rfm_segment

)

select *
from all_values
where value_field not in (
    'Champions','Loyal Customers','Potential','At-Risk','Lost','Need Attention'
)



  
  
      
    ) dbt_internal_test
[0m15:30:20.306162 [debug] [Thread-2 (]: Began running node test.dbt_project.not_null_brnz_customers_customer_id.b4d91ba4e5
[0m15:30:20.308163 [info ] [Thread-2 (]: 5 of 27 START test not_null_brnz_customers_customer_id ......................... [RUN]
[0m15:30:20.309162 [debug] [Thread-2 (]: Re-using an available connection from the pool (formerly test.dbt_project.accepted_values_customer_metrics_customer_status__Active__At_Risk__Inactive.68e01694a6, now test.dbt_project.not_null_brnz_customers_customer_id.b4d91ba4e5)
[0m15:30:20.310164 [debug] [Thread-3 (]: SQL status: SELECT 1 in 0.002 seconds
[0m15:30:20.310164 [debug] [Thread-2 (]: Began compiling node test.dbt_project.not_null_brnz_customers_customer_id.b4d91ba4e5
[0m15:30:20.311166 [debug] [Thread-4 (]: SQL status: SELECT 1 in 0.004 seconds
[0m15:30:20.312162 [debug] [Thread-3 (]: On test.dbt_project.accepted_values_customer_metrics_rfm_segment__Champions__Loyal_Customers__Potential__At_Risk__Lost__Need_Attention.84a6bd543a: ROLLBACK
[0m15:30:20.319165 [debug] [Thread-2 (]: Writing injected SQL for node "test.dbt_project.not_null_brnz_customers_customer_id.b4d91ba4e5"
[0m15:30:20.322165 [debug] [Thread-4 (]: On test.dbt_project.accepted_values_stg_orders_status__completed__pending__cancelled.55410e9790: ROLLBACK
[0m15:30:20.323166 [debug] [Thread-3 (]: On test.dbt_project.accepted_values_customer_metrics_rfm_segment__Champions__Loyal_Customers__Potential__At_Risk__Lost__Need_Attention.84a6bd543a: Close
[0m15:30:20.324167 [debug] [Thread-4 (]: On test.dbt_project.accepted_values_stg_orders_status__completed__pending__cancelled.55410e9790: Close
[0m15:30:20.325166 [debug] [Thread-2 (]: Began executing node test.dbt_project.not_null_brnz_customers_customer_id.b4d91ba4e5
[0m15:30:20.326166 [info ] [Thread-3 (]: 3 of 27 PASS accepted_values_customer_metrics_rfm_segment__Champions__Loyal_Customers__Potential__At_Risk__Lost__Need_Attention  [[32mPASS[0m in 0.16s]
[0m15:30:20.327167 [info ] [Thread-4 (]: 4 of 27 PASS accepted_values_stg_orders_status__completed__pending__cancelled .. [[32mPASS[0m in 0.16s]
[0m15:30:20.330168 [debug] [Thread-2 (]: Writing runtime sql for node "test.dbt_project.not_null_brnz_customers_customer_id.b4d91ba4e5"
[0m15:30:20.331167 [debug] [Thread-3 (]: Finished running node test.dbt_project.accepted_values_customer_metrics_rfm_segment__Champions__Loyal_Customers__Potential__At_Risk__Lost__Need_Attention.84a6bd543a
[0m15:30:20.332170 [debug] [Thread-4 (]: Finished running node test.dbt_project.accepted_values_stg_orders_status__completed__pending__cancelled.55410e9790
[0m15:30:20.333168 [debug] [Thread-3 (]: Began running node test.dbt_project.not_null_brnz_orders_customer_id.a7693da971
[0m15:30:20.334169 [debug] [Thread-4 (]: Began running node test.dbt_project.not_null_brnz_orders_order_id.2e8ed23d30
[0m15:30:20.335170 [debug] [Thread-2 (]: Using postgres connection "test.dbt_project.not_null_brnz_customers_customer_id.b4d91ba4e5"
[0m15:30:20.335170 [info ] [Thread-3 (]: 6 of 27 START test not_null_brnz_orders_customer_id ............................ [RUN]
[0m15:30:20.336171 [info ] [Thread-4 (]: 7 of 27 START test not_null_brnz_orders_order_id ............................... [RUN]
[0m15:30:20.337168 [debug] [Thread-2 (]: On test.dbt_project.not_null_brnz_customers_customer_id.b4d91ba4e5: BEGIN
[0m15:30:20.338171 [debug] [Thread-3 (]: Re-using an available connection from the pool (formerly test.dbt_project.accepted_values_customer_metrics_rfm_segment__Champions__Loyal_Customers__Potential__At_Risk__Lost__Need_Attention.84a6bd543a, now test.dbt_project.not_null_brnz_orders_customer_id.a7693da971)
[0m15:30:20.338171 [debug] [Thread-4 (]: Re-using an available connection from the pool (formerly test.dbt_project.accepted_values_stg_orders_status__completed__pending__cancelled.55410e9790, now test.dbt_project.not_null_brnz_orders_order_id.2e8ed23d30)
[0m15:30:20.339171 [debug] [Thread-2 (]: Opening a new connection, currently in state closed
[0m15:30:20.340170 [debug] [Thread-3 (]: Began compiling node test.dbt_project.not_null_brnz_orders_customer_id.a7693da971
[0m15:30:20.341170 [debug] [Thread-4 (]: Began compiling node test.dbt_project.not_null_brnz_orders_order_id.2e8ed23d30
[0m15:30:20.346170 [debug] [Thread-3 (]: Writing injected SQL for node "test.dbt_project.not_null_brnz_orders_customer_id.a7693da971"
[0m15:30:20.352172 [debug] [Thread-4 (]: Writing injected SQL for node "test.dbt_project.not_null_brnz_orders_order_id.2e8ed23d30"
[0m15:30:20.353176 [debug] [Thread-3 (]: Began executing node test.dbt_project.not_null_brnz_orders_customer_id.a7693da971
[0m15:30:20.354174 [debug] [Thread-4 (]: Began executing node test.dbt_project.not_null_brnz_orders_order_id.2e8ed23d30
[0m15:30:20.357174 [debug] [Thread-3 (]: Writing runtime sql for node "test.dbt_project.not_null_brnz_orders_customer_id.a7693da971"
[0m15:30:20.360173 [debug] [Thread-4 (]: Writing runtime sql for node "test.dbt_project.not_null_brnz_orders_order_id.2e8ed23d30"
[0m15:30:20.362175 [debug] [Thread-3 (]: Using postgres connection "test.dbt_project.not_null_brnz_orders_customer_id.a7693da971"
[0m15:30:20.363173 [debug] [Thread-4 (]: Using postgres connection "test.dbt_project.not_null_brnz_orders_order_id.2e8ed23d30"
[0m15:30:20.363173 [debug] [Thread-3 (]: On test.dbt_project.not_null_brnz_orders_customer_id.a7693da971: BEGIN
[0m15:30:20.364173 [debug] [Thread-4 (]: On test.dbt_project.not_null_brnz_orders_order_id.2e8ed23d30: BEGIN
[0m15:30:20.365173 [debug] [Thread-3 (]: Opening a new connection, currently in state closed
[0m15:30:20.366174 [debug] [Thread-4 (]: Opening a new connection, currently in state closed
[0m15:30:20.379178 [debug] [Thread-2 (]: SQL status: BEGIN in 0.039 seconds
[0m15:30:20.380177 [debug] [Thread-2 (]: Using postgres connection "test.dbt_project.not_null_brnz_customers_customer_id.b4d91ba4e5"
[0m15:30:20.380177 [debug] [Thread-2 (]: On test.dbt_project.not_null_brnz_customers_customer_id.b4d91ba4e5: /* {"app": "dbt", "dbt_version": "1.10.8", "profile_name": "dbt_project", "target_name": "dev", "node_id": "test.dbt_project.not_null_brnz_customers_customer_id.b4d91ba4e5"} */

    select
      count(*) as failures,
      count(*) != 0 as should_warn,
      count(*) != 0 as should_error
    from (
      
    
  
    
    



select customer_id
from "dbt_project".public.brnz_customers
where customer_id is null



  
  
      
    ) dbt_internal_test
[0m15:30:20.383179 [debug] [Thread-2 (]: SQL status: SELECT 1 in 0.002 seconds
[0m15:30:20.385180 [debug] [Thread-2 (]: On test.dbt_project.not_null_brnz_customers_customer_id.b4d91ba4e5: ROLLBACK
[0m15:30:20.386180 [debug] [Thread-2 (]: On test.dbt_project.not_null_brnz_customers_customer_id.b4d91ba4e5: Close
[0m15:30:20.387180 [debug] [Thread-1 (]: SQL status: BEGIN in 0.141 seconds
[0m15:30:20.388182 [info ] [Thread-2 (]: 5 of 27 PASS not_null_brnz_customers_customer_id ............................... [[32mPASS[0m in 0.08s]
[0m15:30:20.388182 [debug] [Thread-1 (]: Using postgres connection "test.dbt_project.accepted_values_customer_metrics_churn_risk__Low__Medium__High.4663b7e822"
[0m15:30:20.389182 [debug] [Thread-2 (]: Finished running node test.dbt_project.not_null_brnz_customers_customer_id.b4d91ba4e5
[0m15:30:20.390181 [debug] [Thread-1 (]: On test.dbt_project.accepted_values_customer_metrics_churn_risk__Low__Medium__High.4663b7e822: /* {"app": "dbt", "dbt_version": "1.10.8", "profile_name": "dbt_project", "target_name": "dev", "node_id": "test.dbt_project.accepted_values_customer_metrics_churn_risk__Low__Medium__High.4663b7e822"} */

    select
      count(*) as failures,
      count(*) != 0 as should_warn,
      count(*) != 0 as should_error
    from (
      
    
  
    
    

with all_values as (

    select
        churn_risk as value_field,
        count(*) as n_records

    from "dbt_project".public.customer_metrics
    group by churn_risk

)

select *
from all_values
where value_field not in (
    'Low','Medium','High'
)



  
  
      
    ) dbt_internal_test
[0m15:30:20.391182 [debug] [Thread-2 (]: Began running node test.dbt_project.not_null_customer_metrics_churn_risk.5d227c2a7c
[0m15:30:20.392183 [info ] [Thread-2 (]: 8 of 27 START test not_null_customer_metrics_churn_risk ........................ [RUN]
[0m15:30:20.394181 [debug] [Thread-2 (]: Re-using an available connection from the pool (formerly test.dbt_project.not_null_brnz_customers_customer_id.b4d91ba4e5, now test.dbt_project.not_null_customer_metrics_churn_risk.5d227c2a7c)
[0m15:30:20.394181 [debug] [Thread-1 (]: SQL status: SELECT 1 in 0.002 seconds
[0m15:30:20.395181 [debug] [Thread-2 (]: Began compiling node test.dbt_project.not_null_customer_metrics_churn_risk.5d227c2a7c
[0m15:30:20.396181 [debug] [Thread-1 (]: On test.dbt_project.accepted_values_customer_metrics_churn_risk__Low__Medium__High.4663b7e822: ROLLBACK
[0m15:30:20.402184 [debug] [Thread-2 (]: Writing injected SQL for node "test.dbt_project.not_null_customer_metrics_churn_risk.5d227c2a7c"
[0m15:30:20.403183 [debug] [Thread-1 (]: On test.dbt_project.accepted_values_customer_metrics_churn_risk__Low__Medium__High.4663b7e822: Close
[0m15:30:20.403183 [debug] [Thread-3 (]: SQL status: BEGIN in 0.038 seconds
[0m15:30:20.404184 [info ] [Thread-1 (]: 1 of 27 PASS accepted_values_customer_metrics_churn_risk__Low__Medium__High .... [[32mPASS[0m in 0.24s]
[0m15:30:20.405184 [debug] [Thread-3 (]: Using postgres connection "test.dbt_project.not_null_brnz_orders_customer_id.a7693da971"
[0m15:30:20.406183 [debug] [Thread-2 (]: Began executing node test.dbt_project.not_null_customer_metrics_churn_risk.5d227c2a7c
[0m15:30:20.407184 [debug] [Thread-1 (]: Finished running node test.dbt_project.accepted_values_customer_metrics_churn_risk__Low__Medium__High.4663b7e822
[0m15:30:20.407184 [debug] [Thread-3 (]: On test.dbt_project.not_null_brnz_orders_customer_id.a7693da971: /* {"app": "dbt", "dbt_version": "1.10.8", "profile_name": "dbt_project", "target_name": "dev", "node_id": "test.dbt_project.not_null_brnz_orders_customer_id.a7693da971"} */

    select
      count(*) as failures,
      count(*) != 0 as should_warn,
      count(*) != 0 as should_error
    from (
      
    
  
    
    



select customer_id
from "dbt_project".public.brnz_orders
where customer_id is null



  
  
      
    ) dbt_internal_test
[0m15:30:20.411187 [debug] [Thread-2 (]: Writing runtime sql for node "test.dbt_project.not_null_customer_metrics_churn_risk.5d227c2a7c"
[0m15:30:20.412186 [debug] [Thread-1 (]: Began running node test.dbt_project.not_null_customer_metrics_customer_id.e9f6122c87
[0m15:30:20.412186 [debug] [Thread-4 (]: SQL status: BEGIN in 0.047 seconds
[0m15:30:20.413186 [info ] [Thread-1 (]: 9 of 27 START test not_null_customer_metrics_customer_id ....................... [RUN]
[0m15:30:20.414186 [debug] [Thread-2 (]: Using postgres connection "test.dbt_project.not_null_customer_metrics_churn_risk.5d227c2a7c"
[0m15:30:20.415188 [debug] [Thread-3 (]: SQL status: SELECT 1 in 0.002 seconds
[0m15:30:20.415188 [debug] [Thread-4 (]: Using postgres connection "test.dbt_project.not_null_brnz_orders_order_id.2e8ed23d30"
[0m15:30:20.416185 [debug] [Thread-1 (]: Re-using an available connection from the pool (formerly test.dbt_project.accepted_values_customer_metrics_churn_risk__Low__Medium__High.4663b7e822, now test.dbt_project.not_null_customer_metrics_customer_id.e9f6122c87)
[0m15:30:20.417186 [debug] [Thread-2 (]: On test.dbt_project.not_null_customer_metrics_churn_risk.5d227c2a7c: BEGIN
[0m15:30:20.419188 [debug] [Thread-3 (]: On test.dbt_project.not_null_brnz_orders_customer_id.a7693da971: ROLLBACK
[0m15:30:20.420187 [debug] [Thread-4 (]: On test.dbt_project.not_null_brnz_orders_order_id.2e8ed23d30: /* {"app": "dbt", "dbt_version": "1.10.8", "profile_name": "dbt_project", "target_name": "dev", "node_id": "test.dbt_project.not_null_brnz_orders_order_id.2e8ed23d30"} */

    select
      count(*) as failures,
      count(*) != 0 as should_warn,
      count(*) != 0 as should_error
    from (
      
    
  
    
    



select order_id
from "dbt_project".public.brnz_orders
where order_id is null



  
  
      
    ) dbt_internal_test
[0m15:30:20.420187 [debug] [Thread-1 (]: Began compiling node test.dbt_project.not_null_customer_metrics_customer_id.e9f6122c87
[0m15:30:20.421187 [debug] [Thread-2 (]: Opening a new connection, currently in state closed
[0m15:30:20.422188 [debug] [Thread-3 (]: On test.dbt_project.not_null_brnz_orders_customer_id.a7693da971: Close
[0m15:30:20.427191 [debug] [Thread-1 (]: Writing injected SQL for node "test.dbt_project.not_null_customer_metrics_customer_id.e9f6122c87"
[0m15:30:20.427191 [debug] [Thread-4 (]: SQL status: SELECT 1 in 0.005 seconds
[0m15:30:20.429189 [info ] [Thread-3 (]: 6 of 27 PASS not_null_brnz_orders_customer_id .................................. [[32mPASS[0m in 0.09s]
[0m15:30:20.431190 [debug] [Thread-4 (]: On test.dbt_project.not_null_brnz_orders_order_id.2e8ed23d30: ROLLBACK
[0m15:30:20.432319 [debug] [Thread-3 (]: Finished running node test.dbt_project.not_null_brnz_orders_customer_id.a7693da971
[0m15:30:20.432319 [debug] [Thread-1 (]: Began executing node test.dbt_project.not_null_customer_metrics_customer_id.e9f6122c87
[0m15:30:20.433190 [debug] [Thread-4 (]: On test.dbt_project.not_null_brnz_orders_order_id.2e8ed23d30: Close
[0m15:30:20.434191 [debug] [Thread-3 (]: Began running node test.dbt_project.not_null_customer_metrics_customer_status.07e59b2992
[0m15:30:20.438191 [debug] [Thread-1 (]: Writing runtime sql for node "test.dbt_project.not_null_customer_metrics_customer_id.e9f6122c87"
[0m15:30:20.439195 [info ] [Thread-4 (]: 7 of 27 PASS not_null_brnz_orders_order_id ..................................... [[32mPASS[0m in 0.10s]
[0m15:30:20.440192 [info ] [Thread-3 (]: 10 of 27 START test not_null_customer_metrics_customer_status .................. [RUN]
[0m15:30:20.442193 [debug] [Thread-4 (]: Finished running node test.dbt_project.not_null_brnz_orders_order_id.2e8ed23d30
[0m15:30:20.443193 [debug] [Thread-3 (]: Re-using an available connection from the pool (formerly test.dbt_project.not_null_brnz_orders_customer_id.a7693da971, now test.dbt_project.not_null_customer_metrics_customer_status.07e59b2992)
[0m15:30:20.443193 [debug] [Thread-1 (]: Using postgres connection "test.dbt_project.not_null_customer_metrics_customer_id.e9f6122c87"
[0m15:30:20.444193 [debug] [Thread-4 (]: Began running node test.dbt_project.not_null_customer_metrics_health_score.92a30d5301
[0m15:30:20.445193 [debug] [Thread-3 (]: Began compiling node test.dbt_project.not_null_customer_metrics_customer_status.07e59b2992
[0m15:30:20.445193 [debug] [Thread-1 (]: On test.dbt_project.not_null_customer_metrics_customer_id.e9f6122c87: BEGIN
[0m15:30:20.446192 [info ] [Thread-4 (]: 11 of 27 START test not_null_customer_metrics_health_score ..................... [RUN]
[0m15:30:20.454196 [debug] [Thread-3 (]: Writing injected SQL for node "test.dbt_project.not_null_customer_metrics_customer_status.07e59b2992"
[0m15:30:20.454196 [debug] [Thread-1 (]: Opening a new connection, currently in state closed
[0m15:30:20.455195 [debug] [Thread-4 (]: Re-using an available connection from the pool (formerly test.dbt_project.not_null_brnz_orders_order_id.2e8ed23d30, now test.dbt_project.not_null_customer_metrics_health_score.92a30d5301)
[0m15:30:20.456196 [debug] [Thread-4 (]: Began compiling node test.dbt_project.not_null_customer_metrics_health_score.92a30d5301
[0m15:30:20.457197 [debug] [Thread-3 (]: Began executing node test.dbt_project.not_null_customer_metrics_customer_status.07e59b2992
[0m15:30:20.461196 [debug] [Thread-4 (]: Writing injected SQL for node "test.dbt_project.not_null_customer_metrics_health_score.92a30d5301"
[0m15:30:20.465198 [debug] [Thread-3 (]: Writing runtime sql for node "test.dbt_project.not_null_customer_metrics_customer_status.07e59b2992"
[0m15:30:20.466198 [debug] [Thread-2 (]: SQL status: BEGIN in 0.045 seconds
[0m15:30:20.468199 [debug] [Thread-2 (]: Using postgres connection "test.dbt_project.not_null_customer_metrics_churn_risk.5d227c2a7c"
[0m15:30:20.469198 [debug] [Thread-2 (]: On test.dbt_project.not_null_customer_metrics_churn_risk.5d227c2a7c: /* {"app": "dbt", "dbt_version": "1.10.8", "profile_name": "dbt_project", "target_name": "dev", "node_id": "test.dbt_project.not_null_customer_metrics_churn_risk.5d227c2a7c"} */

    select
      count(*) as failures,
      count(*) != 0 as should_warn,
      count(*) != 0 as should_error
    from (
      
    
  
    
    



select churn_risk
from "dbt_project".public.customer_metrics
where churn_risk is null



  
  
      
    ) dbt_internal_test
[0m15:30:20.470199 [debug] [Thread-4 (]: Began executing node test.dbt_project.not_null_customer_metrics_health_score.92a30d5301
[0m15:30:20.470199 [debug] [Thread-3 (]: Using postgres connection "test.dbt_project.not_null_customer_metrics_customer_status.07e59b2992"
[0m15:30:20.473199 [debug] [Thread-4 (]: Writing runtime sql for node "test.dbt_project.not_null_customer_metrics_health_score.92a30d5301"
[0m15:30:20.474197 [debug] [Thread-2 (]: SQL status: SELECT 1 in 0.003 seconds
[0m15:30:20.474197 [debug] [Thread-3 (]: On test.dbt_project.not_null_customer_metrics_customer_status.07e59b2992: BEGIN
[0m15:30:20.477201 [debug] [Thread-2 (]: On test.dbt_project.not_null_customer_metrics_churn_risk.5d227c2a7c: ROLLBACK
[0m15:30:20.477201 [debug] [Thread-4 (]: Using postgres connection "test.dbt_project.not_null_customer_metrics_health_score.92a30d5301"
[0m15:30:20.478200 [debug] [Thread-3 (]: Opening a new connection, currently in state closed
[0m15:30:20.479201 [debug] [Thread-2 (]: On test.dbt_project.not_null_customer_metrics_churn_risk.5d227c2a7c: Close
[0m15:30:20.479201 [debug] [Thread-4 (]: On test.dbt_project.not_null_customer_metrics_health_score.92a30d5301: BEGIN
[0m15:30:20.481201 [info ] [Thread-2 (]: 8 of 27 PASS not_null_customer_metrics_churn_risk .............................. [[32mPASS[0m in 0.09s]
[0m15:30:20.481201 [debug] [Thread-4 (]: Opening a new connection, currently in state closed
[0m15:30:20.482201 [debug] [Thread-2 (]: Finished running node test.dbt_project.not_null_customer_metrics_churn_risk.5d227c2a7c
[0m15:30:20.484201 [debug] [Thread-2 (]: Began running node test.dbt_project.not_null_customer_metrics_rfm_segment.4aacc6df7f
[0m15:30:20.485202 [info ] [Thread-2 (]: 12 of 27 START test not_null_customer_metrics_rfm_segment ...................... [RUN]
[0m15:30:20.486203 [debug] [Thread-2 (]: Re-using an available connection from the pool (formerly test.dbt_project.not_null_customer_metrics_churn_risk.5d227c2a7c, now test.dbt_project.not_null_customer_metrics_rfm_segment.4aacc6df7f)
[0m15:30:20.487203 [debug] [Thread-2 (]: Began compiling node test.dbt_project.not_null_customer_metrics_rfm_segment.4aacc6df7f
[0m15:30:20.493203 [debug] [Thread-2 (]: Writing injected SQL for node "test.dbt_project.not_null_customer_metrics_rfm_segment.4aacc6df7f"
[0m15:30:20.494204 [debug] [Thread-1 (]: SQL status: BEGIN in 0.040 seconds
[0m15:30:20.495203 [debug] [Thread-1 (]: Using postgres connection "test.dbt_project.not_null_customer_metrics_customer_id.e9f6122c87"
[0m15:30:20.496205 [debug] [Thread-1 (]: On test.dbt_project.not_null_customer_metrics_customer_id.e9f6122c87: /* {"app": "dbt", "dbt_version": "1.10.8", "profile_name": "dbt_project", "target_name": "dev", "node_id": "test.dbt_project.not_null_customer_metrics_customer_id.e9f6122c87"} */

    select
      count(*) as failures,
      count(*) != 0 as should_warn,
      count(*) != 0 as should_error
    from (
      
    
  
    
    



select customer_id
from "dbt_project".public.customer_metrics
where customer_id is null



  
  
      
    ) dbt_internal_test
[0m15:30:20.496205 [debug] [Thread-2 (]: Began executing node test.dbt_project.not_null_customer_metrics_rfm_segment.4aacc6df7f
[0m15:30:20.499205 [debug] [Thread-2 (]: Writing runtime sql for node "test.dbt_project.not_null_customer_metrics_rfm_segment.4aacc6df7f"
[0m15:30:20.500203 [debug] [Thread-1 (]: SQL status: SELECT 1 in 0.003 seconds
[0m15:30:20.502206 [debug] [Thread-1 (]: On test.dbt_project.not_null_customer_metrics_customer_id.e9f6122c87: ROLLBACK
[0m15:30:20.503206 [debug] [Thread-2 (]: Using postgres connection "test.dbt_project.not_null_customer_metrics_rfm_segment.4aacc6df7f"
[0m15:30:20.503206 [debug] [Thread-1 (]: On test.dbt_project.not_null_customer_metrics_customer_id.e9f6122c87: Close
[0m15:30:20.504207 [debug] [Thread-2 (]: On test.dbt_project.not_null_customer_metrics_rfm_segment.4aacc6df7f: BEGIN
[0m15:30:20.505207 [info ] [Thread-1 (]: 9 of 27 PASS not_null_customer_metrics_customer_id ............................. [[32mPASS[0m in 0.09s]
[0m15:30:20.506205 [debug] [Thread-2 (]: Opening a new connection, currently in state closed
[0m15:30:20.507207 [debug] [Thread-1 (]: Finished running node test.dbt_project.not_null_customer_metrics_customer_id.e9f6122c87
[0m15:30:20.508207 [debug] [Thread-1 (]: Began running node test.dbt_project.not_null_stg_customers_customer_id.e2cfb1f9aa
[0m15:30:20.508207 [info ] [Thread-1 (]: 13 of 27 START test not_null_stg_customers_customer_id ......................... [RUN]
[0m15:30:20.509208 [debug] [Thread-1 (]: Re-using an available connection from the pool (formerly test.dbt_project.not_null_customer_metrics_customer_id.e9f6122c87, now test.dbt_project.not_null_stg_customers_customer_id.e2cfb1f9aa)
[0m15:30:20.510206 [debug] [Thread-1 (]: Began compiling node test.dbt_project.not_null_stg_customers_customer_id.e2cfb1f9aa
[0m15:30:20.516209 [debug] [Thread-1 (]: Writing injected SQL for node "test.dbt_project.not_null_stg_customers_customer_id.e2cfb1f9aa"
[0m15:30:20.518210 [debug] [Thread-1 (]: Began executing node test.dbt_project.not_null_stg_customers_customer_id.e2cfb1f9aa
[0m15:30:20.521211 [debug] [Thread-1 (]: Writing runtime sql for node "test.dbt_project.not_null_stg_customers_customer_id.e2cfb1f9aa"
[0m15:30:20.523211 [debug] [Thread-1 (]: Using postgres connection "test.dbt_project.not_null_stg_customers_customer_id.e2cfb1f9aa"
[0m15:30:20.523211 [debug] [Thread-1 (]: On test.dbt_project.not_null_stg_customers_customer_id.e2cfb1f9aa: BEGIN
[0m15:30:20.524210 [debug] [Thread-1 (]: Opening a new connection, currently in state closed
[0m15:30:20.543215 [debug] [Thread-2 (]: SQL status: BEGIN in 0.037 seconds
[0m15:30:20.543215 [debug] [Thread-2 (]: Using postgres connection "test.dbt_project.not_null_customer_metrics_rfm_segment.4aacc6df7f"
[0m15:30:20.544215 [debug] [Thread-2 (]: On test.dbt_project.not_null_customer_metrics_rfm_segment.4aacc6df7f: /* {"app": "dbt", "dbt_version": "1.10.8", "profile_name": "dbt_project", "target_name": "dev", "node_id": "test.dbt_project.not_null_customer_metrics_rfm_segment.4aacc6df7f"} */

    select
      count(*) as failures,
      count(*) != 0 as should_warn,
      count(*) != 0 as should_error
    from (
      
    
  
    
    



select rfm_segment
from "dbt_project".public.customer_metrics
where rfm_segment is null



  
  
      
    ) dbt_internal_test
[0m15:30:20.546215 [debug] [Thread-2 (]: SQL status: SELECT 1 in 0.002 seconds
[0m15:30:20.548217 [debug] [Thread-2 (]: On test.dbt_project.not_null_customer_metrics_rfm_segment.4aacc6df7f: ROLLBACK
[0m15:30:20.549216 [debug] [Thread-2 (]: On test.dbt_project.not_null_customer_metrics_rfm_segment.4aacc6df7f: Close
[0m15:30:20.550216 [info ] [Thread-2 (]: 12 of 27 PASS not_null_customer_metrics_rfm_segment ............................ [[32mPASS[0m in 0.06s]
[0m15:30:20.551216 [debug] [Thread-2 (]: Finished running node test.dbt_project.not_null_customer_metrics_rfm_segment.4aacc6df7f
[0m15:30:20.552216 [debug] [Thread-2 (]: Began running node test.dbt_project.not_null_stg_customers_customer_name.5c92a78a60
[0m15:30:20.552216 [info ] [Thread-2 (]: 14 of 27 START test not_null_stg_customers_customer_name ....................... [RUN]
[0m15:30:20.553217 [debug] [Thread-2 (]: Re-using an available connection from the pool (formerly test.dbt_project.not_null_customer_metrics_rfm_segment.4aacc6df7f, now test.dbt_project.not_null_stg_customers_customer_name.5c92a78a60)
[0m15:30:20.554218 [debug] [Thread-2 (]: Began compiling node test.dbt_project.not_null_stg_customers_customer_name.5c92a78a60
[0m15:30:20.558218 [debug] [Thread-2 (]: Writing injected SQL for node "test.dbt_project.not_null_stg_customers_customer_name.5c92a78a60"
[0m15:30:20.559219 [debug] [Thread-1 (]: SQL status: BEGIN in 0.035 seconds
[0m15:30:20.560220 [debug] [Thread-2 (]: Began executing node test.dbt_project.not_null_stg_customers_customer_name.5c92a78a60
[0m15:30:20.560220 [debug] [Thread-1 (]: Using postgres connection "test.dbt_project.not_null_stg_customers_customer_id.e2cfb1f9aa"
[0m15:30:20.563223 [debug] [Thread-2 (]: Writing runtime sql for node "test.dbt_project.not_null_stg_customers_customer_name.5c92a78a60"
[0m15:30:20.564222 [debug] [Thread-1 (]: On test.dbt_project.not_null_stg_customers_customer_id.e2cfb1f9aa: /* {"app": "dbt", "dbt_version": "1.10.8", "profile_name": "dbt_project", "target_name": "dev", "node_id": "test.dbt_project.not_null_stg_customers_customer_id.e2cfb1f9aa"} */

    select
      count(*) as failures,
      count(*) != 0 as should_warn,
      count(*) != 0 as should_error
    from (
      
    
  
    
    



select customer_id
from "dbt_project".public.stg_customers
where customer_id is null



  
  
      
    ) dbt_internal_test
[0m15:30:20.565222 [debug] [Thread-2 (]: Using postgres connection "test.dbt_project.not_null_stg_customers_customer_name.5c92a78a60"
[0m15:30:20.566222 [debug] [Thread-2 (]: On test.dbt_project.not_null_stg_customers_customer_name.5c92a78a60: BEGIN
[0m15:30:20.567223 [debug] [Thread-2 (]: Opening a new connection, currently in state closed
[0m15:30:20.568222 [debug] [Thread-1 (]: SQL status: SELECT 1 in 0.003 seconds
[0m15:30:20.570221 [debug] [Thread-1 (]: On test.dbt_project.not_null_stg_customers_customer_id.e2cfb1f9aa: ROLLBACK
[0m15:30:20.571220 [debug] [Thread-1 (]: On test.dbt_project.not_null_stg_customers_customer_id.e2cfb1f9aa: Close
[0m15:30:20.572222 [info ] [Thread-1 (]: 13 of 27 PASS not_null_stg_customers_customer_id ............................... [[32mPASS[0m in 0.06s]
[0m15:30:20.573223 [debug] [Thread-1 (]: Finished running node test.dbt_project.not_null_stg_customers_customer_id.e2cfb1f9aa
[0m15:30:20.574224 [debug] [Thread-1 (]: Began running node test.dbt_project.not_null_stg_orders_customer_id.af79d5e4b5
[0m15:30:20.575223 [info ] [Thread-1 (]: 15 of 27 START test not_null_stg_orders_customer_id ............................ [RUN]
[0m15:30:20.576223 [debug] [Thread-1 (]: Re-using an available connection from the pool (formerly test.dbt_project.not_null_stg_customers_customer_id.e2cfb1f9aa, now test.dbt_project.not_null_stg_orders_customer_id.af79d5e4b5)
[0m15:30:20.577223 [debug] [Thread-1 (]: Began compiling node test.dbt_project.not_null_stg_orders_customer_id.af79d5e4b5
[0m15:30:20.582225 [debug] [Thread-1 (]: Writing injected SQL for node "test.dbt_project.not_null_stg_orders_customer_id.af79d5e4b5"
[0m15:30:20.583224 [debug] [Thread-1 (]: Began executing node test.dbt_project.not_null_stg_orders_customer_id.af79d5e4b5
[0m15:30:20.588226 [debug] [Thread-1 (]: Writing runtime sql for node "test.dbt_project.not_null_stg_orders_customer_id.af79d5e4b5"
[0m15:30:20.590226 [debug] [Thread-1 (]: Using postgres connection "test.dbt_project.not_null_stg_orders_customer_id.af79d5e4b5"
[0m15:30:20.591226 [debug] [Thread-1 (]: On test.dbt_project.not_null_stg_orders_customer_id.af79d5e4b5: BEGIN
[0m15:30:20.591226 [debug] [Thread-1 (]: Opening a new connection, currently in state closed
[0m15:30:20.604228 [debug] [Thread-2 (]: SQL status: BEGIN in 0.037 seconds
[0m15:30:20.605230 [debug] [Thread-2 (]: Using postgres connection "test.dbt_project.not_null_stg_customers_customer_name.5c92a78a60"
[0m15:30:20.606229 [debug] [Thread-2 (]: On test.dbt_project.not_null_stg_customers_customer_name.5c92a78a60: /* {"app": "dbt", "dbt_version": "1.10.8", "profile_name": "dbt_project", "target_name": "dev", "node_id": "test.dbt_project.not_null_stg_customers_customer_name.5c92a78a60"} */

    select
      count(*) as failures,
      count(*) != 0 as should_warn,
      count(*) != 0 as should_error
    from (
      
    
  
    
    



select customer_name
from "dbt_project".public.stg_customers
where customer_name is null



  
  
      
    ) dbt_internal_test
[0m15:30:20.610230 [debug] [Thread-2 (]: SQL status: SELECT 1 in 0.003 seconds
[0m15:30:20.612230 [debug] [Thread-2 (]: On test.dbt_project.not_null_stg_customers_customer_name.5c92a78a60: ROLLBACK
[0m15:30:20.613231 [debug] [Thread-2 (]: On test.dbt_project.not_null_stg_customers_customer_name.5c92a78a60: Close
[0m15:30:20.614231 [info ] [Thread-2 (]: 14 of 27 PASS not_null_stg_customers_customer_name ............................. [[32mPASS[0m in 0.06s]
[0m15:30:20.616232 [debug] [Thread-2 (]: Finished running node test.dbt_project.not_null_stg_customers_customer_name.5c92a78a60
[0m15:30:20.616232 [debug] [Thread-2 (]: Began running node test.dbt_project.not_null_stg_orders_order_date.2177a3e8bb
[0m15:30:20.617230 [info ] [Thread-2 (]: 16 of 27 START test not_null_stg_orders_order_date ............................. [RUN]
[0m15:30:20.618230 [debug] [Thread-2 (]: Re-using an available connection from the pool (formerly test.dbt_project.not_null_stg_customers_customer_name.5c92a78a60, now test.dbt_project.not_null_stg_orders_order_date.2177a3e8bb)
[0m15:30:20.619232 [debug] [Thread-2 (]: Began compiling node test.dbt_project.not_null_stg_orders_order_date.2177a3e8bb
[0m15:30:20.624233 [debug] [Thread-2 (]: Writing injected SQL for node "test.dbt_project.not_null_stg_orders_order_date.2177a3e8bb"
[0m15:30:20.626234 [debug] [Thread-2 (]: Began executing node test.dbt_project.not_null_stg_orders_order_date.2177a3e8bb
[0m15:30:20.630235 [debug] [Thread-2 (]: Writing runtime sql for node "test.dbt_project.not_null_stg_orders_order_date.2177a3e8bb"
[0m15:30:20.632234 [debug] [Thread-3 (]: SQL status: BEGIN in 0.154 seconds
[0m15:30:20.632234 [debug] [Thread-4 (]: SQL status: BEGIN in 0.151 seconds
[0m15:30:20.633236 [debug] [Thread-3 (]: Using postgres connection "test.dbt_project.not_null_customer_metrics_customer_status.07e59b2992"
[0m15:30:20.633236 [debug] [Thread-1 (]: SQL status: BEGIN in 0.042 seconds
[0m15:30:20.634234 [debug] [Thread-2 (]: Using postgres connection "test.dbt_project.not_null_stg_orders_order_date.2177a3e8bb"
[0m15:30:20.635237 [debug] [Thread-4 (]: Using postgres connection "test.dbt_project.not_null_customer_metrics_health_score.92a30d5301"
[0m15:30:20.635237 [debug] [Thread-3 (]: On test.dbt_project.not_null_customer_metrics_customer_status.07e59b2992: /* {"app": "dbt", "dbt_version": "1.10.8", "profile_name": "dbt_project", "target_name": "dev", "node_id": "test.dbt_project.not_null_customer_metrics_customer_status.07e59b2992"} */

    select
      count(*) as failures,
      count(*) != 0 as should_warn,
      count(*) != 0 as should_error
    from (
      
    
  
    
    



select customer_status
from "dbt_project".public.customer_metrics
where customer_status is null



  
  
      
    ) dbt_internal_test
[0m15:30:20.636235 [debug] [Thread-1 (]: Using postgres connection "test.dbt_project.not_null_stg_orders_customer_id.af79d5e4b5"
[0m15:30:20.637237 [debug] [Thread-2 (]: On test.dbt_project.not_null_stg_orders_order_date.2177a3e8bb: BEGIN
[0m15:30:20.637237 [debug] [Thread-4 (]: On test.dbt_project.not_null_customer_metrics_health_score.92a30d5301: /* {"app": "dbt", "dbt_version": "1.10.8", "profile_name": "dbt_project", "target_name": "dev", "node_id": "test.dbt_project.not_null_customer_metrics_health_score.92a30d5301"} */

    select
      count(*) as failures,
      count(*) != 0 as should_warn,
      count(*) != 0 as should_error
    from (
      
    
  
    
    



select health_score
from "dbt_project".public.customer_metrics
where health_score is null



  
  
      
    ) dbt_internal_test
[0m15:30:20.639238 [debug] [Thread-1 (]: On test.dbt_project.not_null_stg_orders_customer_id.af79d5e4b5: /* {"app": "dbt", "dbt_version": "1.10.8", "profile_name": "dbt_project", "target_name": "dev", "node_id": "test.dbt_project.not_null_stg_orders_customer_id.af79d5e4b5"} */

    select
      count(*) as failures,
      count(*) != 0 as should_warn,
      count(*) != 0 as should_error
    from (
      
    
  
    
    



select customer_id
from "dbt_project".public.stg_orders
where customer_id is null



  
  
      
    ) dbt_internal_test
[0m15:30:20.640237 [debug] [Thread-2 (]: Opening a new connection, currently in state closed
[0m15:30:20.641238 [debug] [Thread-3 (]: SQL status: SELECT 1 in 0.003 seconds
[0m15:30:20.644236 [debug] [Thread-3 (]: On test.dbt_project.not_null_customer_metrics_customer_status.07e59b2992: ROLLBACK
[0m15:30:20.644236 [debug] [Thread-4 (]: SQL status: SELECT 1 in 0.003 seconds
[0m15:30:20.644236 [debug] [Thread-1 (]: SQL status: SELECT 1 in 0.003 seconds
[0m15:30:20.645236 [debug] [Thread-3 (]: On test.dbt_project.not_null_customer_metrics_customer_status.07e59b2992: Close
[0m15:30:20.647237 [debug] [Thread-4 (]: On test.dbt_project.not_null_customer_metrics_health_score.92a30d5301: ROLLBACK
[0m15:30:20.650238 [debug] [Thread-1 (]: On test.dbt_project.not_null_stg_orders_customer_id.af79d5e4b5: ROLLBACK
[0m15:30:20.651240 [info ] [Thread-3 (]: 10 of 27 PASS not_null_customer_metrics_customer_status ........................ [[32mPASS[0m in 0.21s]
[0m15:30:20.652240 [debug] [Thread-4 (]: On test.dbt_project.not_null_customer_metrics_health_score.92a30d5301: Close
[0m15:30:20.652240 [debug] [Thread-1 (]: On test.dbt_project.not_null_stg_orders_customer_id.af79d5e4b5: Close
[0m15:30:20.653239 [debug] [Thread-3 (]: Finished running node test.dbt_project.not_null_customer_metrics_customer_status.07e59b2992
[0m15:30:20.654239 [info ] [Thread-4 (]: 11 of 27 PASS not_null_customer_metrics_health_score ........................... [[32mPASS[0m in 0.20s]
[0m15:30:20.656241 [info ] [Thread-1 (]: 15 of 27 PASS not_null_stg_orders_customer_id .................................. [[32mPASS[0m in 0.08s]
[0m15:30:20.657240 [debug] [Thread-3 (]: Began running node test.dbt_project.not_null_stg_orders_order_id.81cfe2fe64
[0m15:30:20.658241 [debug] [Thread-4 (]: Finished running node test.dbt_project.not_null_customer_metrics_health_score.92a30d5301
[0m15:30:20.660243 [debug] [Thread-1 (]: Finished running node test.dbt_project.not_null_stg_orders_customer_id.af79d5e4b5
[0m15:30:20.661241 [info ] [Thread-3 (]: 17 of 27 START test not_null_stg_orders_order_id ............................... [RUN]
[0m15:30:20.661241 [debug] [Thread-4 (]: Began running node test.dbt_project.relationships_stg_orders_customer_id__customer_id__ref_stg_customers_.430bf21500
[0m15:30:20.662244 [debug] [Thread-1 (]: Began running node test.dbt_project.source_not_null_raw_customers_customer_id.e869432dbb
[0m15:30:20.663243 [debug] [Thread-3 (]: Re-using an available connection from the pool (formerly test.dbt_project.not_null_customer_metrics_customer_status.07e59b2992, now test.dbt_project.not_null_stg_orders_order_id.81cfe2fe64)
[0m15:30:20.664242 [info ] [Thread-4 (]: 18 of 27 START test relationships_stg_orders_customer_id__customer_id__ref_stg_customers_  [RUN]
[0m15:30:20.665242 [info ] [Thread-1 (]: 19 of 27 START test source_not_null_raw_customers_customer_id .................. [RUN]
[0m15:30:20.666242 [debug] [Thread-3 (]: Began compiling node test.dbt_project.not_null_stg_orders_order_id.81cfe2fe64
[0m15:30:20.667244 [debug] [Thread-4 (]: Re-using an available connection from the pool (formerly test.dbt_project.not_null_customer_metrics_health_score.92a30d5301, now test.dbt_project.relationships_stg_orders_customer_id__customer_id__ref_stg_customers_.430bf21500)
[0m15:30:20.668243 [debug] [Thread-1 (]: Re-using an available connection from the pool (formerly test.dbt_project.not_null_stg_orders_customer_id.af79d5e4b5, now test.dbt_project.source_not_null_raw_customers_customer_id.e869432dbb)
[0m15:30:20.672242 [debug] [Thread-3 (]: Writing injected SQL for node "test.dbt_project.not_null_stg_orders_order_id.81cfe2fe64"
[0m15:30:20.673244 [debug] [Thread-4 (]: Began compiling node test.dbt_project.relationships_stg_orders_customer_id__customer_id__ref_stg_customers_.430bf21500
[0m15:30:20.674244 [debug] [Thread-1 (]: Began compiling node test.dbt_project.source_not_null_raw_customers_customer_id.e869432dbb
[0m15:30:20.683248 [debug] [Thread-4 (]: Writing injected SQL for node "test.dbt_project.relationships_stg_orders_customer_id__customer_id__ref_stg_customers_.430bf21500"
[0m15:30:20.684251 [debug] [Thread-3 (]: Began executing node test.dbt_project.not_null_stg_orders_order_id.81cfe2fe64
[0m15:30:20.684251 [debug] [Thread-2 (]: SQL status: BEGIN in 0.044 seconds
[0m15:30:20.689248 [debug] [Thread-1 (]: Writing injected SQL for node "test.dbt_project.source_not_null_raw_customers_customer_id.e869432dbb"
[0m15:30:20.692249 [debug] [Thread-3 (]: Writing runtime sql for node "test.dbt_project.not_null_stg_orders_order_id.81cfe2fe64"
[0m15:30:20.693249 [debug] [Thread-4 (]: Began executing node test.dbt_project.relationships_stg_orders_customer_id__customer_id__ref_stg_customers_.430bf21500
[0m15:30:20.693249 [debug] [Thread-2 (]: Using postgres connection "test.dbt_project.not_null_stg_orders_order_date.2177a3e8bb"
[0m15:30:20.697249 [debug] [Thread-4 (]: Writing runtime sql for node "test.dbt_project.relationships_stg_orders_customer_id__customer_id__ref_stg_customers_.430bf21500"
[0m15:30:20.697249 [debug] [Thread-1 (]: Began executing node test.dbt_project.source_not_null_raw_customers_customer_id.e869432dbb
[0m15:30:20.698250 [debug] [Thread-3 (]: Using postgres connection "test.dbt_project.not_null_stg_orders_order_id.81cfe2fe64"
[0m15:30:20.699251 [debug] [Thread-2 (]: On test.dbt_project.not_null_stg_orders_order_date.2177a3e8bb: /* {"app": "dbt", "dbt_version": "1.10.8", "profile_name": "dbt_project", "target_name": "dev", "node_id": "test.dbt_project.not_null_stg_orders_order_date.2177a3e8bb"} */

    select
      count(*) as failures,
      count(*) != 0 as should_warn,
      count(*) != 0 as should_error
    from (
      
    
  
    
    



select order_date
from "dbt_project".public.stg_orders
where order_date is null



  
  
      
    ) dbt_internal_test
[0m15:30:20.702249 [debug] [Thread-1 (]: Writing runtime sql for node "test.dbt_project.source_not_null_raw_customers_customer_id.e869432dbb"
[0m15:30:20.703250 [debug] [Thread-4 (]: Using postgres connection "test.dbt_project.relationships_stg_orders_customer_id__customer_id__ref_stg_customers_.430bf21500"
[0m15:30:20.704254 [debug] [Thread-3 (]: On test.dbt_project.not_null_stg_orders_order_id.81cfe2fe64: BEGIN
[0m15:30:20.705252 [debug] [Thread-4 (]: On test.dbt_project.relationships_stg_orders_customer_id__customer_id__ref_stg_customers_.430bf21500: BEGIN
[0m15:30:20.706253 [debug] [Thread-3 (]: Opening a new connection, currently in state closed
[0m15:30:20.707252 [debug] [Thread-1 (]: Using postgres connection "test.dbt_project.source_not_null_raw_customers_customer_id.e869432dbb"
[0m15:30:20.707252 [debug] [Thread-2 (]: SQL status: SELECT 1 in 0.003 seconds
[0m15:30:20.708251 [debug] [Thread-4 (]: Opening a new connection, currently in state closed
[0m15:30:20.709253 [debug] [Thread-1 (]: On test.dbt_project.source_not_null_raw_customers_customer_id.e869432dbb: BEGIN
[0m15:30:20.711252 [debug] [Thread-2 (]: On test.dbt_project.not_null_stg_orders_order_date.2177a3e8bb: ROLLBACK
[0m15:30:20.712252 [debug] [Thread-1 (]: Opening a new connection, currently in state closed
[0m15:30:20.712252 [debug] [Thread-2 (]: On test.dbt_project.not_null_stg_orders_order_date.2177a3e8bb: Close
[0m15:30:20.714255 [info ] [Thread-2 (]: 16 of 27 PASS not_null_stg_orders_order_date ................................... [[32mPASS[0m in 0.10s]
[0m15:30:20.715254 [debug] [Thread-2 (]: Finished running node test.dbt_project.not_null_stg_orders_order_date.2177a3e8bb
[0m15:30:20.716255 [debug] [Thread-2 (]: Began running node test.dbt_project.source_unique_raw_customers_customer_id.3579d23017
[0m15:30:20.718259 [info ] [Thread-2 (]: 20 of 27 START test source_unique_raw_customers_customer_id .................... [RUN]
[0m15:30:20.719256 [debug] [Thread-2 (]: Re-using an available connection from the pool (formerly test.dbt_project.not_null_stg_orders_order_date.2177a3e8bb, now test.dbt_project.source_unique_raw_customers_customer_id.3579d23017)
[0m15:30:20.720256 [debug] [Thread-2 (]: Began compiling node test.dbt_project.source_unique_raw_customers_customer_id.3579d23017
[0m15:30:20.730257 [debug] [Thread-2 (]: Writing injected SQL for node "test.dbt_project.source_unique_raw_customers_customer_id.3579d23017"
[0m15:30:20.732258 [debug] [Thread-2 (]: Began executing node test.dbt_project.source_unique_raw_customers_customer_id.3579d23017
[0m15:30:20.736257 [debug] [Thread-2 (]: Writing runtime sql for node "test.dbt_project.source_unique_raw_customers_customer_id.3579d23017"
[0m15:30:20.738259 [debug] [Thread-2 (]: Using postgres connection "test.dbt_project.source_unique_raw_customers_customer_id.3579d23017"
[0m15:30:20.739259 [debug] [Thread-2 (]: On test.dbt_project.source_unique_raw_customers_customer_id.3579d23017: BEGIN
[0m15:30:20.740259 [debug] [Thread-2 (]: Opening a new connection, currently in state closed
[0m15:30:20.747260 [debug] [Thread-3 (]: SQL status: BEGIN in 0.041 seconds
[0m15:30:20.748261 [debug] [Thread-3 (]: Using postgres connection "test.dbt_project.not_null_stg_orders_order_id.81cfe2fe64"
[0m15:30:20.749262 [debug] [Thread-3 (]: On test.dbt_project.not_null_stg_orders_order_id.81cfe2fe64: /* {"app": "dbt", "dbt_version": "1.10.8", "profile_name": "dbt_project", "target_name": "dev", "node_id": "test.dbt_project.not_null_stg_orders_order_id.81cfe2fe64"} */

    select
      count(*) as failures,
      count(*) != 0 as should_warn,
      count(*) != 0 as should_error
    from (
      
    
  
    
    



select order_id
from "dbt_project".public.stg_orders
where order_id is null



  
  
      
    ) dbt_internal_test
[0m15:30:20.752263 [debug] [Thread-4 (]: SQL status: BEGIN in 0.044 seconds
[0m15:30:20.753262 [debug] [Thread-4 (]: Using postgres connection "test.dbt_project.relationships_stg_orders_customer_id__customer_id__ref_stg_customers_.430bf21500"
[0m15:30:20.754262 [debug] [Thread-3 (]: SQL status: SELECT 1 in 0.003 seconds
[0m15:30:20.754262 [debug] [Thread-4 (]: On test.dbt_project.relationships_stg_orders_customer_id__customer_id__ref_stg_customers_.430bf21500: /* {"app": "dbt", "dbt_version": "1.10.8", "profile_name": "dbt_project", "target_name": "dev", "node_id": "test.dbt_project.relationships_stg_orders_customer_id__customer_id__ref_stg_customers_.430bf21500"} */

    select
      count(*) as failures,
      count(*) != 0 as should_warn,
      count(*) != 0 as should_error
    from (
      
    
  
    
    

with child as (
    select customer_id as from_field
    from "dbt_project".public.stg_orders
    where customer_id is not null
),

parent as (
    select customer_id as to_field
    from "dbt_project".public.stg_customers
)

select
    from_field

from child
left join parent
    on child.from_field = parent.to_field

where parent.to_field is null



  
  
      
    ) dbt_internal_test
[0m15:30:20.756261 [debug] [Thread-3 (]: On test.dbt_project.not_null_stg_orders_order_id.81cfe2fe64: ROLLBACK
[0m15:30:20.757261 [debug] [Thread-1 (]: SQL status: BEGIN in 0.046 seconds
[0m15:30:20.758262 [debug] [Thread-3 (]: On test.dbt_project.not_null_stg_orders_order_id.81cfe2fe64: Close
[0m15:30:20.759264 [debug] [Thread-1 (]: Using postgres connection "test.dbt_project.source_not_null_raw_customers_customer_id.e869432dbb"
[0m15:30:20.761266 [info ] [Thread-3 (]: 17 of 27 PASS not_null_stg_orders_order_id ..................................... [[32mPASS[0m in 0.10s]
[0m15:30:20.761266 [debug] [Thread-1 (]: On test.dbt_project.source_not_null_raw_customers_customer_id.e869432dbb: /* {"app": "dbt", "dbt_version": "1.10.8", "profile_name": "dbt_project", "target_name": "dev", "node_id": "test.dbt_project.source_not_null_raw_customers_customer_id.e869432dbb"} */

    select
      count(*) as failures,
      count(*) != 0 as should_warn,
      count(*) != 0 as should_error
    from (
      
    
  
    
    



select customer_id
from "dbt_project"."public"."customers"
where customer_id is null



  
  
      
    ) dbt_internal_test
[0m15:30:20.762266 [debug] [Thread-3 (]: Finished running node test.dbt_project.not_null_stg_orders_order_id.81cfe2fe64
[0m15:30:20.763264 [debug] [Thread-3 (]: Began running node test.dbt_project.source_unique_raw_orders_order_id.2e0765462f
[0m15:30:20.764266 [info ] [Thread-3 (]: 21 of 27 START test source_unique_raw_orders_order_id .......................... [RUN]
[0m15:30:20.765265 [debug] [Thread-3 (]: Re-using an available connection from the pool (formerly test.dbt_project.not_null_stg_orders_order_id.81cfe2fe64, now test.dbt_project.source_unique_raw_orders_order_id.2e0765462f)
[0m15:30:20.766268 [debug] [Thread-1 (]: SQL status: SELECT 1 in 0.003 seconds
[0m15:30:20.766268 [debug] [Thread-3 (]: Began compiling node test.dbt_project.source_unique_raw_orders_order_id.2e0765462f
[0m15:30:20.767267 [debug] [Thread-4 (]: SQL status: SELECT 1 in 0.010 seconds
[0m15:30:20.769266 [debug] [Thread-1 (]: On test.dbt_project.source_not_null_raw_customers_customer_id.e869432dbb: ROLLBACK
[0m15:30:20.775266 [debug] [Thread-3 (]: Writing injected SQL for node "test.dbt_project.source_unique_raw_orders_order_id.2e0765462f"
[0m15:30:20.777268 [debug] [Thread-4 (]: On test.dbt_project.relationships_stg_orders_customer_id__customer_id__ref_stg_customers_.430bf21500: ROLLBACK
[0m15:30:20.778268 [debug] [Thread-2 (]: SQL status: BEGIN in 0.038 seconds
[0m15:30:20.778268 [debug] [Thread-1 (]: On test.dbt_project.source_not_null_raw_customers_customer_id.e869432dbb: Close
[0m15:30:20.779269 [debug] [Thread-4 (]: On test.dbt_project.relationships_stg_orders_customer_id__customer_id__ref_stg_customers_.430bf21500: Close
[0m15:30:20.780269 [debug] [Thread-2 (]: Using postgres connection "test.dbt_project.source_unique_raw_customers_customer_id.3579d23017"
[0m15:30:20.780269 [debug] [Thread-3 (]: Began executing node test.dbt_project.source_unique_raw_orders_order_id.2e0765462f
[0m15:30:20.781270 [info ] [Thread-1 (]: 19 of 27 PASS source_not_null_raw_customers_customer_id ........................ [[32mPASS[0m in 0.11s]
[0m15:30:20.782269 [info ] [Thread-4 (]: 18 of 27 PASS relationships_stg_orders_customer_id__customer_id__ref_stg_customers_  [[32mPASS[0m in 0.12s]
[0m15:30:20.783269 [debug] [Thread-2 (]: On test.dbt_project.source_unique_raw_customers_customer_id.3579d23017: /* {"app": "dbt", "dbt_version": "1.10.8", "profile_name": "dbt_project", "target_name": "dev", "node_id": "test.dbt_project.source_unique_raw_customers_customer_id.3579d23017"} */

    select
      count(*) as failures,
      count(*) != 0 as should_warn,
      count(*) != 0 as should_error
    from (
      
    
  
    
    

select
    customer_id as unique_field,
    count(*) as n_records

from "dbt_project"."public"."customers"
where customer_id is not null
group by customer_id
having count(*) > 1



  
  
      
    ) dbt_internal_test
[0m15:30:20.786271 [debug] [Thread-3 (]: Writing runtime sql for node "test.dbt_project.source_unique_raw_orders_order_id.2e0765462f"
[0m15:30:20.787270 [debug] [Thread-1 (]: Finished running node test.dbt_project.source_not_null_raw_customers_customer_id.e869432dbb
[0m15:30:20.788270 [debug] [Thread-4 (]: Finished running node test.dbt_project.relationships_stg_orders_customer_id__customer_id__ref_stg_customers_.430bf21500
[0m15:30:20.789270 [debug] [Thread-1 (]: Began running node test.dbt_project.unique_brnz_customers_customer_id.78e1c63f73
[0m15:30:20.790272 [debug] [Thread-4 (]: Began running node test.dbt_project.unique_brnz_orders_order_id.96b1d65cd2
[0m15:30:20.790272 [debug] [Thread-3 (]: Using postgres connection "test.dbt_project.source_unique_raw_orders_order_id.2e0765462f"
[0m15:30:20.791272 [debug] [Thread-2 (]: SQL status: SELECT 1 in 0.002 seconds
[0m15:30:20.791272 [info ] [Thread-1 (]: 22 of 27 START test unique_brnz_customers_customer_id .......................... [RUN]
[0m15:30:20.792271 [info ] [Thread-4 (]: 23 of 27 START test unique_brnz_orders_order_id ................................ [RUN]
[0m15:30:20.793274 [debug] [Thread-3 (]: On test.dbt_project.source_unique_raw_orders_order_id.2e0765462f: BEGIN
[0m15:30:20.795273 [debug] [Thread-2 (]: On test.dbt_project.source_unique_raw_customers_customer_id.3579d23017: ROLLBACK
[0m15:30:20.796273 [debug] [Thread-1 (]: Re-using an available connection from the pool (formerly test.dbt_project.source_not_null_raw_customers_customer_id.e869432dbb, now test.dbt_project.unique_brnz_customers_customer_id.78e1c63f73)
[0m15:30:20.796273 [debug] [Thread-4 (]: Re-using an available connection from the pool (formerly test.dbt_project.relationships_stg_orders_customer_id__customer_id__ref_stg_customers_.430bf21500, now test.dbt_project.unique_brnz_orders_order_id.96b1d65cd2)
[0m15:30:20.797274 [debug] [Thread-3 (]: Opening a new connection, currently in state closed
[0m15:30:20.798273 [debug] [Thread-2 (]: On test.dbt_project.source_unique_raw_customers_customer_id.3579d23017: Close
[0m15:30:20.799273 [debug] [Thread-1 (]: Began compiling node test.dbt_project.unique_brnz_customers_customer_id.78e1c63f73
[0m15:30:20.799273 [debug] [Thread-4 (]: Began compiling node test.dbt_project.unique_brnz_orders_order_id.96b1d65cd2
[0m15:30:20.801273 [info ] [Thread-2 (]: 20 of 27 PASS source_unique_raw_customers_customer_id .......................... [[32mPASS[0m in 0.08s]
[0m15:30:20.806274 [debug] [Thread-1 (]: Writing injected SQL for node "test.dbt_project.unique_brnz_customers_customer_id.78e1c63f73"
[0m15:30:20.810276 [debug] [Thread-4 (]: Writing injected SQL for node "test.dbt_project.unique_brnz_orders_order_id.96b1d65cd2"
[0m15:30:20.812279 [debug] [Thread-2 (]: Finished running node test.dbt_project.source_unique_raw_customers_customer_id.3579d23017
[0m15:30:20.814278 [debug] [Thread-1 (]: Began executing node test.dbt_project.unique_brnz_customers_customer_id.78e1c63f73
[0m15:30:20.814278 [debug] [Thread-2 (]: Began running node test.dbt_project.unique_customer_metrics_customer_id.9d7dec9840
[0m15:30:20.815278 [debug] [Thread-4 (]: Began executing node test.dbt_project.unique_brnz_orders_order_id.96b1d65cd2
[0m15:30:20.818278 [debug] [Thread-1 (]: Writing runtime sql for node "test.dbt_project.unique_brnz_customers_customer_id.78e1c63f73"
[0m15:30:20.819278 [info ] [Thread-2 (]: 24 of 27 START test unique_customer_metrics_customer_id ........................ [RUN]
[0m15:30:20.823279 [debug] [Thread-4 (]: Writing runtime sql for node "test.dbt_project.unique_brnz_orders_order_id.96b1d65cd2"
[0m15:30:20.824278 [debug] [Thread-2 (]: Re-using an available connection from the pool (formerly test.dbt_project.source_unique_raw_customers_customer_id.3579d23017, now test.dbt_project.unique_customer_metrics_customer_id.9d7dec9840)
[0m15:30:20.825278 [debug] [Thread-1 (]: Using postgres connection "test.dbt_project.unique_brnz_customers_customer_id.78e1c63f73"
[0m15:30:20.826278 [debug] [Thread-2 (]: Began compiling node test.dbt_project.unique_customer_metrics_customer_id.9d7dec9840
[0m15:30:20.827279 [debug] [Thread-4 (]: Using postgres connection "test.dbt_project.unique_brnz_orders_order_id.96b1d65cd2"
[0m15:30:20.828279 [debug] [Thread-1 (]: On test.dbt_project.unique_brnz_customers_customer_id.78e1c63f73: BEGIN
[0m15:30:20.832279 [debug] [Thread-2 (]: Writing injected SQL for node "test.dbt_project.unique_customer_metrics_customer_id.9d7dec9840"
[0m15:30:20.833280 [debug] [Thread-4 (]: On test.dbt_project.unique_brnz_orders_order_id.96b1d65cd2: BEGIN
[0m15:30:20.834279 [debug] [Thread-1 (]: Opening a new connection, currently in state closed
[0m15:30:20.835281 [debug] [Thread-4 (]: Opening a new connection, currently in state closed
[0m15:30:20.836282 [debug] [Thread-2 (]: Began executing node test.dbt_project.unique_customer_metrics_customer_id.9d7dec9840
[0m15:30:20.841282 [debug] [Thread-2 (]: Writing runtime sql for node "test.dbt_project.unique_customer_metrics_customer_id.9d7dec9840"
[0m15:30:20.843282 [debug] [Thread-2 (]: Using postgres connection "test.dbt_project.unique_customer_metrics_customer_id.9d7dec9840"
[0m15:30:20.844283 [debug] [Thread-2 (]: On test.dbt_project.unique_customer_metrics_customer_id.9d7dec9840: BEGIN
[0m15:30:20.845283 [debug] [Thread-2 (]: Opening a new connection, currently in state closed
[0m15:30:20.874290 [debug] [Thread-1 (]: SQL status: BEGIN in 0.040 seconds
[0m15:30:20.875290 [debug] [Thread-1 (]: Using postgres connection "test.dbt_project.unique_brnz_customers_customer_id.78e1c63f73"
[0m15:30:20.875290 [debug] [Thread-1 (]: On test.dbt_project.unique_brnz_customers_customer_id.78e1c63f73: /* {"app": "dbt", "dbt_version": "1.10.8", "profile_name": "dbt_project", "target_name": "dev", "node_id": "test.dbt_project.unique_brnz_customers_customer_id.78e1c63f73"} */

    select
      count(*) as failures,
      count(*) != 0 as should_warn,
      count(*) != 0 as should_error
    from (
      
    
  
    
    

select
    customer_id as unique_field,
    count(*) as n_records

from "dbt_project".public.brnz_customers
where customer_id is not null
group by customer_id
having count(*) > 1



  
  
      
    ) dbt_internal_test
[0m15:30:20.877293 [debug] [Thread-1 (]: SQL status: SELECT 1 in 0.002 seconds
[0m15:30:20.880291 [debug] [Thread-1 (]: On test.dbt_project.unique_brnz_customers_customer_id.78e1c63f73: ROLLBACK
[0m15:30:20.881291 [debug] [Thread-1 (]: On test.dbt_project.unique_brnz_customers_customer_id.78e1c63f73: Close
[0m15:30:20.882292 [info ] [Thread-1 (]: 22 of 27 PASS unique_brnz_customers_customer_id ................................ [[32mPASS[0m in 0.09s]
[0m15:30:20.883292 [debug] [Thread-1 (]: Finished running node test.dbt_project.unique_brnz_customers_customer_id.78e1c63f73
[0m15:30:20.884292 [debug] [Thread-1 (]: Began running node test.dbt_project.unique_stg_customers_customer_id.c7614daada
[0m15:30:20.885293 [info ] [Thread-1 (]: 25 of 27 START test unique_stg_customers_customer_id ........................... [RUN]
[0m15:30:20.887294 [debug] [Thread-1 (]: Re-using an available connection from the pool (formerly test.dbt_project.unique_brnz_customers_customer_id.78e1c63f73, now test.dbt_project.unique_stg_customers_customer_id.c7614daada)
[0m15:30:20.888295 [debug] [Thread-1 (]: Began compiling node test.dbt_project.unique_stg_customers_customer_id.c7614daada
[0m15:30:20.893292 [debug] [Thread-1 (]: Writing injected SQL for node "test.dbt_project.unique_stg_customers_customer_id.c7614daada"
[0m15:30:20.895296 [debug] [Thread-1 (]: Began executing node test.dbt_project.unique_stg_customers_customer_id.c7614daada
[0m15:30:20.899295 [debug] [Thread-1 (]: Writing runtime sql for node "test.dbt_project.unique_stg_customers_customer_id.c7614daada"
[0m15:30:20.900295 [debug] [Thread-1 (]: Using postgres connection "test.dbt_project.unique_stg_customers_customer_id.c7614daada"
[0m15:30:20.901296 [debug] [Thread-1 (]: On test.dbt_project.unique_stg_customers_customer_id.c7614daada: BEGIN
[0m15:30:20.901296 [debug] [Thread-1 (]: Opening a new connection, currently in state closed
[0m15:30:20.933301 [debug] [Thread-1 (]: SQL status: BEGIN in 0.032 seconds
[0m15:30:20.934301 [debug] [Thread-1 (]: Using postgres connection "test.dbt_project.unique_stg_customers_customer_id.c7614daada"
[0m15:30:20.935301 [debug] [Thread-1 (]: On test.dbt_project.unique_stg_customers_customer_id.c7614daada: /* {"app": "dbt", "dbt_version": "1.10.8", "profile_name": "dbt_project", "target_name": "dev", "node_id": "test.dbt_project.unique_stg_customers_customer_id.c7614daada"} */

    select
      count(*) as failures,
      count(*) != 0 as should_warn,
      count(*) != 0 as should_error
    from (
      
    
  
    
    

select
    customer_id as unique_field,
    count(*) as n_records

from "dbt_project".public.stg_customers
where customer_id is not null
group by customer_id
having count(*) > 1



  
  
      
    ) dbt_internal_test
[0m15:30:20.938304 [debug] [Thread-3 (]: SQL status: BEGIN in 0.141 seconds
[0m15:30:20.939304 [debug] [Thread-1 (]: SQL status: SELECT 1 in 0.003 seconds
[0m15:30:20.939304 [debug] [Thread-3 (]: Using postgres connection "test.dbt_project.source_unique_raw_orders_order_id.2e0765462f"
[0m15:30:20.941303 [debug] [Thread-1 (]: On test.dbt_project.unique_stg_customers_customer_id.c7614daada: ROLLBACK
[0m15:30:20.942303 [debug] [Thread-3 (]: On test.dbt_project.source_unique_raw_orders_order_id.2e0765462f: /* {"app": "dbt", "dbt_version": "1.10.8", "profile_name": "dbt_project", "target_name": "dev", "node_id": "test.dbt_project.source_unique_raw_orders_order_id.2e0765462f"} */

    select
      count(*) as failures,
      count(*) != 0 as should_warn,
      count(*) != 0 as should_error
    from (
      
    
  
    
    

select
    order_id as unique_field,
    count(*) as n_records

from "dbt_project"."public"."orders"
where order_id is not null
group by order_id
having count(*) > 1



  
  
      
    ) dbt_internal_test
[0m15:30:20.942303 [debug] [Thread-1 (]: On test.dbt_project.unique_stg_customers_customer_id.c7614daada: Close
[0m15:30:20.943303 [info ] [Thread-1 (]: 25 of 27 PASS unique_stg_customers_customer_id ................................. [[32mPASS[0m in 0.06s]
[0m15:30:20.944310 [debug] [Thread-1 (]: Finished running node test.dbt_project.unique_stg_customers_customer_id.c7614daada
[0m15:30:20.945308 [debug] [Thread-1 (]: Began running node test.dbt_project.unique_stg_customers_email.1ebcb2333e
[0m15:30:20.945308 [debug] [Thread-3 (]: SQL status: SELECT 1 in 0.003 seconds
[0m15:30:20.946306 [info ] [Thread-1 (]: 26 of 27 START test unique_stg_customers_email ................................. [RUN]
[0m15:30:20.948309 [debug] [Thread-3 (]: On test.dbt_project.source_unique_raw_orders_order_id.2e0765462f: ROLLBACK
[0m15:30:20.949316 [debug] [Thread-1 (]: Re-using an available connection from the pool (formerly test.dbt_project.unique_stg_customers_customer_id.c7614daada, now test.dbt_project.unique_stg_customers_email.1ebcb2333e)
[0m15:30:20.949316 [debug] [Thread-3 (]: On test.dbt_project.source_unique_raw_orders_order_id.2e0765462f: Close
[0m15:30:20.950316 [debug] [Thread-1 (]: Began compiling node test.dbt_project.unique_stg_customers_email.1ebcb2333e
[0m15:30:20.950316 [info ] [Thread-3 (]: 21 of 27 PASS source_unique_raw_orders_order_id ................................ [[32mPASS[0m in 0.19s]
[0m15:30:20.955312 [debug] [Thread-1 (]: Writing injected SQL for node "test.dbt_project.unique_stg_customers_email.1ebcb2333e"
[0m15:30:20.956309 [debug] [Thread-3 (]: Finished running node test.dbt_project.source_unique_raw_orders_order_id.2e0765462f
[0m15:30:20.957316 [debug] [Thread-3 (]: Began running node test.dbt_project.unique_stg_orders_order_id.e3b841c71a
[0m15:30:20.958316 [debug] [Thread-1 (]: Began executing node test.dbt_project.unique_stg_customers_email.1ebcb2333e
[0m15:30:20.958316 [info ] [Thread-3 (]: 27 of 27 START test unique_stg_orders_order_id ................................. [RUN]
[0m15:30:20.964311 [debug] [Thread-1 (]: Writing runtime sql for node "test.dbt_project.unique_stg_customers_email.1ebcb2333e"
[0m15:30:20.965311 [debug] [Thread-3 (]: Re-using an available connection from the pool (formerly test.dbt_project.source_unique_raw_orders_order_id.2e0765462f, now test.dbt_project.unique_stg_orders_order_id.e3b841c71a)
[0m15:30:20.966312 [debug] [Thread-3 (]: Began compiling node test.dbt_project.unique_stg_orders_order_id.e3b841c71a
[0m15:30:20.971313 [debug] [Thread-3 (]: Writing injected SQL for node "test.dbt_project.unique_stg_orders_order_id.e3b841c71a"
[0m15:30:20.971313 [debug] [Thread-1 (]: Using postgres connection "test.dbt_project.unique_stg_customers_email.1ebcb2333e"
[0m15:30:20.972313 [debug] [Thread-1 (]: On test.dbt_project.unique_stg_customers_email.1ebcb2333e: BEGIN
[0m15:30:20.973313 [debug] [Thread-1 (]: Opening a new connection, currently in state closed
[0m15:30:20.974313 [debug] [Thread-3 (]: Began executing node test.dbt_project.unique_stg_orders_order_id.e3b841c71a
[0m15:30:20.977313 [debug] [Thread-3 (]: Writing runtime sql for node "test.dbt_project.unique_stg_orders_order_id.e3b841c71a"
[0m15:30:20.979314 [debug] [Thread-3 (]: Using postgres connection "test.dbt_project.unique_stg_orders_order_id.e3b841c71a"
[0m15:30:20.981316 [debug] [Thread-3 (]: On test.dbt_project.unique_stg_orders_order_id.e3b841c71a: BEGIN
[0m15:30:20.982314 [debug] [Thread-3 (]: Opening a new connection, currently in state closed
[0m15:30:20.992317 [debug] [Thread-4 (]: SQL status: BEGIN in 0.157 seconds
[0m15:30:20.993317 [debug] [Thread-4 (]: Using postgres connection "test.dbt_project.unique_brnz_orders_order_id.96b1d65cd2"
[0m15:30:20.994317 [debug] [Thread-4 (]: On test.dbt_project.unique_brnz_orders_order_id.96b1d65cd2: /* {"app": "dbt", "dbt_version": "1.10.8", "profile_name": "dbt_project", "target_name": "dev", "node_id": "test.dbt_project.unique_brnz_orders_order_id.96b1d65cd2"} */

    select
      count(*) as failures,
      count(*) != 0 as should_warn,
      count(*) != 0 as should_error
    from (
      
    
  
    
    

select
    order_id as unique_field,
    count(*) as n_records

from "dbt_project".public.brnz_orders
where order_id is not null
group by order_id
having count(*) > 1



  
  
      
    ) dbt_internal_test
[0m15:30:20.995317 [debug] [Thread-2 (]: SQL status: BEGIN in 0.150 seconds
[0m15:30:20.996320 [debug] [Thread-2 (]: Using postgres connection "test.dbt_project.unique_customer_metrics_customer_id.9d7dec9840"
[0m15:30:20.997318 [debug] [Thread-4 (]: SQL status: SELECT 1 in 0.002 seconds
[0m15:30:20.998317 [debug] [Thread-2 (]: On test.dbt_project.unique_customer_metrics_customer_id.9d7dec9840: /* {"app": "dbt", "dbt_version": "1.10.8", "profile_name": "dbt_project", "target_name": "dev", "node_id": "test.dbt_project.unique_customer_metrics_customer_id.9d7dec9840"} */

    select
      count(*) as failures,
      count(*) != 0 as should_warn,
      count(*) != 0 as should_error
    from (
      
    
  
    
    

select
    customer_id as unique_field,
    count(*) as n_records

from "dbt_project".public.customer_metrics
where customer_id is not null
group by customer_id
having count(*) > 1



  
  
      
    ) dbt_internal_test
[0m15:30:21.000319 [debug] [Thread-4 (]: On test.dbt_project.unique_brnz_orders_order_id.96b1d65cd2: ROLLBACK
[0m15:30:21.001320 [debug] [Thread-4 (]: On test.dbt_project.unique_brnz_orders_order_id.96b1d65cd2: Close
[0m15:30:21.003318 [debug] [Thread-2 (]: SQL status: SELECT 1 in 0.002 seconds
[0m15:30:21.002318 [info ] [Thread-4 (]: 23 of 27 PASS unique_brnz_orders_order_id ...................................... [[32mPASS[0m in 0.21s]
[0m15:30:21.004318 [debug] [Thread-2 (]: On test.dbt_project.unique_customer_metrics_customer_id.9d7dec9840: ROLLBACK
[0m15:30:21.005318 [debug] [Thread-4 (]: Finished running node test.dbt_project.unique_brnz_orders_order_id.96b1d65cd2
[0m15:30:21.006318 [debug] [Thread-2 (]: On test.dbt_project.unique_customer_metrics_customer_id.9d7dec9840: Close
[0m15:30:21.008321 [info ] [Thread-2 (]: 24 of 27 PASS unique_customer_metrics_customer_id .............................. [[32mPASS[0m in 0.18s]
[0m15:30:21.010320 [debug] [Thread-2 (]: Finished running node test.dbt_project.unique_customer_metrics_customer_id.9d7dec9840
[0m15:30:21.013322 [debug] [Thread-1 (]: SQL status: BEGIN in 0.040 seconds
[0m15:30:21.014321 [debug] [Thread-1 (]: Using postgres connection "test.dbt_project.unique_stg_customers_email.1ebcb2333e"
[0m15:30:21.015323 [debug] [Thread-1 (]: On test.dbt_project.unique_stg_customers_email.1ebcb2333e: /* {"app": "dbt", "dbt_version": "1.10.8", "profile_name": "dbt_project", "target_name": "dev", "node_id": "test.dbt_project.unique_stg_customers_email.1ebcb2333e"} */

    select
      count(*) as failures,
      count(*) != 0 as should_warn,
      count(*) != 0 as should_error
    from (
      
    
  
    
    

select
    email as unique_field,
    count(*) as n_records

from "dbt_project".public.stg_customers
where email is not null
group by email
having count(*) > 1



  
  
      
    ) dbt_internal_test
[0m15:30:21.020324 [debug] [Thread-1 (]: SQL status: SELECT 1 in 0.003 seconds
[0m15:30:21.021323 [debug] [Thread-1 (]: On test.dbt_project.unique_stg_customers_email.1ebcb2333e: ROLLBACK
[0m15:30:21.022321 [debug] [Thread-3 (]: SQL status: BEGIN in 0.040 seconds
[0m15:30:21.023325 [debug] [Thread-1 (]: On test.dbt_project.unique_stg_customers_email.1ebcb2333e: Close
[0m15:30:21.023325 [debug] [Thread-3 (]: Using postgres connection "test.dbt_project.unique_stg_orders_order_id.e3b841c71a"
[0m15:30:21.025324 [info ] [Thread-1 (]: 26 of 27 PASS unique_stg_customers_email ....................................... [[32mPASS[0m in 0.08s]
[0m15:30:21.025324 [debug] [Thread-3 (]: On test.dbt_project.unique_stg_orders_order_id.e3b841c71a: /* {"app": "dbt", "dbt_version": "1.10.8", "profile_name": "dbt_project", "target_name": "dev", "node_id": "test.dbt_project.unique_stg_orders_order_id.e3b841c71a"} */

    select
      count(*) as failures,
      count(*) != 0 as should_warn,
      count(*) != 0 as should_error
    from (
      
    
  
    
    

select
    order_id as unique_field,
    count(*) as n_records

from "dbt_project".public.stg_orders
where order_id is not null
group by order_id
having count(*) > 1



  
  
      
    ) dbt_internal_test
[0m15:30:21.027324 [debug] [Thread-1 (]: Finished running node test.dbt_project.unique_stg_customers_email.1ebcb2333e
[0m15:30:21.030325 [debug] [Thread-3 (]: SQL status: SELECT 1 in 0.003 seconds
[0m15:30:21.033327 [debug] [Thread-3 (]: On test.dbt_project.unique_stg_orders_order_id.e3b841c71a: ROLLBACK
[0m15:30:21.034326 [debug] [Thread-3 (]: On test.dbt_project.unique_stg_orders_order_id.e3b841c71a: Close
[0m15:30:21.035327 [info ] [Thread-3 (]: 27 of 27 PASS unique_stg_orders_order_id ....................................... [[32mPASS[0m in 0.07s]
[0m15:30:21.036328 [debug] [Thread-3 (]: Finished running node test.dbt_project.unique_stg_orders_order_id.e3b841c71a
[0m15:30:21.038326 [debug] [MainThread]: Using postgres connection "master"
[0m15:30:21.038326 [debug] [MainThread]: On master: BEGIN
[0m15:30:21.039325 [debug] [MainThread]: Opening a new connection, currently in state closed
[0m15:30:21.173362 [debug] [MainThread]: SQL status: BEGIN in 0.135 seconds
[0m15:30:21.174363 [debug] [MainThread]: On master: COMMIT
[0m15:30:21.175361 [debug] [MainThread]: Using postgres connection "master"
[0m15:30:21.175361 [debug] [MainThread]: On master: COMMIT
[0m15:30:21.176362 [debug] [MainThread]: SQL status: COMMIT in 0.000 seconds
[0m15:30:21.176362 [debug] [MainThread]: On master: Close
[0m15:30:21.177363 [debug] [MainThread]: Connection 'master' was properly closed.
[0m15:30:21.178363 [debug] [MainThread]: Connection 'list_dbt_project_public' was properly closed.
[0m15:30:21.179363 [debug] [MainThread]: Connection 'test.dbt_project.unique_stg_customers_email.1ebcb2333e' was properly closed.
[0m15:30:21.180363 [debug] [MainThread]: Connection 'test.dbt_project.unique_customer_metrics_customer_id.9d7dec9840' was properly closed.
[0m15:30:21.180363 [debug] [MainThread]: Connection 'test.dbt_project.unique_stg_orders_order_id.e3b841c71a' was properly closed.
[0m15:30:21.180363 [debug] [MainThread]: Connection 'test.dbt_project.unique_brnz_orders_order_id.96b1d65cd2' was properly closed.
[0m15:30:21.181363 [info ] [MainThread]: 
[0m15:30:21.181363 [info ] [MainThread]: Finished running 27 data tests in 0 hours 0 minutes and 1.34 seconds (1.34s).
[0m15:30:21.187367 [debug] [MainThread]: Command end result
[0m15:30:21.220373 [debug] [MainThread]: Wrote artifact WritableManifest to C:\Users\arpit\Jupyter Notebook\CI CD Pipeline project\target\manifest.json
[0m15:30:21.223373 [debug] [MainThread]: Wrote artifact SemanticManifest to C:\Users\arpit\Jupyter Notebook\CI CD Pipeline project\target\semantic_manifest.json
[0m15:30:21.231375 [debug] [MainThread]: Wrote artifact RunExecutionResult to C:\Users\arpit\Jupyter Notebook\CI CD Pipeline project\target\run_results.json
[0m15:30:21.232375 [info ] [MainThread]: 
[0m15:30:21.233378 [info ] [MainThread]: [32mCompleted successfully[0m
[0m15:30:21.233378 [info ] [MainThread]: 
[0m15:30:21.234377 [info ] [MainThread]: Done. PASS=27 WARN=0 ERROR=0 SKIP=0 NO-OP=0 TOTAL=27
[0m15:30:21.236377 [debug] [MainThread]: Command `dbt test` succeeded at 15:30:21.235377 after 2.58 seconds
[0m15:30:21.236377 [debug] [MainThread]: Sending event: {'category': 'dbt', 'action': 'invocation', 'label': 'end', 'context': [<snowplow_tracker.self_describing_json.SelfDescribingJson object at 0x000001F7298E9B90>, <snowplow_tracker.self_describing_json.SelfDescribingJson object at 0x000001F7298E9B10>, <snowplow_tracker.self_describing_json.SelfDescribingJson object at 0x000001F72BC37E90>]}
[0m15:30:21.237378 [debug] [MainThread]: Flushing usage events
[0m15:30:21.719484 [debug] [MainThread]: An error was encountered while trying to flush usage events
[0m15:38:14.974551 [debug] [MainThread]: Sending event: {'category': 'dbt', 'action': 'invocation', 'label': 'start', 'context': [<snowplow_tracker.self_describing_json.SelfDescribingJson object at 0x000002ADD429DA90>, <snowplow_tracker.self_describing_json.SelfDescribingJson object at 0x000002ADD429EA90>, <snowplow_tracker.self_describing_json.SelfDescribingJson object at 0x000002ADD429DB10>]}


============================== 15:38:14.979554 | c2fa5e0d-9dd1-4772-a4c3-fe7cd0d08ac3 ==============================
[0m15:38:14.979554 [info ] [MainThread]: Running with dbt=1.10.8
[0m15:38:14.980559 [debug] [MainThread]: running dbt with arguments {'printer_width': '80', 'indirect_selection': 'eager', 'log_cache_events': 'False', 'write_json': 'True', 'partial_parse': 'True', 'cache_selected_only': 'False', 'warn_error': 'None', 'version_check': 'True', 'debug': 'False', 'log_path': 'C:\\Users\\arpit\\Jupyter Notebook\\CI CD Pipeline project\\logs', 'fail_fast': 'False', 'profiles_dir': 'C:\\Users\\arpit\\.dbt', 'use_colors': 'True', 'use_experimental_parser': 'False', 'empty': 'False', 'quiet': 'False', 'no_print': 'None', 'warn_error_options': 'WarnErrorOptionsV2(error=[], warn=[], silence=[])', 'static_parser': 'True', 'log_format': 'default', 'invocation_command': 'dbt run', 'target_path': 'None', 'introspect': 'True', 'send_anonymous_usage_stats': 'True'}
[0m15:38:15.255620 [debug] [MainThread]: Sending event: {'category': 'dbt', 'action': 'project_id', 'label': 'c2fa5e0d-9dd1-4772-a4c3-fe7cd0d08ac3', 'context': [<snowplow_tracker.self_describing_json.SelfDescribingJson object at 0x000002ADD4465E50>]}
[0m15:38:15.328623 [debug] [MainThread]: Sending event: {'category': 'dbt', 'action': 'adapter_info', 'label': 'c2fa5e0d-9dd1-4772-a4c3-fe7cd0d08ac3', 'context': [<snowplow_tracker.self_describing_json.SelfDescribingJson object at 0x000002ADD45D44D0>]}
[0m15:38:15.330630 [info ] [MainThread]: Registered adapter: postgres=1.9.0
[0m15:38:15.653696 [debug] [MainThread]: checksum: 265d66e81f90af29a7a28579c9b54d938c94f4a57c57be5f853267ae509b5fcb, vars: {}, profile: , target: , version: 1.10.8
[0m15:38:15.847754 [debug] [MainThread]: Partial parsing enabled: 0 files deleted, 0 files added, 1 files changed.
[0m15:38:15.848753 [debug] [MainThread]: Partial parsing: updated file: dbt_project://data\orders.csv
[0m15:38:16.169813 [debug] [MainThread]: Sending event: {'category': 'dbt', 'action': 'load_project', 'label': 'c2fa5e0d-9dd1-4772-a4c3-fe7cd0d08ac3', 'context': [<snowplow_tracker.self_describing_json.SelfDescribingJson object at 0x000002ADD4A8E510>]}
[0m15:38:16.263833 [debug] [MainThread]: Wrote artifact WritableManifest to C:\Users\arpit\Jupyter Notebook\CI CD Pipeline project\target\manifest.json
[0m15:38:16.266834 [debug] [MainThread]: Wrote artifact SemanticManifest to C:\Users\arpit\Jupyter Notebook\CI CD Pipeline project\target\semantic_manifest.json
[0m15:38:16.303870 [debug] [MainThread]: Sending event: {'category': 'dbt', 'action': 'resource_counts', 'label': 'c2fa5e0d-9dd1-4772-a4c3-fe7cd0d08ac3', 'context': [<snowplow_tracker.self_describing_json.SelfDescribingJson object at 0x000002ADD08F9290>]}
[0m15:38:16.304846 [info ] [MainThread]: Found 5 models, 3 seeds, 27 data tests, 2 sources, 434 macros
[0m15:38:16.305847 [debug] [MainThread]: Sending event: {'category': 'dbt', 'action': 'runnable_timing', 'label': 'c2fa5e0d-9dd1-4772-a4c3-fe7cd0d08ac3', 'context': [<snowplow_tracker.self_describing_json.SelfDescribingJson object at 0x000002ADD47CC110>]}
[0m15:38:16.307849 [info ] [MainThread]: 
[0m15:38:16.308849 [info ] [MainThread]: Concurrency: 4 threads (target='dev')
[0m15:38:16.308849 [info ] [MainThread]: 
[0m15:38:16.309847 [debug] [MainThread]: Acquiring new postgres connection 'master'
[0m15:38:16.314850 [debug] [ThreadPool]: Acquiring new postgres connection 'list_dbt_project'
[0m15:38:16.417887 [debug] [ThreadPool]: Using postgres connection "list_dbt_project"
[0m15:38:16.418888 [debug] [ThreadPool]: On list_dbt_project: /* {"app": "dbt", "dbt_version": "1.10.8", "profile_name": "dbt_project", "target_name": "dev", "connection_name": "list_dbt_project"} */

    select distinct nspname from pg_namespace
  
[0m15:38:16.418888 [debug] [ThreadPool]: Opening a new connection, currently in state init
[0m15:38:16.460900 [debug] [ThreadPool]: SQL status: SELECT 4 in 0.041 seconds
[0m15:38:16.462883 [debug] [ThreadPool]: On list_dbt_project: Close
[0m15:38:16.464886 [debug] [ThreadPool]: Acquiring new postgres connection 'list_dbt_project_public'
[0m15:38:16.470883 [debug] [ThreadPool]: Using postgres connection "list_dbt_project_public"
[0m15:38:16.471884 [debug] [ThreadPool]: On list_dbt_project_public: BEGIN
[0m15:38:16.471884 [debug] [ThreadPool]: Opening a new connection, currently in state init
[0m15:38:16.505891 [debug] [ThreadPool]: SQL status: BEGIN in 0.033 seconds
[0m15:38:16.506891 [debug] [ThreadPool]: Using postgres connection "list_dbt_project_public"
[0m15:38:16.506891 [debug] [ThreadPool]: On list_dbt_project_public: /* {"app": "dbt", "dbt_version": "1.10.8", "profile_name": "dbt_project", "target_name": "dev", "connection_name": "list_dbt_project_public"} */
select
      'dbt_project' as database,
      tablename as name,
      schemaname as schema,
      'table' as type
    from pg_tables
    where schemaname ilike 'public'
    union all
    select
      'dbt_project' as database,
      viewname as name,
      schemaname as schema,
      'view' as type
    from pg_views
    where schemaname ilike 'public'
    union all
    select
      'dbt_project' as database,
      matviewname as name,
      schemaname as schema,
      'materialized_view' as type
    from pg_matviews
    where schemaname ilike 'public'
  
[0m15:38:16.514893 [debug] [ThreadPool]: SQL status: SELECT 8 in 0.007 seconds
[0m15:38:16.516893 [debug] [ThreadPool]: On list_dbt_project_public: ROLLBACK
[0m15:38:16.517893 [debug] [ThreadPool]: On list_dbt_project_public: Close
[0m15:38:16.523895 [debug] [MainThread]: Using postgres connection "master"
[0m15:38:16.524895 [debug] [MainThread]: On master: BEGIN
[0m15:38:16.525895 [debug] [MainThread]: Opening a new connection, currently in state init
[0m15:38:16.560906 [debug] [MainThread]: SQL status: BEGIN in 0.035 seconds
[0m15:38:16.560906 [debug] [MainThread]: Using postgres connection "master"
[0m15:38:16.561906 [debug] [MainThread]: On master: /* {"app": "dbt", "dbt_version": "1.10.8", "profile_name": "dbt_project", "target_name": "dev", "connection_name": "master"} */
with relation as (
        select
            pg_rewrite.ev_class as class,
            pg_rewrite.oid as id
        from pg_rewrite
    ),
    class as (
        select
            oid as id,
            relname as name,
            relnamespace as schema,
            relkind as kind
        from pg_class
    ),
    dependency as (
        select distinct
            pg_depend.objid as id,
            pg_depend.refobjid as ref
        from pg_depend
    ),
    schema as (
        select
            pg_namespace.oid as id,
            pg_namespace.nspname as name
        from pg_namespace
        where nspname != 'information_schema' and nspname not like 'pg\_%'
    ),
    referenced as (
        select
            relation.id AS id,
            referenced_class.name ,
            referenced_class.schema ,
            referenced_class.kind
        from relation
        join class as referenced_class on relation.class=referenced_class.id
        where referenced_class.kind in ('r', 'v', 'm')
    ),
    relationships as (
        select
            referenced.name as referenced_name,
            referenced.schema as referenced_schema_id,
            dependent_class.name as dependent_name,
            dependent_class.schema as dependent_schema_id,
            referenced.kind as kind
        from referenced
        join dependency on referenced.id=dependency.id
        join class as dependent_class on dependency.ref=dependent_class.id
        where
            (referenced.name != dependent_class.name or
             referenced.schema != dependent_class.schema)
    )

    select
        referenced_schema.name as referenced_schema,
        relationships.referenced_name as referenced_name,
        dependent_schema.name as dependent_schema,
        relationships.dependent_name as dependent_name
    from relationships
    join schema as dependent_schema on relationships.dependent_schema_id=dependent_schema.id
    join schema as referenced_schema on relationships.referenced_schema_id=referenced_schema.id
    group by referenced_schema, referenced_name, dependent_schema, dependent_name
    order by referenced_schema, referenced_name, dependent_schema, dependent_name;
[0m15:38:16.571907 [debug] [MainThread]: SQL status: SELECT 2 in 0.009 seconds
[0m15:38:16.573907 [debug] [MainThread]: Sending event: {'category': 'dbt', 'action': 'runnable_timing', 'label': 'c2fa5e0d-9dd1-4772-a4c3-fe7cd0d08ac3', 'context': [<snowplow_tracker.self_describing_json.SelfDescribingJson object at 0x000002ADD08F9450>]}
[0m15:38:16.573907 [debug] [MainThread]: On master: ROLLBACK
[0m15:38:16.574908 [debug] [MainThread]: Using postgres connection "master"
[0m15:38:16.575908 [debug] [MainThread]: On master: BEGIN
[0m15:38:16.576911 [debug] [MainThread]: SQL status: BEGIN in 0.000 seconds
[0m15:38:16.577908 [debug] [MainThread]: On master: COMMIT
[0m15:38:16.577908 [debug] [MainThread]: Using postgres connection "master"
[0m15:38:16.578908 [debug] [MainThread]: On master: COMMIT
[0m15:38:16.578908 [debug] [MainThread]: SQL status: COMMIT in 0.000 seconds
[0m15:38:16.579909 [debug] [MainThread]: On master: Close
[0m15:38:16.585912 [debug] [Thread-1 (]: Began running node model.dbt_project.brnz_customers
[0m15:38:16.585912 [debug] [Thread-2 (]: Began running node model.dbt_project.brnz_orders
[0m15:38:16.586910 [info ] [Thread-1 (]: 1 of 5 START sql table model public.brnz_customers ............................. [RUN]
[0m15:38:16.586910 [info ] [Thread-2 (]: 2 of 5 START sql table model public.brnz_orders ................................ [RUN]
[0m15:38:16.588912 [debug] [Thread-1 (]: Acquiring new postgres connection 'model.dbt_project.brnz_customers'
[0m15:38:16.588912 [debug] [Thread-2 (]: Acquiring new postgres connection 'model.dbt_project.brnz_orders'
[0m15:38:16.589910 [debug] [Thread-1 (]: Began compiling node model.dbt_project.brnz_customers
[0m15:38:16.590911 [debug] [Thread-2 (]: Began compiling node model.dbt_project.brnz_orders
[0m15:38:16.597912 [debug] [Thread-1 (]: Writing injected SQL for node "model.dbt_project.brnz_customers"
[0m15:38:16.601918 [debug] [Thread-2 (]: Writing injected SQL for node "model.dbt_project.brnz_orders"
[0m15:38:16.602917 [debug] [Thread-1 (]: Began executing node model.dbt_project.brnz_customers
[0m15:38:16.639924 [debug] [Thread-1 (]: Writing runtime sql for node "model.dbt_project.brnz_customers"
[0m15:38:16.640923 [debug] [Thread-2 (]: Began executing node model.dbt_project.brnz_orders
[0m15:38:16.646923 [debug] [Thread-2 (]: Writing runtime sql for node "model.dbt_project.brnz_orders"
[0m15:38:16.647925 [debug] [Thread-1 (]: Using postgres connection "model.dbt_project.brnz_customers"
[0m15:38:16.648925 [debug] [Thread-1 (]: On model.dbt_project.brnz_customers: BEGIN
[0m15:38:16.649926 [debug] [Thread-2 (]: Using postgres connection "model.dbt_project.brnz_orders"
[0m15:38:16.649926 [debug] [Thread-1 (]: Opening a new connection, currently in state init
[0m15:38:16.650926 [debug] [Thread-2 (]: On model.dbt_project.brnz_orders: BEGIN
[0m15:38:16.650926 [debug] [Thread-2 (]: Opening a new connection, currently in state init
[0m15:38:16.684935 [debug] [Thread-1 (]: SQL status: BEGIN in 0.035 seconds
[0m15:38:16.685934 [debug] [Thread-1 (]: Using postgres connection "model.dbt_project.brnz_customers"
[0m15:38:16.686934 [debug] [Thread-1 (]: On model.dbt_project.brnz_customers: /* {"app": "dbt", "dbt_version": "1.10.8", "profile_name": "dbt_project", "target_name": "dev", "node_id": "model.dbt_project.brnz_customers"} */

  
    

  create  table "dbt_project".public.brnz_customers__dbt_tmp
  
  
    as
  
  (
    

SELECT
    customer_id,
    customer_name,
    email,
    phone,
    country,
    CURRENT_TIMESTAMP AS loaded_at
FROM "dbt_project"."public"."customers"
WHERE customer_id IS NOT NULL
  );
  
[0m15:38:16.688934 [debug] [Thread-2 (]: SQL status: BEGIN in 0.038 seconds
[0m15:38:16.689935 [debug] [Thread-2 (]: Using postgres connection "model.dbt_project.brnz_orders"
[0m15:38:16.690935 [debug] [Thread-2 (]: On model.dbt_project.brnz_orders: /* {"app": "dbt", "dbt_version": "1.10.8", "profile_name": "dbt_project", "target_name": "dev", "node_id": "model.dbt_project.brnz_orders"} */

  
    

  create  table "dbt_project".public.brnz_orders__dbt_tmp
  
  
    as
  
  (
    

SELECT
    order_id,
    customer_id,
    order_date,
    amount,
    status,
    CURRENT_TIMESTAMP AS loaded_at
FROM "dbt_project"."public"."orders"
WHERE 
    order_id IS NOT NULL
    AND customer_id IS NOT NULL
  );
  
[0m15:38:16.707937 [debug] [Thread-2 (]: SQL status: SELECT 942 in 0.016 seconds
[0m15:38:16.718946 [debug] [Thread-2 (]: Using postgres connection "model.dbt_project.brnz_orders"
[0m15:38:16.718946 [debug] [Thread-1 (]: SQL status: SELECT 150 in 0.031 seconds
[0m15:38:16.719942 [debug] [Thread-2 (]: On model.dbt_project.brnz_orders: /* {"app": "dbt", "dbt_version": "1.10.8", "profile_name": "dbt_project", "target_name": "dev", "node_id": "model.dbt_project.brnz_orders"} */
alter table "dbt_project"."public"."brnz_orders" rename to brnz_orders__dbt_backup
[0m15:38:16.723941 [debug] [Thread-1 (]: Using postgres connection "model.dbt_project.brnz_customers"
[0m15:38:16.724949 [debug] [Thread-1 (]: On model.dbt_project.brnz_customers: /* {"app": "dbt", "dbt_version": "1.10.8", "profile_name": "dbt_project", "target_name": "dev", "node_id": "model.dbt_project.brnz_customers"} */
alter table "dbt_project"."public"."brnz_customers" rename to brnz_customers__dbt_backup
[0m15:38:16.725942 [debug] [Thread-2 (]: SQL status: ALTER TABLE in 0.001 seconds
[0m15:38:16.726950 [debug] [Thread-1 (]: SQL status: ALTER TABLE in 0.000 seconds
[0m15:38:16.729946 [debug] [Thread-2 (]: Using postgres connection "model.dbt_project.brnz_orders"
[0m15:38:16.733952 [debug] [Thread-1 (]: Using postgres connection "model.dbt_project.brnz_customers"
[0m15:38:16.734952 [debug] [Thread-2 (]: On model.dbt_project.brnz_orders: /* {"app": "dbt", "dbt_version": "1.10.8", "profile_name": "dbt_project", "target_name": "dev", "node_id": "model.dbt_project.brnz_orders"} */
alter table "dbt_project".public.brnz_orders__dbt_tmp rename to brnz_orders
[0m15:38:16.734952 [debug] [Thread-1 (]: On model.dbt_project.brnz_customers: /* {"app": "dbt", "dbt_version": "1.10.8", "profile_name": "dbt_project", "target_name": "dev", "node_id": "model.dbt_project.brnz_customers"} */
alter table "dbt_project".public.brnz_customers__dbt_tmp rename to brnz_customers
[0m15:38:16.735959 [debug] [Thread-2 (]: SQL status: ALTER TABLE in 0.000 seconds
[0m15:38:16.736948 [debug] [Thread-1 (]: SQL status: ALTER TABLE in 0.001 seconds
[0m15:38:16.760951 [debug] [Thread-2 (]: On model.dbt_project.brnz_orders: COMMIT
[0m15:38:16.762951 [debug] [Thread-1 (]: On model.dbt_project.brnz_customers: COMMIT
[0m15:38:16.764952 [debug] [Thread-2 (]: Using postgres connection "model.dbt_project.brnz_orders"
[0m15:38:16.765954 [debug] [Thread-1 (]: Using postgres connection "model.dbt_project.brnz_customers"
[0m15:38:16.766953 [debug] [Thread-2 (]: On model.dbt_project.brnz_orders: COMMIT
[0m15:38:16.767953 [debug] [Thread-1 (]: On model.dbt_project.brnz_customers: COMMIT
[0m15:38:16.770954 [debug] [Thread-2 (]: SQL status: COMMIT in 0.001 seconds
[0m15:38:16.771953 [debug] [Thread-1 (]: SQL status: COMMIT in 0.002 seconds
[0m15:38:16.781955 [debug] [Thread-2 (]: Applying DROP to: "dbt_project".public.brnz_orders__dbt_backup
[0m15:38:16.784955 [debug] [Thread-1 (]: Applying DROP to: "dbt_project".public.brnz_customers__dbt_backup
[0m15:38:16.790956 [debug] [Thread-2 (]: Using postgres connection "model.dbt_project.brnz_orders"
[0m15:38:16.791956 [debug] [Thread-1 (]: Using postgres connection "model.dbt_project.brnz_customers"
[0m15:38:16.793958 [debug] [Thread-2 (]: On model.dbt_project.brnz_orders: /* {"app": "dbt", "dbt_version": "1.10.8", "profile_name": "dbt_project", "target_name": "dev", "node_id": "model.dbt_project.brnz_orders"} */
drop table if exists "dbt_project".public.brnz_orders__dbt_backup cascade
[0m15:38:16.794957 [debug] [Thread-1 (]: On model.dbt_project.brnz_customers: /* {"app": "dbt", "dbt_version": "1.10.8", "profile_name": "dbt_project", "target_name": "dev", "node_id": "model.dbt_project.brnz_customers"} */
drop table if exists "dbt_project".public.brnz_customers__dbt_backup cascade
[0m15:38:16.801960 [debug] [Thread-2 (]: SQL status: DROP TABLE in 0.005 seconds
[0m15:38:16.804961 [debug] [Thread-2 (]: On model.dbt_project.brnz_orders: Close
[0m15:38:16.804961 [debug] [Thread-1 (]: SQL status: DROP TABLE in 0.008 seconds
[0m15:38:16.807962 [debug] [Thread-1 (]: On model.dbt_project.brnz_customers: Close
[0m15:38:16.809961 [debug] [Thread-2 (]: Sending event: {'category': 'dbt', 'action': 'run_model', 'label': 'c2fa5e0d-9dd1-4772-a4c3-fe7cd0d08ac3', 'context': [<snowplow_tracker.self_describing_json.SelfDescribingJson object at 0x000002ADD4AA1C10>]}
[0m15:38:16.809961 [debug] [Thread-1 (]: Sending event: {'category': 'dbt', 'action': 'run_model', 'label': 'c2fa5e0d-9dd1-4772-a4c3-fe7cd0d08ac3', 'context': [<snowplow_tracker.self_describing_json.SelfDescribingJson object at 0x000002ADD45D7510>]}
[0m15:38:16.810961 [info ] [Thread-2 (]: 2 of 5 OK created sql table model public.brnz_orders ........................... [[32mSELECT 942[0m in 0.22s]
[0m15:38:16.811961 [info ] [Thread-1 (]: 1 of 5 OK created sql table model public.brnz_customers ........................ [[32mSELECT 150[0m in 0.22s]
[0m15:38:16.813964 [debug] [Thread-2 (]: Finished running node model.dbt_project.brnz_orders
[0m15:38:16.814962 [debug] [Thread-1 (]: Finished running node model.dbt_project.brnz_customers
[0m15:38:16.815962 [debug] [Thread-4 (]: Began running node model.dbt_project.stg_orders
[0m15:38:16.816962 [debug] [Thread-2 (]: Began running node model.dbt_project.stg_customers
[0m15:38:16.817962 [info ] [Thread-4 (]: 3 of 5 START sql view model public.stg_orders .................................. [RUN]
[0m15:38:16.817962 [info ] [Thread-2 (]: 4 of 5 START sql view model public.stg_customers ............................... [RUN]
[0m15:38:16.819963 [debug] [Thread-4 (]: Acquiring new postgres connection 'model.dbt_project.stg_orders'
[0m15:38:16.820963 [debug] [Thread-2 (]: Re-using an available connection from the pool (formerly model.dbt_project.brnz_orders, now model.dbt_project.stg_customers)
[0m15:38:16.820963 [debug] [Thread-4 (]: Began compiling node model.dbt_project.stg_orders
[0m15:38:16.821963 [debug] [Thread-2 (]: Began compiling node model.dbt_project.stg_customers
[0m15:38:16.825964 [debug] [Thread-4 (]: Writing injected SQL for node "model.dbt_project.stg_orders"
[0m15:38:16.829966 [debug] [Thread-2 (]: Writing injected SQL for node "model.dbt_project.stg_customers"
[0m15:38:16.831967 [debug] [Thread-4 (]: Began executing node model.dbt_project.stg_orders
[0m15:38:16.831967 [debug] [Thread-2 (]: Began executing node model.dbt_project.stg_customers
[0m15:38:16.850969 [debug] [Thread-4 (]: Writing runtime sql for node "model.dbt_project.stg_orders"
[0m15:38:16.854971 [debug] [Thread-2 (]: Writing runtime sql for node "model.dbt_project.stg_customers"
[0m15:38:16.856973 [debug] [Thread-4 (]: Using postgres connection "model.dbt_project.stg_orders"
[0m15:38:16.857973 [debug] [Thread-2 (]: Using postgres connection "model.dbt_project.stg_customers"
[0m15:38:16.857973 [debug] [Thread-4 (]: On model.dbt_project.stg_orders: BEGIN
[0m15:38:16.858974 [debug] [Thread-2 (]: On model.dbt_project.stg_customers: BEGIN
[0m15:38:16.859974 [debug] [Thread-4 (]: Opening a new connection, currently in state init
[0m15:38:16.860974 [debug] [Thread-2 (]: Opening a new connection, currently in state closed
[0m15:38:16.895980 [debug] [Thread-4 (]: SQL status: BEGIN in 0.036 seconds
[0m15:38:16.896980 [debug] [Thread-4 (]: Using postgres connection "model.dbt_project.stg_orders"
[0m15:38:16.896980 [debug] [Thread-4 (]: On model.dbt_project.stg_orders: /* {"app": "dbt", "dbt_version": "1.10.8", "profile_name": "dbt_project", "target_name": "dev", "node_id": "model.dbt_project.stg_orders"} */

  create view "dbt_project".public.stg_orders__dbt_tmp
    
    
  as (
    

WITH validated AS (
    SELECT
        order_id,
        customer_id,
        CAST(order_date AS DATE) AS order_date,
        CAST(amount AS DECIMAL(10, 2)) AS amount,
        LOWER(TRIM(status)) AS status,
        loaded_at,
        -- Data quality flags
        CASE
            WHEN order_date IS NULL THEN FALSE
            ELSE TRUE
        END AS is_valid_date,
        CASE
            WHEN amount <= 0 THEN FALSE
            WHEN amount > 10000 THEN FALSE  -- Flag suspicious high amounts
            ELSE TRUE
        END AS is_valid_amount,
        CASE
            WHEN LOWER(TRIM(status)) IN ('completed', 'pending', 'cancelled') THEN TRUE
            ELSE FALSE
        END AS is_valid_status,
        -- Outlier detection
        CASE
            WHEN amount > (SELECT PERCENTILE_CONT(0.95) WITHIN GROUP (ORDER BY amount) FROM "dbt_project".public.brnz_orders) THEN TRUE
            ELSE FALSE
        END AS is_high_value_order,
        CASE
            WHEN amount < (SELECT PERCENTILE_CONT(0.05) WITHIN GROUP (ORDER BY amount) FROM "dbt_project".public.brnz_orders) THEN TRUE
            ELSE FALSE
        END AS is_low_value_order,
        CURRENT_TIMESTAMP AS transformed_at
    FROM "dbt_project".public.brnz_orders
    WHERE 
        order_id IS NOT NULL
        AND customer_id IS NOT NULL
        AND order_date IS NOT NULL
        AND LOWER(TRIM(status)) IN ('completed', 'pending', 'cancelled')
)

SELECT * FROM validated
  );
[0m15:38:16.897982 [debug] [Thread-2 (]: SQL status: BEGIN in 0.038 seconds
[0m15:38:16.898984 [debug] [Thread-2 (]: Using postgres connection "model.dbt_project.stg_customers"
[0m15:38:16.899986 [debug] [Thread-2 (]: On model.dbt_project.stg_customers: /* {"app": "dbt", "dbt_version": "1.10.8", "profile_name": "dbt_project", "target_name": "dev", "node_id": "model.dbt_project.stg_customers"} */

  create view "dbt_project".public.stg_customers__dbt_tmp
    
    
  as (
    

WITH deduplicated AS (
    SELECT
        customer_id,
        customer_name,
        email,
        phone,
        country,
        loaded_at,
        ROW_NUMBER() OVER (PARTITION BY LOWER(TRIM(email)) ORDER BY customer_id) AS rn
    FROM "dbt_project".public.brnz_customers
    WHERE customer_id IS NOT NULL
),

cleaned AS (
    SELECT
        customer_id,
        -- Standardize name: Proper case (title case)
        INITCAP(TRIM(customer_name)) AS customer_name,
        -- Normalize email: lowercase and trim
        LOWER(TRIM(email)) AS email,
        -- Standardize phone: extract digits only
        REGEXP_REPLACE(phone, '[^0-9]', '') AS phone_digits,
        -- Map country to region
        CASE
            WHEN country IN ('USA', 'Canada', 'Mexico') THEN 'North America'
            WHEN country IN ('UK', 'Germany', 'France', 'Spain', 'Italy', 'Netherlands', 'Belgium', 'Sweden') THEN 'Europe'
            WHEN country IN ('India', 'Japan', 'Australia') THEN 'Asia Pacific'
            WHEN country IN ('Brazil') THEN 'South America'
            ELSE 'Other'
        END AS region,
        country,
        loaded_at,
        -- Data quality flags
        CASE
            WHEN email ~ '^[A-Za-z0-9._%+-]+@[A-Za-z0-9.-]+\.[A-Z|a-z]{2,}$' THEN TRUE
            ELSE FALSE
        END AS is_valid_email,
        CASE
            WHEN LENGTH(REGEXP_REPLACE(phone, '[^0-9]', '')) >= 10 THEN TRUE
            ELSE FALSE
        END AS is_valid_phone,
        CURRENT_TIMESTAMP AS transformed_at
    FROM deduplicated
    WHERE rn = 1  -- Keep only first occurrence of each email
)

SELECT * FROM cleaned
  );
[0m15:38:16.904983 [debug] [Thread-4 (]: SQL status: CREATE VIEW in 0.007 seconds
[0m15:38:16.907983 [debug] [Thread-4 (]: Using postgres connection "model.dbt_project.stg_orders"
[0m15:38:16.907983 [debug] [Thread-2 (]: SQL status: CREATE VIEW in 0.008 seconds
[0m15:38:16.908983 [debug] [Thread-4 (]: On model.dbt_project.stg_orders: /* {"app": "dbt", "dbt_version": "1.10.8", "profile_name": "dbt_project", "target_name": "dev", "node_id": "model.dbt_project.stg_orders"} */
alter table "dbt_project".public.stg_orders__dbt_tmp rename to stg_orders
[0m15:38:16.912983 [debug] [Thread-2 (]: Using postgres connection "model.dbt_project.stg_customers"
[0m15:38:16.913985 [debug] [Thread-2 (]: On model.dbt_project.stg_customers: /* {"app": "dbt", "dbt_version": "1.10.8", "profile_name": "dbt_project", "target_name": "dev", "node_id": "model.dbt_project.stg_customers"} */
alter table "dbt_project".public.stg_customers__dbt_tmp rename to stg_customers
[0m15:38:16.913985 [debug] [Thread-4 (]: SQL status: ALTER TABLE in 0.001 seconds
[0m15:38:16.915985 [debug] [Thread-4 (]: On model.dbt_project.stg_orders: COMMIT
[0m15:38:16.915985 [debug] [Thread-2 (]: SQL status: ALTER TABLE in 0.002 seconds
[0m15:38:16.916985 [debug] [Thread-4 (]: Using postgres connection "model.dbt_project.stg_orders"
[0m15:38:16.918986 [debug] [Thread-2 (]: On model.dbt_project.stg_customers: COMMIT
[0m15:38:16.919986 [debug] [Thread-4 (]: On model.dbt_project.stg_orders: COMMIT
[0m15:38:16.919986 [debug] [Thread-2 (]: Using postgres connection "model.dbt_project.stg_customers"
[0m15:38:16.920985 [debug] [Thread-2 (]: On model.dbt_project.stg_customers: COMMIT
[0m15:38:16.921987 [debug] [Thread-4 (]: SQL status: COMMIT in 0.001 seconds
[0m15:38:16.923986 [debug] [Thread-4 (]: Applying DROP to: "dbt_project".public.stg_orders__dbt_backup
[0m15:38:16.924987 [debug] [Thread-2 (]: SQL status: COMMIT in 0.003 seconds
[0m15:38:16.927988 [debug] [Thread-4 (]: Using postgres connection "model.dbt_project.stg_orders"
[0m15:38:16.932003 [debug] [Thread-2 (]: Applying DROP to: "dbt_project".public.stg_customers__dbt_backup
[0m15:38:16.932003 [debug] [Thread-4 (]: On model.dbt_project.stg_orders: /* {"app": "dbt", "dbt_version": "1.10.8", "profile_name": "dbt_project", "target_name": "dev", "node_id": "model.dbt_project.stg_orders"} */
drop view if exists "dbt_project".public.stg_orders__dbt_backup cascade
[0m15:38:16.934004 [debug] [Thread-2 (]: Using postgres connection "model.dbt_project.stg_customers"
[0m15:38:16.935990 [debug] [Thread-4 (]: SQL status: DROP VIEW in 0.000 seconds
[0m15:38:16.935990 [debug] [Thread-2 (]: On model.dbt_project.stg_customers: /* {"app": "dbt", "dbt_version": "1.10.8", "profile_name": "dbt_project", "target_name": "dev", "node_id": "model.dbt_project.stg_customers"} */
drop view if exists "dbt_project".public.stg_customers__dbt_backup cascade
[0m15:38:16.937990 [debug] [Thread-4 (]: On model.dbt_project.stg_orders: Close
[0m15:38:16.938993 [debug] [Thread-4 (]: Sending event: {'category': 'dbt', 'action': 'run_model', 'label': 'c2fa5e0d-9dd1-4772-a4c3-fe7cd0d08ac3', 'context': [<snowplow_tracker.self_describing_json.SelfDescribingJson object at 0x000002ADD53ABA50>]}
[0m15:38:16.938993 [debug] [Thread-2 (]: SQL status: DROP VIEW in 0.001 seconds
[0m15:38:16.939990 [info ] [Thread-4 (]: 3 of 5 OK created sql view model public.stg_orders ............................. [[32mCREATE VIEW[0m in 0.12s]
[0m15:38:16.941992 [debug] [Thread-2 (]: On model.dbt_project.stg_customers: Close
[0m15:38:16.942991 [debug] [Thread-4 (]: Finished running node model.dbt_project.stg_orders
[0m15:38:16.943992 [debug] [Thread-2 (]: Sending event: {'category': 'dbt', 'action': 'run_model', 'label': 'c2fa5e0d-9dd1-4772-a4c3-fe7cd0d08ac3', 'context': [<snowplow_tracker.self_describing_json.SelfDescribingJson object at 0x000002ADD5398050>]}
[0m15:38:16.944992 [info ] [Thread-2 (]: 4 of 5 OK created sql view model public.stg_customers .......................... [[32mCREATE VIEW[0m in 0.12s]
[0m15:38:16.945992 [debug] [Thread-2 (]: Finished running node model.dbt_project.stg_customers
[0m15:38:16.946991 [debug] [Thread-1 (]: Began running node model.dbt_project.customer_metrics
[0m15:38:16.947994 [info ] [Thread-1 (]: 5 of 5 START sql table model public.customer_metrics ........................... [RUN]
[0m15:38:16.948992 [debug] [Thread-1 (]: Re-using an available connection from the pool (formerly model.dbt_project.brnz_customers, now model.dbt_project.customer_metrics)
[0m15:38:16.949993 [debug] [Thread-1 (]: Began compiling node model.dbt_project.customer_metrics
[0m15:38:16.953994 [debug] [Thread-1 (]: Writing injected SQL for node "model.dbt_project.customer_metrics"
[0m15:38:16.954993 [debug] [Thread-1 (]: Began executing node model.dbt_project.customer_metrics
[0m15:38:16.958994 [debug] [Thread-1 (]: Writing runtime sql for node "model.dbt_project.customer_metrics"
[0m15:38:16.960994 [debug] [Thread-1 (]: Using postgres connection "model.dbt_project.customer_metrics"
[0m15:38:16.960994 [debug] [Thread-1 (]: On model.dbt_project.customer_metrics: BEGIN
[0m15:38:16.961995 [debug] [Thread-1 (]: Opening a new connection, currently in state closed
[0m15:38:16.995004 [debug] [Thread-1 (]: SQL status: BEGIN in 0.033 seconds
[0m15:38:16.996003 [debug] [Thread-1 (]: Using postgres connection "model.dbt_project.customer_metrics"
[0m15:38:16.997003 [debug] [Thread-1 (]: On model.dbt_project.customer_metrics: /* {"app": "dbt", "dbt_version": "1.10.8", "profile_name": "dbt_project", "target_name": "dev", "node_id": "model.dbt_project.customer_metrics"} */

  
    

  create  table "dbt_project".public.customer_metrics__dbt_tmp
  
  
    as
  
  (
    

WITH customer_base AS (
    SELECT
        c.customer_id,
        c.customer_name,
        c.email,
        c.country,
        c.region,
        COUNT(DISTINCT o.order_id) AS total_orders,
        COUNT(DISTINCT CASE WHEN o.status = 'completed' THEN o.order_id END) AS completed_orders,
        COUNT(DISTINCT CASE WHEN o.status = 'pending' THEN o.order_id END) AS pending_orders,
        COUNT(DISTINCT CASE WHEN o.status = 'cancelled' THEN o.order_id END) AS cancelled_orders,
        COALESCE(SUM(CASE WHEN o.status = 'completed' THEN o.amount END), 0) AS total_revenue,
        COALESCE(SUM(CASE WHEN o.status = 'completed' AND o.order_date >= CURRENT_DATE - 30 THEN o.amount END), 0) AS revenue_last_30_days,
        COALESCE(SUM(CASE WHEN o.status = 'completed' AND o.order_date >= CURRENT_DATE - 90 THEN o.amount END), 0) AS revenue_last_90_days,
        ROUND(AVG(CASE WHEN o.status = 'completed' THEN o.amount END), 2) AS avg_order_value,
        MAX(o.order_date) AS last_order_date,
        MIN(o.order_date) AS first_order_date,
        COUNT(DISTINCT CASE WHEN o.status = 'completed' AND o.order_date >= CURRENT_DATE - 90 THEN o.order_id END) AS orders_last_90_days,
        CURRENT_DATE - MAX(o.order_date) AS days_since_last_order
    FROM "dbt_project".public.stg_customers c
    LEFT JOIN "dbt_project".public.stg_orders o ON c.customer_id = o.customer_id
    GROUP BY c.customer_id, c.customer_name, c.email, c.country, c.region
),

rfm_scoring AS (
    SELECT
        *,
        -- RFM Scoring (1-5 scale, 5 is best)
        NTILE(5) OVER (ORDER BY COALESCE(days_since_last_order, 999999) DESC) AS r_score,  -- Recency (lower days = higher score)
        NTILE(5) OVER (ORDER BY total_orders) AS f_score,  -- Frequency
        NTILE(5) OVER (ORDER BY total_revenue) AS m_score   -- Monetary
    FROM customer_base
),

customer_segmentation AS (
    SELECT
        *,
        -- RFM Segment (simplified: Champions, Core, At-Risk, Lost)
        CASE
            WHEN r_score >= 4 AND f_score >= 4 AND m_score >= 4 THEN 'Champions'
            WHEN r_score >= 3 AND f_score >= 3 AND m_score >= 3 THEN 'Loyal Customers'
            WHEN r_score >= 3 AND (f_score >= 2 OR m_score >= 2) THEN 'Potential'
            WHEN r_score <= 2 AND (f_score >= 3 OR m_score >= 3) THEN 'At-Risk'
            WHEN r_score <= 2 THEN 'Lost'
            ELSE 'Need Attention'
        END AS rfm_segment,
        
        -- Churn Risk (based on inactivity + trend)
        CASE
            WHEN days_since_last_order >= 180 THEN 'High'
            WHEN days_since_last_order >= 90 AND revenue_last_90_days = 0 THEN 'High'
            WHEN days_since_last_order >= 60 THEN 'Medium'
            WHEN revenue_last_30_days < revenue_last_90_days * 0.3 AND days_since_last_order >= 30 THEN 'Medium'
            ELSE 'Low'
        END AS churn_risk,
        
        -- Customer Activity Status
        CASE
            WHEN days_since_last_order <= 30 THEN 'Active'
            WHEN days_since_last_order <= 90 THEN 'At-Risk'
            ELSE 'Inactive'
        END AS customer_status
    FROM rfm_scoring
),

health_scores AS (
    SELECT
        *,
        -- Health Score (0-100): Composite of recency, frequency, value, and momentum
        ROUND(
            (r_score * 10) +  -- Recency weight: 50 points max
            (f_score * 8) +   -- Frequency weight: 40 points max
            (m_score * 8) +   -- Monetary weight: 40 points max
            CASE
                WHEN revenue_last_30_days > 0 AND revenue_last_90_days > 0 
                    AND revenue_last_30_days > (revenue_last_90_days / 3) THEN 5
                ELSE 0
            END -  -- Growth bonus: 5 points if revenue is trending up
            CASE
                WHEN churn_risk = 'High' THEN 15
                WHEN churn_risk = 'Medium' THEN 5
                ELSE 0
            END  -- Churn penalty
        ) AS health_score
    FROM customer_segmentation
)

SELECT
    customer_id,
    customer_name,
    email,
    country,
    region,
    -- Basic Metrics
    total_orders,
    completed_orders,
    pending_orders,
    cancelled_orders,
    total_revenue,
    avg_order_value,
    -- Temporal
    last_order_date,
    first_order_date,
    days_since_last_order,
    -- Revenue Momentum
    revenue_last_30_days,
    revenue_last_90_days,
    orders_last_90_days,
    ROUND((last_order_date - first_order_date) / 365.0, 1) AS customer_lifetime_years,
    -- Story-Telling KPIs
    health_score,
    rfm_segment,
    churn_risk,
    customer_status,
    -- Supporting Metrics for Filtering
    ROUND(AVG(avg_order_value) OVER (), 2) AS avg_order_value_overall,
    ROUND(AVG(total_revenue) OVER (), 2) AS avg_customer_revenue_overall,
    CURRENT_TIMESTAMP AS updated_at
FROM health_scores
ORDER BY health_score DESC, total_revenue DESC
  );
  
[0m15:38:17.252066 [debug] [Thread-1 (]: SQL status: SELECT 150 in 0.253 seconds
[0m15:38:17.255069 [debug] [Thread-1 (]: Using postgres connection "model.dbt_project.customer_metrics"
[0m15:38:17.256064 [debug] [Thread-1 (]: On model.dbt_project.customer_metrics: /* {"app": "dbt", "dbt_version": "1.10.8", "profile_name": "dbt_project", "target_name": "dev", "node_id": "model.dbt_project.customer_metrics"} */
alter table "dbt_project"."public"."customer_metrics" rename to customer_metrics__dbt_backup
[0m15:38:17.257062 [debug] [Thread-1 (]: SQL status: ALTER TABLE in 0.000 seconds
[0m15:38:17.260064 [debug] [Thread-1 (]: Using postgres connection "model.dbt_project.customer_metrics"
[0m15:38:17.261064 [debug] [Thread-1 (]: On model.dbt_project.customer_metrics: /* {"app": "dbt", "dbt_version": "1.10.8", "profile_name": "dbt_project", "target_name": "dev", "node_id": "model.dbt_project.customer_metrics"} */
alter table "dbt_project".public.customer_metrics__dbt_tmp rename to customer_metrics
[0m15:38:17.262063 [debug] [Thread-1 (]: SQL status: ALTER TABLE in 0.000 seconds
[0m15:38:17.264064 [debug] [Thread-1 (]: On model.dbt_project.customer_metrics: COMMIT
[0m15:38:17.265063 [debug] [Thread-1 (]: Using postgres connection "model.dbt_project.customer_metrics"
[0m15:38:17.265063 [debug] [Thread-1 (]: On model.dbt_project.customer_metrics: COMMIT
[0m15:38:17.267064 [debug] [Thread-1 (]: SQL status: COMMIT in 0.001 seconds
[0m15:38:17.272065 [debug] [Thread-1 (]: Applying DROP to: "dbt_project".public.customer_metrics__dbt_backup
[0m15:38:17.273066 [debug] [Thread-1 (]: Using postgres connection "model.dbt_project.customer_metrics"
[0m15:38:17.273066 [debug] [Thread-1 (]: On model.dbt_project.customer_metrics: /* {"app": "dbt", "dbt_version": "1.10.8", "profile_name": "dbt_project", "target_name": "dev", "node_id": "model.dbt_project.customer_metrics"} */
drop table if exists "dbt_project".public.customer_metrics__dbt_backup cascade
[0m15:38:17.277068 [debug] [Thread-1 (]: SQL status: DROP TABLE in 0.004 seconds
[0m15:38:17.279067 [debug] [Thread-1 (]: On model.dbt_project.customer_metrics: Close
[0m15:38:17.280068 [debug] [Thread-1 (]: Sending event: {'category': 'dbt', 'action': 'run_model', 'label': 'c2fa5e0d-9dd1-4772-a4c3-fe7cd0d08ac3', 'context': [<snowplow_tracker.self_describing_json.SelfDescribingJson object at 0x000002ADD53FD090>]}
[0m15:38:17.281068 [info ] [Thread-1 (]: 5 of 5 OK created sql table model public.customer_metrics ...................... [[32mSELECT 150[0m in 0.33s]
[0m15:38:17.282068 [debug] [Thread-1 (]: Finished running node model.dbt_project.customer_metrics
[0m15:38:17.283067 [debug] [MainThread]: Using postgres connection "master"
[0m15:38:17.284070 [debug] [MainThread]: On master: BEGIN
[0m15:38:17.284070 [debug] [MainThread]: Opening a new connection, currently in state closed
[0m15:38:17.318076 [debug] [MainThread]: SQL status: BEGIN in 0.034 seconds
[0m15:38:17.319078 [debug] [MainThread]: On master: COMMIT
[0m15:38:17.320086 [debug] [MainThread]: Using postgres connection "master"
[0m15:38:17.321079 [debug] [MainThread]: On master: COMMIT
[0m15:38:17.321079 [debug] [MainThread]: SQL status: COMMIT in 0.000 seconds
[0m15:38:17.322080 [debug] [MainThread]: On master: Close
[0m15:38:17.323078 [debug] [MainThread]: Connection 'master' was properly closed.
[0m15:38:17.323078 [debug] [MainThread]: Connection 'list_dbt_project' was properly closed.
[0m15:38:17.324079 [debug] [MainThread]: Connection 'list_dbt_project_public' was properly closed.
[0m15:38:17.324079 [debug] [MainThread]: Connection 'model.dbt_project.customer_metrics' was properly closed.
[0m15:38:17.325077 [debug] [MainThread]: Connection 'model.dbt_project.stg_customers' was properly closed.
[0m15:38:17.325077 [debug] [MainThread]: Connection 'model.dbt_project.stg_orders' was properly closed.
[0m15:38:17.326077 [info ] [MainThread]: 
[0m15:38:17.326077 [info ] [MainThread]: Finished running 3 table models, 2 view models in 0 hours 0 minutes and 1.02 seconds (1.02s).
[0m15:38:17.328078 [debug] [MainThread]: Command end result
[0m15:38:17.358093 [debug] [MainThread]: Wrote artifact WritableManifest to C:\Users\arpit\Jupyter Notebook\CI CD Pipeline project\target\manifest.json
[0m15:38:17.361088 [debug] [MainThread]: Wrote artifact SemanticManifest to C:\Users\arpit\Jupyter Notebook\CI CD Pipeline project\target\semantic_manifest.json
[0m15:38:17.367091 [debug] [MainThread]: Wrote artifact RunExecutionResult to C:\Users\arpit\Jupyter Notebook\CI CD Pipeline project\target\run_results.json
[0m15:38:17.368095 [info ] [MainThread]: 
[0m15:38:17.368095 [info ] [MainThread]: [32mCompleted successfully[0m
[0m15:38:17.369095 [info ] [MainThread]: 
[0m15:38:17.370095 [info ] [MainThread]: Done. PASS=5 WARN=0 ERROR=0 SKIP=0 NO-OP=0 TOTAL=5
[0m15:38:17.371089 [debug] [MainThread]: Command `dbt run` succeeded at 15:38:17.371089 after 2.49 seconds
[0m15:38:17.372090 [debug] [MainThread]: Sending event: {'category': 'dbt', 'action': 'invocation', 'label': 'end', 'context': [<snowplow_tracker.self_describing_json.SelfDescribingJson object at 0x000002ADD4313A50>, <snowplow_tracker.self_describing_json.SelfDescribingJson object at 0x000002ADD4313150>, <snowplow_tracker.self_describing_json.SelfDescribingJson object at 0x000002ADD3066310>]}
[0m15:38:17.373096 [debug] [MainThread]: Flushing usage events
[0m15:38:18.256499 [debug] [MainThread]: An error was encountered while trying to flush usage events
[0m15:38:21.286198 [debug] [MainThread]: Sending event: {'category': 'dbt', 'action': 'invocation', 'label': 'start', 'context': [<snowplow_tracker.self_describing_json.SelfDescribingJson object at 0x00000241455BE790>, <snowplow_tracker.self_describing_json.SelfDescribingJson object at 0x0000024143750D10>, <snowplow_tracker.self_describing_json.SelfDescribingJson object at 0x00000241455BC290>]}


============================== 15:38:21.291199 | ed3432ec-0d99-47f3-a1f1-40a2b4de4161 ==============================
[0m15:38:21.291199 [info ] [MainThread]: Running with dbt=1.10.8
[0m15:38:21.291199 [debug] [MainThread]: running dbt with arguments {'printer_width': '80', 'indirect_selection': 'eager', 'write_json': 'True', 'log_cache_events': 'False', 'partial_parse': 'True', 'cache_selected_only': 'False', 'warn_error': 'None', 'fail_fast': 'False', 'version_check': 'True', 'log_path': 'C:\\Users\\arpit\\Jupyter Notebook\\CI CD Pipeline project\\logs', 'profiles_dir': 'C:\\Users\\arpit\\.dbt', 'debug': 'False', 'use_colors': 'True', 'use_experimental_parser': 'False', 'empty': 'None', 'quiet': 'False', 'no_print': 'None', 'log_format': 'default', 'invocation_command': 'dbt test', 'introspect': 'True', 'static_parser': 'True', 'target_path': 'None', 'warn_error_options': 'WarnErrorOptionsV2(error=[], warn=[], silence=[])', 'send_anonymous_usage_stats': 'True'}
[0m15:38:21.544256 [debug] [MainThread]: Sending event: {'category': 'dbt', 'action': 'project_id', 'label': 'ed3432ec-0d99-47f3-a1f1-40a2b4de4161', 'context': [<snowplow_tracker.self_describing_json.SelfDescribingJson object at 0x000002414571E7D0>]}
[0m15:38:21.618287 [debug] [MainThread]: Sending event: {'category': 'dbt', 'action': 'adapter_info', 'label': 'ed3432ec-0d99-47f3-a1f1-40a2b4de4161', 'context': [<snowplow_tracker.self_describing_json.SelfDescribingJson object at 0x0000024145633450>]}
[0m15:38:21.619281 [info ] [MainThread]: Registered adapter: postgres=1.9.0
[0m15:38:21.933382 [debug] [MainThread]: checksum: 265d66e81f90af29a7a28579c9b54d938c94f4a57c57be5f853267ae509b5fcb, vars: {}, profile: , target: , version: 1.10.8
[0m15:38:22.125412 [debug] [MainThread]: Partial parsing enabled: 0 files deleted, 0 files added, 0 files changed.
[0m15:38:22.125412 [debug] [MainThread]: Partial parsing enabled, no changes found, skipping parsing
[0m15:38:22.181422 [debug] [MainThread]: Sending event: {'category': 'dbt', 'action': 'load_project', 'label': 'ed3432ec-0d99-47f3-a1f1-40a2b4de4161', 'context': [<snowplow_tracker.self_describing_json.SelfDescribingJson object at 0x0000024145A8A850>]}
[0m15:38:22.276443 [debug] [MainThread]: Wrote artifact WritableManifest to C:\Users\arpit\Jupyter Notebook\CI CD Pipeline project\target\manifest.json
[0m15:38:22.279444 [debug] [MainThread]: Wrote artifact SemanticManifest to C:\Users\arpit\Jupyter Notebook\CI CD Pipeline project\target\semantic_manifest.json
[0m15:38:22.370471 [debug] [MainThread]: Sending event: {'category': 'dbt', 'action': 'resource_counts', 'label': 'ed3432ec-0d99-47f3-a1f1-40a2b4de4161', 'context': [<snowplow_tracker.self_describing_json.SelfDescribingJson object at 0x000002414119FDD0>]}
[0m15:38:22.370471 [info ] [MainThread]: Found 5 models, 3 seeds, 27 data tests, 2 sources, 434 macros
[0m15:38:22.372473 [debug] [MainThread]: Sending event: {'category': 'dbt', 'action': 'runnable_timing', 'label': 'ed3432ec-0d99-47f3-a1f1-40a2b4de4161', 'context': [<snowplow_tracker.self_describing_json.SelfDescribingJson object at 0x0000024145C03190>]}
[0m15:38:22.375472 [info ] [MainThread]: 
[0m15:38:22.376472 [info ] [MainThread]: Concurrency: 4 threads (target='dev')
[0m15:38:22.377475 [info ] [MainThread]: 
[0m15:38:22.378475 [debug] [MainThread]: Acquiring new postgres connection 'master'
[0m15:38:22.383474 [debug] [ThreadPool]: Acquiring new postgres connection 'list_dbt_project_public'
[0m15:38:22.474494 [debug] [ThreadPool]: Using postgres connection "list_dbt_project_public"
[0m15:38:22.475494 [debug] [ThreadPool]: On list_dbt_project_public: BEGIN
[0m15:38:22.475494 [debug] [ThreadPool]: Opening a new connection, currently in state init
[0m15:38:22.614535 [debug] [ThreadPool]: SQL status: BEGIN in 0.139 seconds
[0m15:38:22.615535 [debug] [ThreadPool]: Using postgres connection "list_dbt_project_public"
[0m15:38:22.616536 [debug] [ThreadPool]: On list_dbt_project_public: /* {"app": "dbt", "dbt_version": "1.10.8", "profile_name": "dbt_project", "target_name": "dev", "connection_name": "list_dbt_project_public"} */
select
      'dbt_project' as database,
      tablename as name,
      schemaname as schema,
      'table' as type
    from pg_tables
    where schemaname ilike 'public'
    union all
    select
      'dbt_project' as database,
      viewname as name,
      schemaname as schema,
      'view' as type
    from pg_views
    where schemaname ilike 'public'
    union all
    select
      'dbt_project' as database,
      matviewname as name,
      schemaname as schema,
      'materialized_view' as type
    from pg_matviews
    where schemaname ilike 'public'
  
[0m15:38:22.624544 [debug] [ThreadPool]: SQL status: SELECT 8 in 0.008 seconds
[0m15:38:22.626528 [debug] [ThreadPool]: On list_dbt_project_public: ROLLBACK
[0m15:38:22.627529 [debug] [ThreadPool]: On list_dbt_project_public: Close
[0m15:38:22.635546 [debug] [MainThread]: Using postgres connection "master"
[0m15:38:22.636548 [debug] [MainThread]: On master: BEGIN
[0m15:38:22.637547 [debug] [MainThread]: Opening a new connection, currently in state init
[0m15:38:22.670542 [debug] [MainThread]: SQL status: BEGIN in 0.033 seconds
[0m15:38:22.671554 [debug] [MainThread]: Using postgres connection "master"
[0m15:38:22.672540 [debug] [MainThread]: On master: /* {"app": "dbt", "dbt_version": "1.10.8", "profile_name": "dbt_project", "target_name": "dev", "connection_name": "master"} */
with relation as (
        select
            pg_rewrite.ev_class as class,
            pg_rewrite.oid as id
        from pg_rewrite
    ),
    class as (
        select
            oid as id,
            relname as name,
            relnamespace as schema,
            relkind as kind
        from pg_class
    ),
    dependency as (
        select distinct
            pg_depend.objid as id,
            pg_depend.refobjid as ref
        from pg_depend
    ),
    schema as (
        select
            pg_namespace.oid as id,
            pg_namespace.nspname as name
        from pg_namespace
        where nspname != 'information_schema' and nspname not like 'pg\_%'
    ),
    referenced as (
        select
            relation.id AS id,
            referenced_class.name ,
            referenced_class.schema ,
            referenced_class.kind
        from relation
        join class as referenced_class on relation.class=referenced_class.id
        where referenced_class.kind in ('r', 'v', 'm')
    ),
    relationships as (
        select
            referenced.name as referenced_name,
            referenced.schema as referenced_schema_id,
            dependent_class.name as dependent_name,
            dependent_class.schema as dependent_schema_id,
            referenced.kind as kind
        from referenced
        join dependency on referenced.id=dependency.id
        join class as dependent_class on dependency.ref=dependent_class.id
        where
            (referenced.name != dependent_class.name or
             referenced.schema != dependent_class.schema)
    )

    select
        referenced_schema.name as referenced_schema,
        relationships.referenced_name as referenced_name,
        dependent_schema.name as dependent_schema,
        relationships.dependent_name as dependent_name
    from relationships
    join schema as dependent_schema on relationships.dependent_schema_id=dependent_schema.id
    join schema as referenced_schema on relationships.referenced_schema_id=referenced_schema.id
    group by referenced_schema, referenced_name, dependent_schema, dependent_name
    order by referenced_schema, referenced_name, dependent_schema, dependent_name;
[0m15:38:22.680556 [debug] [MainThread]: SQL status: SELECT 2 in 0.007 seconds
[0m15:38:22.683550 [debug] [MainThread]: Sending event: {'category': 'dbt', 'action': 'runnable_timing', 'label': 'ed3432ec-0d99-47f3-a1f1-40a2b4de4161', 'context': [<snowplow_tracker.self_describing_json.SelfDescribingJson object at 0x0000024145A8BBD0>]}
[0m15:38:22.684543 [debug] [MainThread]: On master: ROLLBACK
[0m15:38:22.685553 [debug] [MainThread]: Using postgres connection "master"
[0m15:38:22.685553 [debug] [MainThread]: On master: BEGIN
[0m15:38:22.686557 [debug] [MainThread]: SQL status: BEGIN in 0.000 seconds
[0m15:38:22.687551 [debug] [MainThread]: On master: COMMIT
[0m15:38:22.687551 [debug] [MainThread]: Using postgres connection "master"
[0m15:38:22.688544 [debug] [MainThread]: On master: COMMIT
[0m15:38:22.689546 [debug] [MainThread]: SQL status: COMMIT in 0.000 seconds
[0m15:38:22.689546 [debug] [MainThread]: On master: Close
[0m15:38:22.695546 [debug] [Thread-1 (]: Began running node test.dbt_project.accepted_values_customer_metrics_churn_risk__Low__Medium__High.4663b7e822
[0m15:38:22.695546 [debug] [Thread-2 (]: Began running node test.dbt_project.accepted_values_customer_metrics_customer_status__Active__At_Risk__Inactive.68e01694a6
[0m15:38:22.696546 [debug] [Thread-3 (]: Began running node test.dbt_project.accepted_values_customer_metrics_rfm_segment__Champions__Loyal_Customers__Potential__At_Risk__Lost__Need_Attention.84a6bd543a
[0m15:38:22.696546 [debug] [Thread-4 (]: Began running node test.dbt_project.accepted_values_stg_orders_status__completed__pending__cancelled.55410e9790
[0m15:38:22.697546 [info ] [Thread-1 (]: 1 of 27 START test accepted_values_customer_metrics_churn_risk__Low__Medium__High  [RUN]
[0m15:38:22.698547 [info ] [Thread-2 (]: 2 of 27 START test accepted_values_customer_metrics_customer_status__Active__At_Risk__Inactive  [RUN]
[0m15:38:22.699546 [info ] [Thread-3 (]: 3 of 27 START test accepted_values_customer_metrics_rfm_segment__Champions__Loyal_Customers__Potential__At_Risk__Lost__Need_Attention  [RUN]
[0m15:38:22.700547 [info ] [Thread-4 (]: 4 of 27 START test accepted_values_stg_orders_status__completed__pending__cancelled  [RUN]
[0m15:38:22.700547 [debug] [Thread-1 (]: Acquiring new postgres connection 'test.dbt_project.accepted_values_customer_metrics_churn_risk__Low__Medium__High.4663b7e822'
[0m15:38:22.701547 [debug] [Thread-2 (]: Acquiring new postgres connection 'test.dbt_project.accepted_values_customer_metrics_customer_status__Active__At_Risk__Inactive.68e01694a6'
[0m15:38:22.702548 [debug] [Thread-3 (]: Acquiring new postgres connection 'test.dbt_project.accepted_values_customer_metrics_rfm_segment__Champions__Loyal_Customers__Potential__At_Risk__Lost__Need_Attention.84a6bd543a'
[0m15:38:22.703547 [debug] [Thread-4 (]: Acquiring new postgres connection 'test.dbt_project.accepted_values_stg_orders_status__completed__pending__cancelled.55410e9790'
[0m15:38:22.703547 [debug] [Thread-1 (]: Began compiling node test.dbt_project.accepted_values_customer_metrics_churn_risk__Low__Medium__High.4663b7e822
[0m15:38:22.704548 [debug] [Thread-2 (]: Began compiling node test.dbt_project.accepted_values_customer_metrics_customer_status__Active__At_Risk__Inactive.68e01694a6
[0m15:38:22.704548 [debug] [Thread-3 (]: Began compiling node test.dbt_project.accepted_values_customer_metrics_rfm_segment__Champions__Loyal_Customers__Potential__At_Risk__Lost__Need_Attention.84a6bd543a
[0m15:38:22.705548 [debug] [Thread-4 (]: Began compiling node test.dbt_project.accepted_values_stg_orders_status__completed__pending__cancelled.55410e9790
[0m15:38:22.720550 [debug] [Thread-1 (]: Writing injected SQL for node "test.dbt_project.accepted_values_customer_metrics_churn_risk__Low__Medium__High.4663b7e822"
[0m15:38:22.727552 [debug] [Thread-2 (]: Writing injected SQL for node "test.dbt_project.accepted_values_customer_metrics_customer_status__Active__At_Risk__Inactive.68e01694a6"
[0m15:38:22.735553 [debug] [Thread-3 (]: Writing injected SQL for node "test.dbt_project.accepted_values_customer_metrics_rfm_segment__Champions__Loyal_Customers__Potential__At_Risk__Lost__Need_Attention.84a6bd543a"
[0m15:38:22.741555 [debug] [Thread-4 (]: Writing injected SQL for node "test.dbt_project.accepted_values_stg_orders_status__completed__pending__cancelled.55410e9790"
[0m15:38:22.743555 [debug] [Thread-1 (]: Began executing node test.dbt_project.accepted_values_customer_metrics_churn_risk__Low__Medium__High.4663b7e822
[0m15:38:22.743555 [debug] [Thread-2 (]: Began executing node test.dbt_project.accepted_values_customer_metrics_customer_status__Active__At_Risk__Inactive.68e01694a6
[0m15:38:22.744557 [debug] [Thread-3 (]: Began executing node test.dbt_project.accepted_values_customer_metrics_rfm_segment__Champions__Loyal_Customers__Potential__At_Risk__Lost__Need_Attention.84a6bd543a
[0m15:38:22.761560 [debug] [Thread-1 (]: Writing runtime sql for node "test.dbt_project.accepted_values_customer_metrics_churn_risk__Low__Medium__High.4663b7e822"
[0m15:38:22.762560 [debug] [Thread-4 (]: Began executing node test.dbt_project.accepted_values_stg_orders_status__completed__pending__cancelled.55410e9790
[0m15:38:22.766560 [debug] [Thread-2 (]: Writing runtime sql for node "test.dbt_project.accepted_values_customer_metrics_customer_status__Active__At_Risk__Inactive.68e01694a6"
[0m15:38:22.769561 [debug] [Thread-3 (]: Writing runtime sql for node "test.dbt_project.accepted_values_customer_metrics_rfm_segment__Champions__Loyal_Customers__Potential__At_Risk__Lost__Need_Attention.84a6bd543a"
[0m15:38:22.773562 [debug] [Thread-4 (]: Writing runtime sql for node "test.dbt_project.accepted_values_stg_orders_status__completed__pending__cancelled.55410e9790"
[0m15:38:22.774563 [debug] [Thread-1 (]: Using postgres connection "test.dbt_project.accepted_values_customer_metrics_churn_risk__Low__Medium__High.4663b7e822"
[0m15:38:22.776563 [debug] [Thread-2 (]: Using postgres connection "test.dbt_project.accepted_values_customer_metrics_customer_status__Active__At_Risk__Inactive.68e01694a6"
[0m15:38:22.777565 [debug] [Thread-1 (]: On test.dbt_project.accepted_values_customer_metrics_churn_risk__Low__Medium__High.4663b7e822: BEGIN
[0m15:38:22.777565 [debug] [Thread-3 (]: Using postgres connection "test.dbt_project.accepted_values_customer_metrics_rfm_segment__Champions__Loyal_Customers__Potential__At_Risk__Lost__Need_Attention.84a6bd543a"
[0m15:38:22.778564 [debug] [Thread-4 (]: Using postgres connection "test.dbt_project.accepted_values_stg_orders_status__completed__pending__cancelled.55410e9790"
[0m15:38:22.778564 [debug] [Thread-2 (]: On test.dbt_project.accepted_values_customer_metrics_customer_status__Active__At_Risk__Inactive.68e01694a6: BEGIN
[0m15:38:22.779566 [debug] [Thread-1 (]: Opening a new connection, currently in state init
[0m15:38:22.780564 [debug] [Thread-3 (]: On test.dbt_project.accepted_values_customer_metrics_rfm_segment__Champions__Loyal_Customers__Potential__At_Risk__Lost__Need_Attention.84a6bd543a: BEGIN
[0m15:38:22.780564 [debug] [Thread-4 (]: On test.dbt_project.accepted_values_stg_orders_status__completed__pending__cancelled.55410e9790: BEGIN
[0m15:38:22.781564 [debug] [Thread-2 (]: Opening a new connection, currently in state init
[0m15:38:22.782565 [debug] [Thread-3 (]: Opening a new connection, currently in state init
[0m15:38:22.782565 [debug] [Thread-4 (]: Opening a new connection, currently in state init
[0m15:38:22.820573 [debug] [Thread-2 (]: SQL status: BEGIN in 0.039 seconds
[0m15:38:22.821574 [debug] [Thread-2 (]: Using postgres connection "test.dbt_project.accepted_values_customer_metrics_customer_status__Active__At_Risk__Inactive.68e01694a6"
[0m15:38:22.822574 [debug] [Thread-2 (]: On test.dbt_project.accepted_values_customer_metrics_customer_status__Active__At_Risk__Inactive.68e01694a6: /* {"app": "dbt", "dbt_version": "1.10.8", "profile_name": "dbt_project", "target_name": "dev", "node_id": "test.dbt_project.accepted_values_customer_metrics_customer_status__Active__At_Risk__Inactive.68e01694a6"} */

    select
      count(*) as failures,
      count(*) != 0 as should_warn,
      count(*) != 0 as should_error
    from (
      
    
  
    
    

with all_values as (

    select
        customer_status as value_field,
        count(*) as n_records

    from "dbt_project".public.customer_metrics
    group by customer_status

)

select *
from all_values
where value_field not in (
    'Active','At-Risk','Inactive'
)



  
  
      
    ) dbt_internal_test
[0m15:38:22.824573 [debug] [Thread-2 (]: SQL status: SELECT 1 in 0.002 seconds
[0m15:38:22.829575 [debug] [Thread-2 (]: On test.dbt_project.accepted_values_customer_metrics_customer_status__Active__At_Risk__Inactive.68e01694a6: ROLLBACK
[0m15:38:22.830575 [debug] [Thread-2 (]: On test.dbt_project.accepted_values_customer_metrics_customer_status__Active__At_Risk__Inactive.68e01694a6: Close
[0m15:38:22.830575 [debug] [Thread-4 (]: SQL status: BEGIN in 0.048 seconds
[0m15:38:22.831576 [info ] [Thread-2 (]: 2 of 27 PASS accepted_values_customer_metrics_customer_status__Active__At_Risk__Inactive  [[32mPASS[0m in 0.13s]
[0m15:38:22.832576 [debug] [Thread-4 (]: Using postgres connection "test.dbt_project.accepted_values_stg_orders_status__completed__pending__cancelled.55410e9790"
[0m15:38:22.833576 [debug] [Thread-2 (]: Finished running node test.dbt_project.accepted_values_customer_metrics_customer_status__Active__At_Risk__Inactive.68e01694a6
[0m15:38:22.834576 [debug] [Thread-4 (]: On test.dbt_project.accepted_values_stg_orders_status__completed__pending__cancelled.55410e9790: /* {"app": "dbt", "dbt_version": "1.10.8", "profile_name": "dbt_project", "target_name": "dev", "node_id": "test.dbt_project.accepted_values_stg_orders_status__completed__pending__cancelled.55410e9790"} */

    select
      count(*) as failures,
      count(*) != 0 as should_warn,
      count(*) != 0 as should_error
    from (
      
    
  
    
    

with all_values as (

    select
        status as value_field,
        count(*) as n_records

    from "dbt_project".public.stg_orders
    group by status

)

select *
from all_values
where value_field not in (
    'completed','pending','cancelled'
)



  
  
      
    ) dbt_internal_test
[0m15:38:22.835576 [debug] [Thread-2 (]: Began running node test.dbt_project.not_null_brnz_customers_customer_id.b4d91ba4e5
[0m15:38:22.836576 [info ] [Thread-2 (]: 5 of 27 START test not_null_brnz_customers_customer_id ......................... [RUN]
[0m15:38:22.837577 [debug] [Thread-2 (]: Re-using an available connection from the pool (formerly test.dbt_project.accepted_values_customer_metrics_customer_status__Active__At_Risk__Inactive.68e01694a6, now test.dbt_project.not_null_brnz_customers_customer_id.b4d91ba4e5)
[0m15:38:22.838578 [debug] [Thread-2 (]: Began compiling node test.dbt_project.not_null_brnz_customers_customer_id.b4d91ba4e5
[0m15:38:22.845578 [debug] [Thread-2 (]: Writing injected SQL for node "test.dbt_project.not_null_brnz_customers_customer_id.b4d91ba4e5"
[0m15:38:22.845578 [debug] [Thread-4 (]: SQL status: SELECT 1 in 0.009 seconds
[0m15:38:22.847578 [debug] [Thread-4 (]: On test.dbt_project.accepted_values_stg_orders_status__completed__pending__cancelled.55410e9790: ROLLBACK
[0m15:38:22.848578 [debug] [Thread-4 (]: On test.dbt_project.accepted_values_stg_orders_status__completed__pending__cancelled.55410e9790: Close
[0m15:38:22.849579 [debug] [Thread-2 (]: Began executing node test.dbt_project.not_null_brnz_customers_customer_id.b4d91ba4e5
[0m15:38:22.849579 [info ] [Thread-4 (]: 4 of 27 PASS accepted_values_stg_orders_status__completed__pending__cancelled .. [[32mPASS[0m in 0.15s]
[0m15:38:22.853581 [debug] [Thread-2 (]: Writing runtime sql for node "test.dbt_project.not_null_brnz_customers_customer_id.b4d91ba4e5"
[0m15:38:22.855580 [debug] [Thread-4 (]: Finished running node test.dbt_project.accepted_values_stg_orders_status__completed__pending__cancelled.55410e9790
[0m15:38:22.856580 [debug] [Thread-4 (]: Began running node test.dbt_project.not_null_brnz_orders_customer_id.a7693da971
[0m15:38:22.856580 [info ] [Thread-4 (]: 6 of 27 START test not_null_brnz_orders_customer_id ............................ [RUN]
[0m15:38:22.857580 [debug] [Thread-2 (]: Using postgres connection "test.dbt_project.not_null_brnz_customers_customer_id.b4d91ba4e5"
[0m15:38:22.858582 [debug] [Thread-4 (]: Re-using an available connection from the pool (formerly test.dbt_project.accepted_values_stg_orders_status__completed__pending__cancelled.55410e9790, now test.dbt_project.not_null_brnz_orders_customer_id.a7693da971)
[0m15:38:22.858582 [debug] [Thread-2 (]: On test.dbt_project.not_null_brnz_customers_customer_id.b4d91ba4e5: BEGIN
[0m15:38:22.859582 [debug] [Thread-4 (]: Began compiling node test.dbt_project.not_null_brnz_orders_customer_id.a7693da971
[0m15:38:22.860581 [debug] [Thread-2 (]: Opening a new connection, currently in state closed
[0m15:38:22.864582 [debug] [Thread-4 (]: Writing injected SQL for node "test.dbt_project.not_null_brnz_orders_customer_id.a7693da971"
[0m15:38:22.866582 [debug] [Thread-4 (]: Began executing node test.dbt_project.not_null_brnz_orders_customer_id.a7693da971
[0m15:38:22.869583 [debug] [Thread-4 (]: Writing runtime sql for node "test.dbt_project.not_null_brnz_orders_customer_id.a7693da971"
[0m15:38:22.871584 [debug] [Thread-4 (]: Using postgres connection "test.dbt_project.not_null_brnz_orders_customer_id.a7693da971"
[0m15:38:22.872587 [debug] [Thread-4 (]: On test.dbt_project.not_null_brnz_orders_customer_id.a7693da971: BEGIN
[0m15:38:22.873587 [debug] [Thread-4 (]: Opening a new connection, currently in state closed
[0m15:38:22.899606 [debug] [Thread-2 (]: SQL status: BEGIN in 0.039 seconds
[0m15:38:22.900591 [debug] [Thread-2 (]: Using postgres connection "test.dbt_project.not_null_brnz_customers_customer_id.b4d91ba4e5"
[0m15:38:22.900591 [debug] [Thread-2 (]: On test.dbt_project.not_null_brnz_customers_customer_id.b4d91ba4e5: /* {"app": "dbt", "dbt_version": "1.10.8", "profile_name": "dbt_project", "target_name": "dev", "node_id": "test.dbt_project.not_null_brnz_customers_customer_id.b4d91ba4e5"} */

    select
      count(*) as failures,
      count(*) != 0 as should_warn,
      count(*) != 0 as should_error
    from (
      
    
  
    
    



select customer_id
from "dbt_project".public.brnz_customers
where customer_id is null



  
  
      
    ) dbt_internal_test
[0m15:38:22.902601 [debug] [Thread-2 (]: SQL status: SELECT 1 in 0.001 seconds
[0m15:38:22.904596 [debug] [Thread-2 (]: On test.dbt_project.not_null_brnz_customers_customer_id.b4d91ba4e5: ROLLBACK
[0m15:38:22.905594 [debug] [Thread-2 (]: On test.dbt_project.not_null_brnz_customers_customer_id.b4d91ba4e5: Close
[0m15:38:22.906596 [info ] [Thread-2 (]: 5 of 27 PASS not_null_brnz_customers_customer_id ............................... [[32mPASS[0m in 0.07s]
[0m15:38:22.907593 [debug] [Thread-2 (]: Finished running node test.dbt_project.not_null_brnz_customers_customer_id.b4d91ba4e5
[0m15:38:22.908594 [debug] [Thread-2 (]: Began running node test.dbt_project.not_null_brnz_orders_order_id.2e8ed23d30
[0m15:38:22.908594 [info ] [Thread-2 (]: 7 of 27 START test not_null_brnz_orders_order_id ............................... [RUN]
[0m15:38:22.909595 [debug] [Thread-2 (]: Re-using an available connection from the pool (formerly test.dbt_project.not_null_brnz_customers_customer_id.b4d91ba4e5, now test.dbt_project.not_null_brnz_orders_order_id.2e8ed23d30)
[0m15:38:22.910595 [debug] [Thread-2 (]: Began compiling node test.dbt_project.not_null_brnz_orders_order_id.2e8ed23d30
[0m15:38:22.914603 [debug] [Thread-2 (]: Writing injected SQL for node "test.dbt_project.not_null_brnz_orders_order_id.2e8ed23d30"
[0m15:38:22.915610 [debug] [Thread-1 (]: SQL status: BEGIN in 0.136 seconds
[0m15:38:22.916600 [debug] [Thread-1 (]: Using postgres connection "test.dbt_project.accepted_values_customer_metrics_churn_risk__Low__Medium__High.4663b7e822"
[0m15:38:22.916600 [debug] [Thread-2 (]: Began executing node test.dbt_project.not_null_brnz_orders_order_id.2e8ed23d30
[0m15:38:22.917597 [debug] [Thread-1 (]: On test.dbt_project.accepted_values_customer_metrics_churn_risk__Low__Medium__High.4663b7e822: /* {"app": "dbt", "dbt_version": "1.10.8", "profile_name": "dbt_project", "target_name": "dev", "node_id": "test.dbt_project.accepted_values_customer_metrics_churn_risk__Low__Medium__High.4663b7e822"} */

    select
      count(*) as failures,
      count(*) != 0 as should_warn,
      count(*) != 0 as should_error
    from (
      
    
  
    
    

with all_values as (

    select
        churn_risk as value_field,
        count(*) as n_records

    from "dbt_project".public.customer_metrics
    group by churn_risk

)

select *
from all_values
where value_field not in (
    'Low','Medium','High'
)



  
  
      
    ) dbt_internal_test
[0m15:38:22.920598 [debug] [Thread-2 (]: Writing runtime sql for node "test.dbt_project.not_null_brnz_orders_order_id.2e8ed23d30"
[0m15:38:22.922597 [debug] [Thread-2 (]: Using postgres connection "test.dbt_project.not_null_brnz_orders_order_id.2e8ed23d30"
[0m15:38:22.923596 [debug] [Thread-1 (]: SQL status: SELECT 1 in 0.002 seconds
[0m15:38:22.923596 [debug] [Thread-2 (]: On test.dbt_project.not_null_brnz_orders_order_id.2e8ed23d30: BEGIN
[0m15:38:22.925598 [debug] [Thread-1 (]: On test.dbt_project.accepted_values_customer_metrics_churn_risk__Low__Medium__High.4663b7e822: ROLLBACK
[0m15:38:22.926596 [debug] [Thread-2 (]: Opening a new connection, currently in state closed
[0m15:38:22.926596 [debug] [Thread-1 (]: On test.dbt_project.accepted_values_customer_metrics_churn_risk__Low__Medium__High.4663b7e822: Close
[0m15:38:22.928596 [info ] [Thread-1 (]: 1 of 27 PASS accepted_values_customer_metrics_churn_risk__Low__Medium__High .... [[32mPASS[0m in 0.23s]
[0m15:38:22.930600 [debug] [Thread-1 (]: Finished running node test.dbt_project.accepted_values_customer_metrics_churn_risk__Low__Medium__High.4663b7e822
[0m15:38:22.930600 [debug] [Thread-1 (]: Began running node test.dbt_project.not_null_customer_metrics_churn_risk.5d227c2a7c
[0m15:38:22.932598 [debug] [Thread-3 (]: SQL status: BEGIN in 0.150 seconds
[0m15:38:22.931597 [info ] [Thread-1 (]: 8 of 27 START test not_null_customer_metrics_churn_risk ........................ [RUN]
[0m15:38:22.932598 [debug] [Thread-3 (]: Using postgres connection "test.dbt_project.accepted_values_customer_metrics_rfm_segment__Champions__Loyal_Customers__Potential__At_Risk__Lost__Need_Attention.84a6bd543a"
[0m15:38:22.933599 [debug] [Thread-1 (]: Re-using an available connection from the pool (formerly test.dbt_project.accepted_values_customer_metrics_churn_risk__Low__Medium__High.4663b7e822, now test.dbt_project.not_null_customer_metrics_churn_risk.5d227c2a7c)
[0m15:38:22.934598 [debug] [Thread-3 (]: On test.dbt_project.accepted_values_customer_metrics_rfm_segment__Champions__Loyal_Customers__Potential__At_Risk__Lost__Need_Attention.84a6bd543a: /* {"app": "dbt", "dbt_version": "1.10.8", "profile_name": "dbt_project", "target_name": "dev", "node_id": "test.dbt_project.accepted_values_customer_metrics_rfm_segment__Champions__Loyal_Customers__Potential__At_Risk__Lost__Need_Attention.84a6bd543a"} */

    select
      count(*) as failures,
      count(*) != 0 as should_warn,
      count(*) != 0 as should_error
    from (
      
    
  
    
    

with all_values as (

    select
        rfm_segment as value_field,
        count(*) as n_records

    from "dbt_project".public.customer_metrics
    group by rfm_segment

)

select *
from all_values
where value_field not in (
    'Champions','Loyal Customers','Potential','At-Risk','Lost','Need Attention'
)



  
  
      
    ) dbt_internal_test
[0m15:38:22.935599 [debug] [Thread-1 (]: Began compiling node test.dbt_project.not_null_customer_metrics_churn_risk.5d227c2a7c
[0m15:38:22.940599 [debug] [Thread-1 (]: Writing injected SQL for node "test.dbt_project.not_null_customer_metrics_churn_risk.5d227c2a7c"
[0m15:38:22.941599 [debug] [Thread-3 (]: SQL status: SELECT 1 in 0.005 seconds
[0m15:38:22.943600 [debug] [Thread-3 (]: On test.dbt_project.accepted_values_customer_metrics_rfm_segment__Champions__Loyal_Customers__Potential__At_Risk__Lost__Need_Attention.84a6bd543a: ROLLBACK
[0m15:38:22.943600 [debug] [Thread-1 (]: Began executing node test.dbt_project.not_null_customer_metrics_churn_risk.5d227c2a7c
[0m15:38:22.944601 [debug] [Thread-3 (]: On test.dbt_project.accepted_values_customer_metrics_rfm_segment__Champions__Loyal_Customers__Potential__At_Risk__Lost__Need_Attention.84a6bd543a: Close
[0m15:38:22.947601 [debug] [Thread-1 (]: Writing runtime sql for node "test.dbt_project.not_null_customer_metrics_churn_risk.5d227c2a7c"
[0m15:38:22.948602 [info ] [Thread-3 (]: 3 of 27 PASS accepted_values_customer_metrics_rfm_segment__Champions__Loyal_Customers__Potential__At_Risk__Lost__Need_Attention  [[32mPASS[0m in 0.25s]
[0m15:38:22.949602 [debug] [Thread-3 (]: Finished running node test.dbt_project.accepted_values_customer_metrics_rfm_segment__Champions__Loyal_Customers__Potential__At_Risk__Lost__Need_Attention.84a6bd543a
[0m15:38:22.950602 [debug] [Thread-1 (]: Using postgres connection "test.dbt_project.not_null_customer_metrics_churn_risk.5d227c2a7c"
[0m15:38:22.951603 [debug] [Thread-3 (]: Began running node test.dbt_project.not_null_customer_metrics_customer_id.e9f6122c87
[0m15:38:22.951603 [debug] [Thread-1 (]: On test.dbt_project.not_null_customer_metrics_churn_risk.5d227c2a7c: BEGIN
[0m15:38:22.952602 [info ] [Thread-3 (]: 9 of 27 START test not_null_customer_metrics_customer_id ....................... [RUN]
[0m15:38:22.953603 [debug] [Thread-1 (]: Opening a new connection, currently in state closed
[0m15:38:22.953603 [debug] [Thread-3 (]: Re-using an available connection from the pool (formerly test.dbt_project.accepted_values_customer_metrics_rfm_segment__Champions__Loyal_Customers__Potential__At_Risk__Lost__Need_Attention.84a6bd543a, now test.dbt_project.not_null_customer_metrics_customer_id.e9f6122c87)
[0m15:38:22.954603 [debug] [Thread-3 (]: Began compiling node test.dbt_project.not_null_customer_metrics_customer_id.e9f6122c87
[0m15:38:22.959603 [debug] [Thread-3 (]: Writing injected SQL for node "test.dbt_project.not_null_customer_metrics_customer_id.e9f6122c87"
[0m15:38:22.960604 [debug] [Thread-3 (]: Began executing node test.dbt_project.not_null_customer_metrics_customer_id.e9f6122c87
[0m15:38:22.964608 [debug] [Thread-3 (]: Writing runtime sql for node "test.dbt_project.not_null_customer_metrics_customer_id.e9f6122c87"
[0m15:38:22.966607 [debug] [Thread-3 (]: Using postgres connection "test.dbt_project.not_null_customer_metrics_customer_id.e9f6122c87"
[0m15:38:22.966607 [debug] [Thread-3 (]: On test.dbt_project.not_null_customer_metrics_customer_id.e9f6122c87: BEGIN
[0m15:38:22.967607 [debug] [Thread-3 (]: Opening a new connection, currently in state closed
[0m15:38:22.989614 [debug] [Thread-1 (]: SQL status: BEGIN in 0.037 seconds
[0m15:38:22.990614 [debug] [Thread-1 (]: Using postgres connection "test.dbt_project.not_null_customer_metrics_churn_risk.5d227c2a7c"
[0m15:38:22.991614 [debug] [Thread-1 (]: On test.dbt_project.not_null_customer_metrics_churn_risk.5d227c2a7c: /* {"app": "dbt", "dbt_version": "1.10.8", "profile_name": "dbt_project", "target_name": "dev", "node_id": "test.dbt_project.not_null_customer_metrics_churn_risk.5d227c2a7c"} */

    select
      count(*) as failures,
      count(*) != 0 as should_warn,
      count(*) != 0 as should_error
    from (
      
    
  
    
    



select churn_risk
from "dbt_project".public.customer_metrics
where churn_risk is null



  
  
      
    ) dbt_internal_test
[0m15:38:22.993614 [debug] [Thread-1 (]: SQL status: SELECT 1 in 0.001 seconds
[0m15:38:22.995625 [debug] [Thread-1 (]: On test.dbt_project.not_null_customer_metrics_churn_risk.5d227c2a7c: ROLLBACK
[0m15:38:22.995625 [debug] [Thread-1 (]: On test.dbt_project.not_null_customer_metrics_churn_risk.5d227c2a7c: Close
[0m15:38:22.997618 [info ] [Thread-1 (]: 8 of 27 PASS not_null_customer_metrics_churn_risk .............................. [[32mPASS[0m in 0.06s]
[0m15:38:22.998614 [debug] [Thread-1 (]: Finished running node test.dbt_project.not_null_customer_metrics_churn_risk.5d227c2a7c
[0m15:38:22.999613 [debug] [Thread-1 (]: Began running node test.dbt_project.not_null_customer_metrics_customer_status.07e59b2992
[0m15:38:23.000613 [info ] [Thread-1 (]: 10 of 27 START test not_null_customer_metrics_customer_status .................. [RUN]
[0m15:38:23.001613 [debug] [Thread-1 (]: Re-using an available connection from the pool (formerly test.dbt_project.not_null_customer_metrics_churn_risk.5d227c2a7c, now test.dbt_project.not_null_customer_metrics_customer_status.07e59b2992)
[0m15:38:23.002616 [debug] [Thread-1 (]: Began compiling node test.dbt_project.not_null_customer_metrics_customer_status.07e59b2992
[0m15:38:23.002616 [debug] [Thread-3 (]: SQL status: BEGIN in 0.035 seconds
[0m15:38:23.007614 [debug] [Thread-1 (]: Writing injected SQL for node "test.dbt_project.not_null_customer_metrics_customer_status.07e59b2992"
[0m15:38:23.008615 [debug] [Thread-3 (]: Using postgres connection "test.dbt_project.not_null_customer_metrics_customer_id.e9f6122c87"
[0m15:38:23.009615 [debug] [Thread-3 (]: On test.dbt_project.not_null_customer_metrics_customer_id.e9f6122c87: /* {"app": "dbt", "dbt_version": "1.10.8", "profile_name": "dbt_project", "target_name": "dev", "node_id": "test.dbt_project.not_null_customer_metrics_customer_id.e9f6122c87"} */

    select
      count(*) as failures,
      count(*) != 0 as should_warn,
      count(*) != 0 as should_error
    from (
      
    
  
    
    



select customer_id
from "dbt_project".public.customer_metrics
where customer_id is null



  
  
      
    ) dbt_internal_test
[0m15:38:23.009615 [debug] [Thread-1 (]: Began executing node test.dbt_project.not_null_customer_metrics_customer_status.07e59b2992
[0m15:38:23.012615 [debug] [Thread-1 (]: Writing runtime sql for node "test.dbt_project.not_null_customer_metrics_customer_status.07e59b2992"
[0m15:38:23.013615 [debug] [Thread-3 (]: SQL status: SELECT 1 in 0.003 seconds
[0m15:38:23.013615 [debug] [Thread-4 (]: SQL status: BEGIN in 0.140 seconds
[0m15:38:23.016616 [debug] [Thread-3 (]: On test.dbt_project.not_null_customer_metrics_customer_id.e9f6122c87: ROLLBACK
[0m15:38:23.016616 [debug] [Thread-1 (]: Using postgres connection "test.dbt_project.not_null_customer_metrics_customer_status.07e59b2992"
[0m15:38:23.017617 [debug] [Thread-4 (]: Using postgres connection "test.dbt_project.not_null_brnz_orders_customer_id.a7693da971"
[0m15:38:23.017617 [debug] [Thread-3 (]: On test.dbt_project.not_null_customer_metrics_customer_id.e9f6122c87: Close
[0m15:38:23.018618 [debug] [Thread-1 (]: On test.dbt_project.not_null_customer_metrics_customer_status.07e59b2992: BEGIN
[0m15:38:23.018618 [debug] [Thread-4 (]: On test.dbt_project.not_null_brnz_orders_customer_id.a7693da971: /* {"app": "dbt", "dbt_version": "1.10.8", "profile_name": "dbt_project", "target_name": "dev", "node_id": "test.dbt_project.not_null_brnz_orders_customer_id.a7693da971"} */

    select
      count(*) as failures,
      count(*) != 0 as should_warn,
      count(*) != 0 as should_error
    from (
      
    
  
    
    



select customer_id
from "dbt_project".public.brnz_orders
where customer_id is null



  
  
      
    ) dbt_internal_test
[0m15:38:23.019617 [info ] [Thread-3 (]: 9 of 27 PASS not_null_customer_metrics_customer_id ............................. [[32mPASS[0m in 0.07s]
[0m15:38:23.020617 [debug] [Thread-1 (]: Opening a new connection, currently in state closed
[0m15:38:23.021618 [debug] [Thread-3 (]: Finished running node test.dbt_project.not_null_customer_metrics_customer_id.e9f6122c87
[0m15:38:23.022618 [debug] [Thread-4 (]: SQL status: SELECT 1 in 0.001 seconds
[0m15:38:23.023620 [debug] [Thread-3 (]: Began running node test.dbt_project.not_null_customer_metrics_health_score.92a30d5301
[0m15:38:23.025627 [debug] [Thread-4 (]: On test.dbt_project.not_null_brnz_orders_customer_id.a7693da971: ROLLBACK
[0m15:38:23.026621 [info ] [Thread-3 (]: 11 of 27 START test not_null_customer_metrics_health_score ..................... [RUN]
[0m15:38:23.027629 [debug] [Thread-4 (]: On test.dbt_project.not_null_brnz_orders_customer_id.a7693da971: Close
[0m15:38:23.027629 [debug] [Thread-3 (]: Re-using an available connection from the pool (formerly test.dbt_project.not_null_customer_metrics_customer_id.e9f6122c87, now test.dbt_project.not_null_customer_metrics_health_score.92a30d5301)
[0m15:38:23.028623 [info ] [Thread-4 (]: 6 of 27 PASS not_null_brnz_orders_customer_id .................................. [[32mPASS[0m in 0.17s]
[0m15:38:23.029623 [debug] [Thread-3 (]: Began compiling node test.dbt_project.not_null_customer_metrics_health_score.92a30d5301
[0m15:38:23.031623 [debug] [Thread-4 (]: Finished running node test.dbt_project.not_null_brnz_orders_customer_id.a7693da971
[0m15:38:23.036625 [debug] [Thread-3 (]: Writing injected SQL for node "test.dbt_project.not_null_customer_metrics_health_score.92a30d5301"
[0m15:38:23.036625 [debug] [Thread-4 (]: Began running node test.dbt_project.not_null_customer_metrics_rfm_segment.4aacc6df7f
[0m15:38:23.037623 [info ] [Thread-4 (]: 12 of 27 START test not_null_customer_metrics_rfm_segment ...................... [RUN]
[0m15:38:23.038624 [debug] [Thread-3 (]: Began executing node test.dbt_project.not_null_customer_metrics_health_score.92a30d5301
[0m15:38:23.039624 [debug] [Thread-4 (]: Re-using an available connection from the pool (formerly test.dbt_project.not_null_brnz_orders_customer_id.a7693da971, now test.dbt_project.not_null_customer_metrics_rfm_segment.4aacc6df7f)
[0m15:38:23.042626 [debug] [Thread-3 (]: Writing runtime sql for node "test.dbt_project.not_null_customer_metrics_health_score.92a30d5301"
[0m15:38:23.043626 [debug] [Thread-4 (]: Began compiling node test.dbt_project.not_null_customer_metrics_rfm_segment.4aacc6df7f
[0m15:38:23.048627 [debug] [Thread-4 (]: Writing injected SQL for node "test.dbt_project.not_null_customer_metrics_rfm_segment.4aacc6df7f"
[0m15:38:23.049627 [debug] [Thread-3 (]: Using postgres connection "test.dbt_project.not_null_customer_metrics_health_score.92a30d5301"
[0m15:38:23.050626 [debug] [Thread-3 (]: On test.dbt_project.not_null_customer_metrics_health_score.92a30d5301: BEGIN
[0m15:38:23.051629 [debug] [Thread-3 (]: Opening a new connection, currently in state closed
[0m15:38:23.051629 [debug] [Thread-4 (]: Began executing node test.dbt_project.not_null_customer_metrics_rfm_segment.4aacc6df7f
[0m15:38:23.054628 [debug] [Thread-4 (]: Writing runtime sql for node "test.dbt_project.not_null_customer_metrics_rfm_segment.4aacc6df7f"
[0m15:38:23.056628 [debug] [Thread-4 (]: Using postgres connection "test.dbt_project.not_null_customer_metrics_rfm_segment.4aacc6df7f"
[0m15:38:23.057628 [debug] [Thread-4 (]: On test.dbt_project.not_null_customer_metrics_rfm_segment.4aacc6df7f: BEGIN
[0m15:38:23.058628 [debug] [Thread-1 (]: SQL status: BEGIN in 0.038 seconds
[0m15:38:23.059631 [debug] [Thread-4 (]: Opening a new connection, currently in state closed
[0m15:38:23.060630 [debug] [Thread-1 (]: Using postgres connection "test.dbt_project.not_null_customer_metrics_customer_status.07e59b2992"
[0m15:38:23.062630 [debug] [Thread-1 (]: On test.dbt_project.not_null_customer_metrics_customer_status.07e59b2992: /* {"app": "dbt", "dbt_version": "1.10.8", "profile_name": "dbt_project", "target_name": "dev", "node_id": "test.dbt_project.not_null_customer_metrics_customer_status.07e59b2992"} */

    select
      count(*) as failures,
      count(*) != 0 as should_warn,
      count(*) != 0 as should_error
    from (
      
    
  
    
    



select customer_status
from "dbt_project".public.customer_metrics
where customer_status is null



  
  
      
    ) dbt_internal_test
[0m15:38:23.065630 [debug] [Thread-1 (]: SQL status: SELECT 1 in 0.002 seconds
[0m15:38:23.067632 [debug] [Thread-1 (]: On test.dbt_project.not_null_customer_metrics_customer_status.07e59b2992: ROLLBACK
[0m15:38:23.068635 [debug] [Thread-1 (]: On test.dbt_project.not_null_customer_metrics_customer_status.07e59b2992: Close
[0m15:38:23.070632 [info ] [Thread-1 (]: 10 of 27 PASS not_null_customer_metrics_customer_status ........................ [[32mPASS[0m in 0.07s]
[0m15:38:23.071632 [debug] [Thread-1 (]: Finished running node test.dbt_project.not_null_customer_metrics_customer_status.07e59b2992
[0m15:38:23.072633 [debug] [Thread-1 (]: Began running node test.dbt_project.not_null_stg_customers_customer_id.e2cfb1f9aa
[0m15:38:23.073632 [info ] [Thread-1 (]: 13 of 27 START test not_null_stg_customers_customer_id ......................... [RUN]
[0m15:38:23.074633 [debug] [Thread-1 (]: Re-using an available connection from the pool (formerly test.dbt_project.not_null_customer_metrics_customer_status.07e59b2992, now test.dbt_project.not_null_stg_customers_customer_id.e2cfb1f9aa)
[0m15:38:23.075632 [debug] [Thread-1 (]: Began compiling node test.dbt_project.not_null_stg_customers_customer_id.e2cfb1f9aa
[0m15:38:23.083633 [debug] [Thread-1 (]: Writing injected SQL for node "test.dbt_project.not_null_stg_customers_customer_id.e2cfb1f9aa"
[0m15:38:23.084634 [debug] [Thread-2 (]: SQL status: BEGIN in 0.159 seconds
[0m15:38:23.085638 [debug] [Thread-2 (]: Using postgres connection "test.dbt_project.not_null_brnz_orders_order_id.2e8ed23d30"
[0m15:38:23.086635 [debug] [Thread-1 (]: Began executing node test.dbt_project.not_null_stg_customers_customer_id.e2cfb1f9aa
[0m15:38:23.086635 [debug] [Thread-2 (]: On test.dbt_project.not_null_brnz_orders_order_id.2e8ed23d30: /* {"app": "dbt", "dbt_version": "1.10.8", "profile_name": "dbt_project", "target_name": "dev", "node_id": "test.dbt_project.not_null_brnz_orders_order_id.2e8ed23d30"} */

    select
      count(*) as failures,
      count(*) != 0 as should_warn,
      count(*) != 0 as should_error
    from (
      
    
  
    
    



select order_id
from "dbt_project".public.brnz_orders
where order_id is null



  
  
      
    ) dbt_internal_test
[0m15:38:23.090636 [debug] [Thread-1 (]: Writing runtime sql for node "test.dbt_project.not_null_stg_customers_customer_id.e2cfb1f9aa"
[0m15:38:23.093635 [debug] [Thread-1 (]: Using postgres connection "test.dbt_project.not_null_stg_customers_customer_id.e2cfb1f9aa"
[0m15:38:23.093635 [debug] [Thread-2 (]: SQL status: SELECT 1 in 0.002 seconds
[0m15:38:23.094636 [debug] [Thread-3 (]: SQL status: BEGIN in 0.043 seconds
[0m15:38:23.094636 [debug] [Thread-1 (]: On test.dbt_project.not_null_stg_customers_customer_id.e2cfb1f9aa: BEGIN
[0m15:38:23.096638 [debug] [Thread-2 (]: On test.dbt_project.not_null_brnz_orders_order_id.2e8ed23d30: ROLLBACK
[0m15:38:23.096638 [debug] [Thread-3 (]: Using postgres connection "test.dbt_project.not_null_customer_metrics_health_score.92a30d5301"
[0m15:38:23.097638 [debug] [Thread-1 (]: Opening a new connection, currently in state closed
[0m15:38:23.098638 [debug] [Thread-2 (]: On test.dbt_project.not_null_brnz_orders_order_id.2e8ed23d30: Close
[0m15:38:23.099637 [debug] [Thread-3 (]: On test.dbt_project.not_null_customer_metrics_health_score.92a30d5301: /* {"app": "dbt", "dbt_version": "1.10.8", "profile_name": "dbt_project", "target_name": "dev", "node_id": "test.dbt_project.not_null_customer_metrics_health_score.92a30d5301"} */

    select
      count(*) as failures,
      count(*) != 0 as should_warn,
      count(*) != 0 as should_error
    from (
      
    
  
    
    



select health_score
from "dbt_project".public.customer_metrics
where health_score is null



  
  
      
    ) dbt_internal_test
[0m15:38:23.100639 [info ] [Thread-2 (]: 7 of 27 PASS not_null_brnz_orders_order_id ..................................... [[32mPASS[0m in 0.19s]
[0m15:38:23.102639 [debug] [Thread-2 (]: Finished running node test.dbt_project.not_null_brnz_orders_order_id.2e8ed23d30
[0m15:38:23.103640 [debug] [Thread-2 (]: Began running node test.dbt_project.not_null_stg_customers_customer_name.5c92a78a60
[0m15:38:23.104642 [debug] [Thread-3 (]: SQL status: SELECT 1 in 0.003 seconds
[0m15:38:23.105638 [debug] [Thread-4 (]: SQL status: BEGIN in 0.046 seconds
[0m15:38:23.105638 [info ] [Thread-2 (]: 14 of 27 START test not_null_stg_customers_customer_name ....................... [RUN]
[0m15:38:23.108641 [debug] [Thread-3 (]: On test.dbt_project.not_null_customer_metrics_health_score.92a30d5301: ROLLBACK
[0m15:38:23.109962 [debug] [Thread-4 (]: Using postgres connection "test.dbt_project.not_null_customer_metrics_rfm_segment.4aacc6df7f"
[0m15:38:23.110957 [debug] [Thread-2 (]: Re-using an available connection from the pool (formerly test.dbt_project.not_null_brnz_orders_order_id.2e8ed23d30, now test.dbt_project.not_null_stg_customers_customer_name.5c92a78a60)
[0m15:38:23.111957 [debug] [Thread-3 (]: On test.dbt_project.not_null_customer_metrics_health_score.92a30d5301: Close
[0m15:38:23.112957 [debug] [Thread-4 (]: On test.dbt_project.not_null_customer_metrics_rfm_segment.4aacc6df7f: /* {"app": "dbt", "dbt_version": "1.10.8", "profile_name": "dbt_project", "target_name": "dev", "node_id": "test.dbt_project.not_null_customer_metrics_rfm_segment.4aacc6df7f"} */

    select
      count(*) as failures,
      count(*) != 0 as should_warn,
      count(*) != 0 as should_error
    from (
      
    
  
    
    



select rfm_segment
from "dbt_project".public.customer_metrics
where rfm_segment is null



  
  
      
    ) dbt_internal_test
[0m15:38:23.112957 [debug] [Thread-2 (]: Began compiling node test.dbt_project.not_null_stg_customers_customer_name.5c92a78a60
[0m15:38:23.113958 [info ] [Thread-3 (]: 11 of 27 PASS not_null_customer_metrics_health_score ........................... [[32mPASS[0m in 0.09s]
[0m15:38:23.119958 [debug] [Thread-2 (]: Writing injected SQL for node "test.dbt_project.not_null_stg_customers_customer_name.5c92a78a60"
[0m15:38:23.119958 [debug] [Thread-4 (]: SQL status: SELECT 1 in 0.005 seconds
[0m15:38:23.120959 [debug] [Thread-3 (]: Finished running node test.dbt_project.not_null_customer_metrics_health_score.92a30d5301
[0m15:38:23.122960 [debug] [Thread-4 (]: On test.dbt_project.not_null_customer_metrics_rfm_segment.4aacc6df7f: ROLLBACK
[0m15:38:23.126963 [debug] [Thread-4 (]: On test.dbt_project.not_null_customer_metrics_rfm_segment.4aacc6df7f: Close
[0m15:38:23.124960 [debug] [Thread-3 (]: Began running node test.dbt_project.not_null_stg_orders_customer_id.af79d5e4b5
[0m15:38:23.123961 [debug] [Thread-2 (]: Began executing node test.dbt_project.not_null_stg_customers_customer_name.5c92a78a60
[0m15:38:23.128962 [info ] [Thread-4 (]: 12 of 27 PASS not_null_customer_metrics_rfm_segment ............................ [[32mPASS[0m in 0.09s]
[0m15:38:23.135964 [debug] [Thread-4 (]: Finished running node test.dbt_project.not_null_customer_metrics_rfm_segment.4aacc6df7f
[0m15:38:23.129963 [info ] [Thread-3 (]: 15 of 27 START test not_null_stg_orders_customer_id ............................ [RUN]
[0m15:38:23.136963 [debug] [Thread-4 (]: Began running node test.dbt_project.not_null_stg_orders_order_date.2177a3e8bb
[0m15:38:23.134965 [debug] [Thread-2 (]: Writing runtime sql for node "test.dbt_project.not_null_stg_customers_customer_name.5c92a78a60"
[0m15:38:23.138965 [debug] [Thread-3 (]: Re-using an available connection from the pool (formerly test.dbt_project.not_null_customer_metrics_health_score.92a30d5301, now test.dbt_project.not_null_stg_orders_customer_id.af79d5e4b5)
[0m15:38:23.139965 [info ] [Thread-4 (]: 16 of 27 START test not_null_stg_orders_order_date ............................. [RUN]
[0m15:38:23.140965 [debug] [Thread-3 (]: Began compiling node test.dbt_project.not_null_stg_orders_customer_id.af79d5e4b5
[0m15:38:23.141965 [debug] [Thread-1 (]: SQL status: BEGIN in 0.044 seconds
[0m15:38:23.142965 [debug] [Thread-4 (]: Re-using an available connection from the pool (formerly test.dbt_project.not_null_customer_metrics_rfm_segment.4aacc6df7f, now test.dbt_project.not_null_stg_orders_order_date.2177a3e8bb)
[0m15:38:23.143966 [debug] [Thread-2 (]: Using postgres connection "test.dbt_project.not_null_stg_customers_customer_name.5c92a78a60"
[0m15:38:23.148965 [debug] [Thread-3 (]: Writing injected SQL for node "test.dbt_project.not_null_stg_orders_customer_id.af79d5e4b5"
[0m15:38:23.149967 [debug] [Thread-1 (]: Using postgres connection "test.dbt_project.not_null_stg_customers_customer_id.e2cfb1f9aa"
[0m15:38:23.151967 [debug] [Thread-4 (]: Began compiling node test.dbt_project.not_null_stg_orders_order_date.2177a3e8bb
[0m15:38:23.152968 [debug] [Thread-2 (]: On test.dbt_project.not_null_stg_customers_customer_name.5c92a78a60: BEGIN
[0m15:38:23.154968 [debug] [Thread-1 (]: On test.dbt_project.not_null_stg_customers_customer_id.e2cfb1f9aa: /* {"app": "dbt", "dbt_version": "1.10.8", "profile_name": "dbt_project", "target_name": "dev", "node_id": "test.dbt_project.not_null_stg_customers_customer_id.e2cfb1f9aa"} */

    select
      count(*) as failures,
      count(*) != 0 as should_warn,
      count(*) != 0 as should_error
    from (
      
    
  
    
    



select customer_id
from "dbt_project".public.stg_customers
where customer_id is null



  
  
      
    ) dbt_internal_test
[0m15:38:23.155968 [debug] [Thread-3 (]: Began executing node test.dbt_project.not_null_stg_orders_customer_id.af79d5e4b5
[0m15:38:23.163971 [debug] [Thread-4 (]: Writing injected SQL for node "test.dbt_project.not_null_stg_orders_order_date.2177a3e8bb"
[0m15:38:23.164972 [debug] [Thread-2 (]: Opening a new connection, currently in state closed
[0m15:38:23.169972 [debug] [Thread-3 (]: Writing runtime sql for node "test.dbt_project.not_null_stg_orders_customer_id.af79d5e4b5"
[0m15:38:23.170970 [debug] [Thread-1 (]: SQL status: SELECT 1 in 0.005 seconds
[0m15:38:23.172971 [debug] [Thread-4 (]: Began executing node test.dbt_project.not_null_stg_orders_order_date.2177a3e8bb
[0m15:38:23.175975 [debug] [Thread-1 (]: On test.dbt_project.not_null_stg_customers_customer_id.e2cfb1f9aa: ROLLBACK
[0m15:38:23.179975 [debug] [Thread-4 (]: Writing runtime sql for node "test.dbt_project.not_null_stg_orders_order_date.2177a3e8bb"
[0m15:38:23.180973 [debug] [Thread-3 (]: Using postgres connection "test.dbt_project.not_null_stg_orders_customer_id.af79d5e4b5"
[0m15:38:23.181973 [debug] [Thread-1 (]: On test.dbt_project.not_null_stg_customers_customer_id.e2cfb1f9aa: Close
[0m15:38:23.182973 [debug] [Thread-3 (]: On test.dbt_project.not_null_stg_orders_customer_id.af79d5e4b5: BEGIN
[0m15:38:23.183974 [debug] [Thread-4 (]: Using postgres connection "test.dbt_project.not_null_stg_orders_order_date.2177a3e8bb"
[0m15:38:23.184974 [info ] [Thread-1 (]: 13 of 27 PASS not_null_stg_customers_customer_id ............................... [[32mPASS[0m in 0.11s]
[0m15:38:23.185976 [debug] [Thread-3 (]: Opening a new connection, currently in state closed
[0m15:38:23.185976 [debug] [Thread-4 (]: On test.dbt_project.not_null_stg_orders_order_date.2177a3e8bb: BEGIN
[0m15:38:23.186974 [debug] [Thread-1 (]: Finished running node test.dbt_project.not_null_stg_customers_customer_id.e2cfb1f9aa
[0m15:38:23.187976 [debug] [Thread-4 (]: Opening a new connection, currently in state closed
[0m15:38:23.188975 [debug] [Thread-1 (]: Began running node test.dbt_project.not_null_stg_orders_order_id.81cfe2fe64
[0m15:38:23.189975 [info ] [Thread-1 (]: 17 of 27 START test not_null_stg_orders_order_id ............................... [RUN]
[0m15:38:23.190976 [debug] [Thread-1 (]: Re-using an available connection from the pool (formerly test.dbt_project.not_null_stg_customers_customer_id.e2cfb1f9aa, now test.dbt_project.not_null_stg_orders_order_id.81cfe2fe64)
[0m15:38:23.191975 [debug] [Thread-1 (]: Began compiling node test.dbt_project.not_null_stg_orders_order_id.81cfe2fe64
[0m15:38:23.198977 [debug] [Thread-1 (]: Writing injected SQL for node "test.dbt_project.not_null_stg_orders_order_id.81cfe2fe64"
[0m15:38:23.200978 [debug] [Thread-1 (]: Began executing node test.dbt_project.not_null_stg_orders_order_id.81cfe2fe64
[0m15:38:23.204978 [debug] [Thread-1 (]: Writing runtime sql for node "test.dbt_project.not_null_stg_orders_order_id.81cfe2fe64"
[0m15:38:23.206980 [debug] [Thread-1 (]: Using postgres connection "test.dbt_project.not_null_stg_orders_order_id.81cfe2fe64"
[0m15:38:23.207981 [debug] [Thread-1 (]: On test.dbt_project.not_null_stg_orders_order_id.81cfe2fe64: BEGIN
[0m15:38:23.208981 [debug] [Thread-1 (]: Opening a new connection, currently in state closed
[0m15:38:23.214981 [debug] [Thread-2 (]: SQL status: BEGIN in 0.050 seconds
[0m15:38:23.215981 [debug] [Thread-2 (]: Using postgres connection "test.dbt_project.not_null_stg_customers_customer_name.5c92a78a60"
[0m15:38:23.216981 [debug] [Thread-2 (]: On test.dbt_project.not_null_stg_customers_customer_name.5c92a78a60: /* {"app": "dbt", "dbt_version": "1.10.8", "profile_name": "dbt_project", "target_name": "dev", "node_id": "test.dbt_project.not_null_stg_customers_customer_name.5c92a78a60"} */

    select
      count(*) as failures,
      count(*) != 0 as should_warn,
      count(*) != 0 as should_error
    from (
      
    
  
    
    



select customer_name
from "dbt_project".public.stg_customers
where customer_name is null



  
  
      
    ) dbt_internal_test
[0m15:38:23.221984 [debug] [Thread-2 (]: SQL status: SELECT 1 in 0.004 seconds
[0m15:38:23.223985 [debug] [Thread-2 (]: On test.dbt_project.not_null_stg_customers_customer_name.5c92a78a60: ROLLBACK
[0m15:38:23.225986 [debug] [Thread-2 (]: On test.dbt_project.not_null_stg_customers_customer_name.5c92a78a60: Close
[0m15:38:23.227986 [info ] [Thread-2 (]: 14 of 27 PASS not_null_stg_customers_customer_name ............................. [[32mPASS[0m in 0.12s]
[0m15:38:23.229984 [debug] [Thread-2 (]: Finished running node test.dbt_project.not_null_stg_customers_customer_name.5c92a78a60
[0m15:38:23.230985 [debug] [Thread-2 (]: Began running node test.dbt_project.relationships_stg_orders_customer_id__customer_id__ref_stg_customers_.430bf21500
[0m15:38:23.232984 [info ] [Thread-2 (]: 18 of 27 START test relationships_stg_orders_customer_id__customer_id__ref_stg_customers_  [RUN]
[0m15:38:23.233986 [debug] [Thread-2 (]: Re-using an available connection from the pool (formerly test.dbt_project.not_null_stg_customers_customer_name.5c92a78a60, now test.dbt_project.relationships_stg_orders_customer_id__customer_id__ref_stg_customers_.430bf21500)
[0m15:38:23.234988 [debug] [Thread-2 (]: Began compiling node test.dbt_project.relationships_stg_orders_customer_id__customer_id__ref_stg_customers_.430bf21500
[0m15:38:23.235985 [debug] [Thread-4 (]: SQL status: BEGIN in 0.047 seconds
[0m15:38:23.246987 [debug] [Thread-2 (]: Writing injected SQL for node "test.dbt_project.relationships_stg_orders_customer_id__customer_id__ref_stg_customers_.430bf21500"
[0m15:38:23.247987 [debug] [Thread-4 (]: Using postgres connection "test.dbt_project.not_null_stg_orders_order_date.2177a3e8bb"
[0m15:38:23.248988 [debug] [Thread-4 (]: On test.dbt_project.not_null_stg_orders_order_date.2177a3e8bb: /* {"app": "dbt", "dbt_version": "1.10.8", "profile_name": "dbt_project", "target_name": "dev", "node_id": "test.dbt_project.not_null_stg_orders_order_date.2177a3e8bb"} */

    select
      count(*) as failures,
      count(*) != 0 as should_warn,
      count(*) != 0 as should_error
    from (
      
    
  
    
    



select order_date
from "dbt_project".public.stg_orders
where order_date is null



  
  
      
    ) dbt_internal_test
[0m15:38:23.249988 [debug] [Thread-2 (]: Began executing node test.dbt_project.relationships_stg_orders_customer_id__customer_id__ref_stg_customers_.430bf21500
[0m15:38:23.253991 [debug] [Thread-2 (]: Writing runtime sql for node "test.dbt_project.relationships_stg_orders_customer_id__customer_id__ref_stg_customers_.430bf21500"
[0m15:38:23.254990 [debug] [Thread-4 (]: SQL status: SELECT 1 in 0.004 seconds
[0m15:38:23.254990 [debug] [Thread-1 (]: SQL status: BEGIN in 0.046 seconds
[0m15:38:23.257990 [debug] [Thread-4 (]: On test.dbt_project.not_null_stg_orders_order_date.2177a3e8bb: ROLLBACK
[0m15:38:23.258991 [debug] [Thread-2 (]: Using postgres connection "test.dbt_project.relationships_stg_orders_customer_id__customer_id__ref_stg_customers_.430bf21500"
[0m15:38:23.258991 [debug] [Thread-1 (]: Using postgres connection "test.dbt_project.not_null_stg_orders_order_id.81cfe2fe64"
[0m15:38:23.259992 [debug] [Thread-4 (]: On test.dbt_project.not_null_stg_orders_order_date.2177a3e8bb: Close
[0m15:38:23.260991 [debug] [Thread-2 (]: On test.dbt_project.relationships_stg_orders_customer_id__customer_id__ref_stg_customers_.430bf21500: BEGIN
[0m15:38:23.260991 [debug] [Thread-1 (]: On test.dbt_project.not_null_stg_orders_order_id.81cfe2fe64: /* {"app": "dbt", "dbt_version": "1.10.8", "profile_name": "dbt_project", "target_name": "dev", "node_id": "test.dbt_project.not_null_stg_orders_order_id.81cfe2fe64"} */

    select
      count(*) as failures,
      count(*) != 0 as should_warn,
      count(*) != 0 as should_error
    from (
      
    
  
    
    



select order_id
from "dbt_project".public.stg_orders
where order_id is null



  
  
      
    ) dbt_internal_test
[0m15:38:23.262993 [info ] [Thread-4 (]: 16 of 27 PASS not_null_stg_orders_order_date ................................... [[32mPASS[0m in 0.12s]
[0m15:38:23.263992 [debug] [Thread-2 (]: Opening a new connection, currently in state closed
[0m15:38:23.264991 [debug] [Thread-4 (]: Finished running node test.dbt_project.not_null_stg_orders_order_date.2177a3e8bb
[0m15:38:23.266993 [debug] [Thread-4 (]: Began running node test.dbt_project.source_not_null_raw_customers_customer_id.e869432dbb
[0m15:38:23.266993 [debug] [Thread-1 (]: SQL status: SELECT 1 in 0.002 seconds
[0m15:38:23.267993 [info ] [Thread-4 (]: 19 of 27 START test source_not_null_raw_customers_customer_id .................. [RUN]
[0m15:38:23.269993 [debug] [Thread-1 (]: On test.dbt_project.not_null_stg_orders_order_id.81cfe2fe64: ROLLBACK
[0m15:38:23.270995 [debug] [Thread-4 (]: Re-using an available connection from the pool (formerly test.dbt_project.not_null_stg_orders_order_date.2177a3e8bb, now test.dbt_project.source_not_null_raw_customers_customer_id.e869432dbb)
[0m15:38:23.271993 [debug] [Thread-1 (]: On test.dbt_project.not_null_stg_orders_order_id.81cfe2fe64: Close
[0m15:38:23.272994 [debug] [Thread-4 (]: Began compiling node test.dbt_project.source_not_null_raw_customers_customer_id.e869432dbb
[0m15:38:23.273994 [info ] [Thread-1 (]: 17 of 27 PASS not_null_stg_orders_order_id ..................................... [[32mPASS[0m in 0.08s]
[0m15:38:23.280997 [debug] [Thread-4 (]: Writing injected SQL for node "test.dbt_project.source_not_null_raw_customers_customer_id.e869432dbb"
[0m15:38:23.281996 [debug] [Thread-1 (]: Finished running node test.dbt_project.not_null_stg_orders_order_id.81cfe2fe64
[0m15:38:23.282995 [debug] [Thread-1 (]: Began running node test.dbt_project.source_unique_raw_customers_customer_id.3579d23017
[0m15:38:23.283996 [debug] [Thread-4 (]: Began executing node test.dbt_project.source_not_null_raw_customers_customer_id.e869432dbb
[0m15:38:23.284996 [info ] [Thread-1 (]: 20 of 27 START test source_unique_raw_customers_customer_id .................... [RUN]
[0m15:38:23.288997 [debug] [Thread-4 (]: Writing runtime sql for node "test.dbt_project.source_not_null_raw_customers_customer_id.e869432dbb"
[0m15:38:23.289999 [debug] [Thread-1 (]: Re-using an available connection from the pool (formerly test.dbt_project.not_null_stg_orders_order_id.81cfe2fe64, now test.dbt_project.source_unique_raw_customers_customer_id.3579d23017)
[0m15:38:23.290999 [debug] [Thread-1 (]: Began compiling node test.dbt_project.source_unique_raw_customers_customer_id.3579d23017
[0m15:38:23.291998 [debug] [Thread-4 (]: Using postgres connection "test.dbt_project.source_not_null_raw_customers_customer_id.e869432dbb"
[0m15:38:23.297997 [debug] [Thread-1 (]: Writing injected SQL for node "test.dbt_project.source_unique_raw_customers_customer_id.3579d23017"
[0m15:38:23.299003 [debug] [Thread-4 (]: On test.dbt_project.source_not_null_raw_customers_customer_id.e869432dbb: BEGIN
[0m15:38:23.300002 [debug] [Thread-4 (]: Opening a new connection, currently in state closed
[0m15:38:23.301000 [debug] [Thread-1 (]: Began executing node test.dbt_project.source_unique_raw_customers_customer_id.3579d23017
[0m15:38:23.303002 [debug] [Thread-1 (]: Writing runtime sql for node "test.dbt_project.source_unique_raw_customers_customer_id.3579d23017"
[0m15:38:23.305002 [debug] [Thread-1 (]: Using postgres connection "test.dbt_project.source_unique_raw_customers_customer_id.3579d23017"
[0m15:38:23.307001 [debug] [Thread-1 (]: On test.dbt_project.source_unique_raw_customers_customer_id.3579d23017: BEGIN
[0m15:38:23.308003 [debug] [Thread-1 (]: Opening a new connection, currently in state closed
[0m15:38:23.337008 [debug] [Thread-3 (]: SQL status: BEGIN in 0.151 seconds
[0m15:38:23.338010 [debug] [Thread-3 (]: Using postgres connection "test.dbt_project.not_null_stg_orders_customer_id.af79d5e4b5"
[0m15:38:23.338010 [debug] [Thread-4 (]: SQL status: BEGIN in 0.038 seconds
[0m15:38:23.339008 [debug] [Thread-3 (]: On test.dbt_project.not_null_stg_orders_customer_id.af79d5e4b5: /* {"app": "dbt", "dbt_version": "1.10.8", "profile_name": "dbt_project", "target_name": "dev", "node_id": "test.dbt_project.not_null_stg_orders_customer_id.af79d5e4b5"} */

    select
      count(*) as failures,
      count(*) != 0 as should_warn,
      count(*) != 0 as should_error
    from (
      
    
  
    
    



select customer_id
from "dbt_project".public.stg_orders
where customer_id is null



  
  
      
    ) dbt_internal_test
[0m15:38:23.340009 [debug] [Thread-4 (]: Using postgres connection "test.dbt_project.source_not_null_raw_customers_customer_id.e869432dbb"
[0m15:38:23.341010 [debug] [Thread-4 (]: On test.dbt_project.source_not_null_raw_customers_customer_id.e869432dbb: /* {"app": "dbt", "dbt_version": "1.10.8", "profile_name": "dbt_project", "target_name": "dev", "node_id": "test.dbt_project.source_not_null_raw_customers_customer_id.e869432dbb"} */

    select
      count(*) as failures,
      count(*) != 0 as should_warn,
      count(*) != 0 as should_error
    from (
      
    
  
    
    



select customer_id
from "dbt_project"."public"."customers"
where customer_id is null



  
  
      
    ) dbt_internal_test
[0m15:38:23.343009 [debug] [Thread-3 (]: SQL status: SELECT 1 in 0.002 seconds
[0m15:38:23.343009 [debug] [Thread-4 (]: SQL status: SELECT 1 in 0.002 seconds
[0m15:38:23.345008 [debug] [Thread-3 (]: On test.dbt_project.not_null_stg_orders_customer_id.af79d5e4b5: ROLLBACK
[0m15:38:23.346008 [debug] [Thread-4 (]: On test.dbt_project.source_not_null_raw_customers_customer_id.e869432dbb: ROLLBACK
[0m15:38:23.347008 [debug] [Thread-3 (]: On test.dbt_project.not_null_stg_orders_customer_id.af79d5e4b5: Close
[0m15:38:23.348010 [debug] [Thread-4 (]: On test.dbt_project.source_not_null_raw_customers_customer_id.e869432dbb: Close
[0m15:38:23.349011 [debug] [Thread-1 (]: SQL status: BEGIN in 0.041 seconds
[0m15:38:23.350010 [info ] [Thread-3 (]: 15 of 27 PASS not_null_stg_orders_customer_id .................................. [[32mPASS[0m in 0.21s]
[0m15:38:23.351011 [info ] [Thread-4 (]: 19 of 27 PASS source_not_null_raw_customers_customer_id ........................ [[32mPASS[0m in 0.08s]
[0m15:38:23.352011 [debug] [Thread-1 (]: Using postgres connection "test.dbt_project.source_unique_raw_customers_customer_id.3579d23017"
[0m15:38:23.353010 [debug] [Thread-3 (]: Finished running node test.dbt_project.not_null_stg_orders_customer_id.af79d5e4b5
[0m15:38:23.354011 [debug] [Thread-4 (]: Finished running node test.dbt_project.source_not_null_raw_customers_customer_id.e869432dbb
[0m15:38:23.354011 [debug] [Thread-1 (]: On test.dbt_project.source_unique_raw_customers_customer_id.3579d23017: /* {"app": "dbt", "dbt_version": "1.10.8", "profile_name": "dbt_project", "target_name": "dev", "node_id": "test.dbt_project.source_unique_raw_customers_customer_id.3579d23017"} */

    select
      count(*) as failures,
      count(*) != 0 as should_warn,
      count(*) != 0 as should_error
    from (
      
    
  
    
    

select
    customer_id as unique_field,
    count(*) as n_records

from "dbt_project"."public"."customers"
where customer_id is not null
group by customer_id
having count(*) > 1



  
  
      
    ) dbt_internal_test
[0m15:38:23.355010 [debug] [Thread-3 (]: Began running node test.dbt_project.source_unique_raw_orders_order_id.2e0765462f
[0m15:38:23.356011 [debug] [Thread-4 (]: Began running node test.dbt_project.unique_brnz_customers_customer_id.78e1c63f73
[0m15:38:23.357011 [info ] [Thread-3 (]: 21 of 27 START test source_unique_raw_orders_order_id .......................... [RUN]
[0m15:38:23.358012 [info ] [Thread-4 (]: 22 of 27 START test unique_brnz_customers_customer_id .......................... [RUN]
[0m15:38:23.359014 [debug] [Thread-3 (]: Re-using an available connection from the pool (formerly test.dbt_project.not_null_stg_orders_customer_id.af79d5e4b5, now test.dbt_project.source_unique_raw_orders_order_id.2e0765462f)
[0m15:38:23.360015 [debug] [Thread-1 (]: SQL status: SELECT 1 in 0.003 seconds
[0m15:38:23.360015 [debug] [Thread-4 (]: Re-using an available connection from the pool (formerly test.dbt_project.source_not_null_raw_customers_customer_id.e869432dbb, now test.dbt_project.unique_brnz_customers_customer_id.78e1c63f73)
[0m15:38:23.361014 [debug] [Thread-3 (]: Began compiling node test.dbt_project.source_unique_raw_orders_order_id.2e0765462f
[0m15:38:23.363013 [debug] [Thread-1 (]: On test.dbt_project.source_unique_raw_customers_customer_id.3579d23017: ROLLBACK
[0m15:38:23.363013 [debug] [Thread-4 (]: Began compiling node test.dbt_project.unique_brnz_customers_customer_id.78e1c63f73
[0m15:38:23.369016 [debug] [Thread-3 (]: Writing injected SQL for node "test.dbt_project.source_unique_raw_orders_order_id.2e0765462f"
[0m15:38:23.370016 [debug] [Thread-1 (]: On test.dbt_project.source_unique_raw_customers_customer_id.3579d23017: Close
[0m15:38:23.374018 [debug] [Thread-4 (]: Writing injected SQL for node "test.dbt_project.unique_brnz_customers_customer_id.78e1c63f73"
[0m15:38:23.375017 [info ] [Thread-1 (]: 20 of 27 PASS source_unique_raw_customers_customer_id .......................... [[32mPASS[0m in 0.09s]
[0m15:38:23.376018 [debug] [Thread-3 (]: Began executing node test.dbt_project.source_unique_raw_orders_order_id.2e0765462f
[0m15:38:23.378018 [debug] [Thread-1 (]: Finished running node test.dbt_project.source_unique_raw_customers_customer_id.3579d23017
[0m15:38:23.378018 [debug] [Thread-4 (]: Began executing node test.dbt_project.unique_brnz_customers_customer_id.78e1c63f73
[0m15:38:23.381017 [debug] [Thread-3 (]: Writing runtime sql for node "test.dbt_project.source_unique_raw_orders_order_id.2e0765462f"
[0m15:38:23.382022 [debug] [Thread-1 (]: Began running node test.dbt_project.unique_brnz_orders_order_id.96b1d65cd2
[0m15:38:23.386018 [debug] [Thread-4 (]: Writing runtime sql for node "test.dbt_project.unique_brnz_customers_customer_id.78e1c63f73"
[0m15:38:23.388018 [info ] [Thread-1 (]: 23 of 27 START test unique_brnz_orders_order_id ................................ [RUN]
[0m15:38:23.389020 [debug] [Thread-3 (]: Using postgres connection "test.dbt_project.source_unique_raw_orders_order_id.2e0765462f"
[0m15:38:23.389020 [debug] [Thread-1 (]: Re-using an available connection from the pool (formerly test.dbt_project.source_unique_raw_customers_customer_id.3579d23017, now test.dbt_project.unique_brnz_orders_order_id.96b1d65cd2)
[0m15:38:23.390019 [debug] [Thread-4 (]: Using postgres connection "test.dbt_project.unique_brnz_customers_customer_id.78e1c63f73"
[0m15:38:23.391020 [debug] [Thread-3 (]: On test.dbt_project.source_unique_raw_orders_order_id.2e0765462f: BEGIN
[0m15:38:23.392020 [debug] [Thread-1 (]: Began compiling node test.dbt_project.unique_brnz_orders_order_id.96b1d65cd2
[0m15:38:23.392020 [debug] [Thread-4 (]: On test.dbt_project.unique_brnz_customers_customer_id.78e1c63f73: BEGIN
[0m15:38:23.393021 [debug] [Thread-3 (]: Opening a new connection, currently in state closed
[0m15:38:23.398023 [debug] [Thread-1 (]: Writing injected SQL for node "test.dbt_project.unique_brnz_orders_order_id.96b1d65cd2"
[0m15:38:23.399023 [debug] [Thread-4 (]: Opening a new connection, currently in state closed
[0m15:38:23.401024 [debug] [Thread-1 (]: Began executing node test.dbt_project.unique_brnz_orders_order_id.96b1d65cd2
[0m15:38:23.404022 [debug] [Thread-1 (]: Writing runtime sql for node "test.dbt_project.unique_brnz_orders_order_id.96b1d65cd2"
[0m15:38:23.406024 [debug] [Thread-1 (]: Using postgres connection "test.dbt_project.unique_brnz_orders_order_id.96b1d65cd2"
[0m15:38:23.407025 [debug] [Thread-1 (]: On test.dbt_project.unique_brnz_orders_order_id.96b1d65cd2: BEGIN
[0m15:38:23.408026 [debug] [Thread-1 (]: Opening a new connection, currently in state closed
[0m15:38:23.409025 [debug] [Thread-2 (]: SQL status: BEGIN in 0.145 seconds
[0m15:38:23.410025 [debug] [Thread-2 (]: Using postgres connection "test.dbt_project.relationships_stg_orders_customer_id__customer_id__ref_stg_customers_.430bf21500"
[0m15:38:23.411027 [debug] [Thread-2 (]: On test.dbt_project.relationships_stg_orders_customer_id__customer_id__ref_stg_customers_.430bf21500: /* {"app": "dbt", "dbt_version": "1.10.8", "profile_name": "dbt_project", "target_name": "dev", "node_id": "test.dbt_project.relationships_stg_orders_customer_id__customer_id__ref_stg_customers_.430bf21500"} */

    select
      count(*) as failures,
      count(*) != 0 as should_warn,
      count(*) != 0 as should_error
    from (
      
    
  
    
    

with child as (
    select customer_id as from_field
    from "dbt_project".public.stg_orders
    where customer_id is not null
),

parent as (
    select customer_id as to_field
    from "dbt_project".public.stg_customers
)

select
    from_field

from child
left join parent
    on child.from_field = parent.to_field

where parent.to_field is null



  
  
      
    ) dbt_internal_test
[0m15:38:23.424029 [debug] [Thread-2 (]: SQL status: SELECT 1 in 0.012 seconds
[0m15:38:23.426028 [debug] [Thread-2 (]: On test.dbt_project.relationships_stg_orders_customer_id__customer_id__ref_stg_customers_.430bf21500: ROLLBACK
[0m15:38:23.427029 [debug] [Thread-2 (]: On test.dbt_project.relationships_stg_orders_customer_id__customer_id__ref_stg_customers_.430bf21500: Close
[0m15:38:23.428029 [info ] [Thread-2 (]: 18 of 27 PASS relationships_stg_orders_customer_id__customer_id__ref_stg_customers_  [[32mPASS[0m in 0.19s]
[0m15:38:23.430029 [debug] [Thread-2 (]: Finished running node test.dbt_project.relationships_stg_orders_customer_id__customer_id__ref_stg_customers_.430bf21500
[0m15:38:23.430029 [debug] [Thread-2 (]: Began running node test.dbt_project.unique_customer_metrics_customer_id.9d7dec9840
[0m15:38:23.431030 [info ] [Thread-2 (]: 24 of 27 START test unique_customer_metrics_customer_id ........................ [RUN]
[0m15:38:23.433031 [debug] [Thread-2 (]: Re-using an available connection from the pool (formerly test.dbt_project.relationships_stg_orders_customer_id__customer_id__ref_stg_customers_.430bf21500, now test.dbt_project.unique_customer_metrics_customer_id.9d7dec9840)
[0m15:38:23.434031 [debug] [Thread-2 (]: Began compiling node test.dbt_project.unique_customer_metrics_customer_id.9d7dec9840
[0m15:38:23.440031 [debug] [Thread-2 (]: Writing injected SQL for node "test.dbt_project.unique_customer_metrics_customer_id.9d7dec9840"
[0m15:38:23.441032 [debug] [Thread-3 (]: SQL status: BEGIN in 0.048 seconds
[0m15:38:23.442033 [debug] [Thread-2 (]: Began executing node test.dbt_project.unique_customer_metrics_customer_id.9d7dec9840
[0m15:38:23.442033 [debug] [Thread-3 (]: Using postgres connection "test.dbt_project.source_unique_raw_orders_order_id.2e0765462f"
[0m15:38:23.446033 [debug] [Thread-2 (]: Writing runtime sql for node "test.dbt_project.unique_customer_metrics_customer_id.9d7dec9840"
[0m15:38:23.447034 [debug] [Thread-3 (]: On test.dbt_project.source_unique_raw_orders_order_id.2e0765462f: /* {"app": "dbt", "dbt_version": "1.10.8", "profile_name": "dbt_project", "target_name": "dev", "node_id": "test.dbt_project.source_unique_raw_orders_order_id.2e0765462f"} */

    select
      count(*) as failures,
      count(*) != 0 as should_warn,
      count(*) != 0 as should_error
    from (
      
    
  
    
    

select
    order_id as unique_field,
    count(*) as n_records

from "dbt_project"."public"."orders"
where order_id is not null
group by order_id
having count(*) > 1



  
  
      
    ) dbt_internal_test
[0m15:38:23.447034 [debug] [Thread-4 (]: SQL status: BEGIN in 0.049 seconds
[0m15:38:23.448035 [debug] [Thread-4 (]: Using postgres connection "test.dbt_project.unique_brnz_customers_customer_id.78e1c63f73"
[0m15:38:23.449034 [debug] [Thread-2 (]: Using postgres connection "test.dbt_project.unique_customer_metrics_customer_id.9d7dec9840"
[0m15:38:23.450033 [debug] [Thread-4 (]: On test.dbt_project.unique_brnz_customers_customer_id.78e1c63f73: /* {"app": "dbt", "dbt_version": "1.10.8", "profile_name": "dbt_project", "target_name": "dev", "node_id": "test.dbt_project.unique_brnz_customers_customer_id.78e1c63f73"} */

    select
      count(*) as failures,
      count(*) != 0 as should_warn,
      count(*) != 0 as should_error
    from (
      
    
  
    
    

select
    customer_id as unique_field,
    count(*) as n_records

from "dbt_project".public.brnz_customers
where customer_id is not null
group by customer_id
having count(*) > 1



  
  
      
    ) dbt_internal_test
[0m15:38:23.451035 [debug] [Thread-2 (]: On test.dbt_project.unique_customer_metrics_customer_id.9d7dec9840: BEGIN
[0m15:38:23.451035 [debug] [Thread-1 (]: SQL status: BEGIN in 0.043 seconds
[0m15:38:23.452035 [debug] [Thread-3 (]: SQL status: SELECT 1 in 0.004 seconds
[0m15:38:23.453037 [debug] [Thread-2 (]: Opening a new connection, currently in state closed
[0m15:38:23.453037 [debug] [Thread-1 (]: Using postgres connection "test.dbt_project.unique_brnz_orders_order_id.96b1d65cd2"
[0m15:38:23.455037 [debug] [Thread-3 (]: On test.dbt_project.source_unique_raw_orders_order_id.2e0765462f: ROLLBACK
[0m15:38:23.455037 [debug] [Thread-4 (]: SQL status: SELECT 1 in 0.003 seconds
[0m15:38:23.457040 [debug] [Thread-1 (]: On test.dbt_project.unique_brnz_orders_order_id.96b1d65cd2: /* {"app": "dbt", "dbt_version": "1.10.8", "profile_name": "dbt_project", "target_name": "dev", "node_id": "test.dbt_project.unique_brnz_orders_order_id.96b1d65cd2"} */

    select
      count(*) as failures,
      count(*) != 0 as should_warn,
      count(*) != 0 as should_error
    from (
      
    
  
    
    

select
    order_id as unique_field,
    count(*) as n_records

from "dbt_project".public.brnz_orders
where order_id is not null
group by order_id
having count(*) > 1



  
  
      
    ) dbt_internal_test
[0m15:38:23.457040 [debug] [Thread-3 (]: On test.dbt_project.source_unique_raw_orders_order_id.2e0765462f: Close
[0m15:38:23.459037 [debug] [Thread-4 (]: On test.dbt_project.unique_brnz_customers_customer_id.78e1c63f73: ROLLBACK
[0m15:38:23.461038 [info ] [Thread-3 (]: 21 of 27 PASS source_unique_raw_orders_order_id ................................ [[32mPASS[0m in 0.10s]
[0m15:38:23.462038 [debug] [Thread-4 (]: On test.dbt_project.unique_brnz_customers_customer_id.78e1c63f73: Close
[0m15:38:23.463038 [debug] [Thread-1 (]: SQL status: SELECT 1 in 0.003 seconds
[0m15:38:23.464038 [debug] [Thread-3 (]: Finished running node test.dbt_project.source_unique_raw_orders_order_id.2e0765462f
[0m15:38:23.465039 [info ] [Thread-4 (]: 22 of 27 PASS unique_brnz_customers_customer_id ................................ [[32mPASS[0m in 0.11s]
[0m15:38:23.468040 [debug] [Thread-1 (]: On test.dbt_project.unique_brnz_orders_order_id.96b1d65cd2: ROLLBACK
[0m15:38:23.469039 [debug] [Thread-3 (]: Began running node test.dbt_project.unique_stg_customers_customer_id.c7614daada
[0m15:38:23.470038 [debug] [Thread-4 (]: Finished running node test.dbt_project.unique_brnz_customers_customer_id.78e1c63f73
[0m15:38:23.471041 [debug] [Thread-1 (]: On test.dbt_project.unique_brnz_orders_order_id.96b1d65cd2: Close
[0m15:38:23.472039 [info ] [Thread-3 (]: 25 of 27 START test unique_stg_customers_customer_id ........................... [RUN]
[0m15:38:23.472039 [debug] [Thread-4 (]: Began running node test.dbt_project.unique_stg_customers_email.1ebcb2333e
[0m15:38:23.474039 [info ] [Thread-1 (]: 23 of 27 PASS unique_brnz_orders_order_id ...................................... [[32mPASS[0m in 0.08s]
[0m15:38:23.474039 [debug] [Thread-3 (]: Re-using an available connection from the pool (formerly test.dbt_project.source_unique_raw_orders_order_id.2e0765462f, now test.dbt_project.unique_stg_customers_customer_id.c7614daada)
[0m15:38:23.475040 [info ] [Thread-4 (]: 26 of 27 START test unique_stg_customers_email ................................. [RUN]
[0m15:38:23.477042 [debug] [Thread-1 (]: Finished running node test.dbt_project.unique_brnz_orders_order_id.96b1d65cd2
[0m15:38:23.478041 [debug] [Thread-3 (]: Began compiling node test.dbt_project.unique_stg_customers_customer_id.c7614daada
[0m15:38:23.479042 [debug] [Thread-4 (]: Re-using an available connection from the pool (formerly test.dbt_project.unique_brnz_customers_customer_id.78e1c63f73, now test.dbt_project.unique_stg_customers_email.1ebcb2333e)
[0m15:38:23.479042 [debug] [Thread-1 (]: Began running node test.dbt_project.unique_stg_orders_order_id.e3b841c71a
[0m15:38:23.485043 [debug] [Thread-3 (]: Writing injected SQL for node "test.dbt_project.unique_stg_customers_customer_id.c7614daada"
[0m15:38:23.486040 [debug] [Thread-4 (]: Began compiling node test.dbt_project.unique_stg_customers_email.1ebcb2333e
[0m15:38:23.488042 [info ] [Thread-1 (]: 27 of 27 START test unique_stg_orders_order_id ................................. [RUN]
[0m15:38:23.493044 [debug] [Thread-4 (]: Writing injected SQL for node "test.dbt_project.unique_stg_customers_email.1ebcb2333e"
[0m15:38:23.494043 [debug] [Thread-3 (]: Began executing node test.dbt_project.unique_stg_customers_customer_id.c7614daada
[0m15:38:23.495044 [debug] [Thread-1 (]: Re-using an available connection from the pool (formerly test.dbt_project.unique_brnz_orders_order_id.96b1d65cd2, now test.dbt_project.unique_stg_orders_order_id.e3b841c71a)
[0m15:38:23.495044 [debug] [Thread-2 (]: SQL status: BEGIN in 0.043 seconds
[0m15:38:23.498043 [debug] [Thread-3 (]: Writing runtime sql for node "test.dbt_project.unique_stg_customers_customer_id.c7614daada"
[0m15:38:23.499046 [debug] [Thread-4 (]: Began executing node test.dbt_project.unique_stg_customers_email.1ebcb2333e
[0m15:38:23.500045 [debug] [Thread-1 (]: Began compiling node test.dbt_project.unique_stg_orders_order_id.e3b841c71a
[0m15:38:23.501045 [debug] [Thread-2 (]: Using postgres connection "test.dbt_project.unique_customer_metrics_customer_id.9d7dec9840"
[0m15:38:23.506046 [debug] [Thread-4 (]: Writing runtime sql for node "test.dbt_project.unique_stg_customers_email.1ebcb2333e"
[0m15:38:23.507048 [debug] [Thread-3 (]: Using postgres connection "test.dbt_project.unique_stg_customers_customer_id.c7614daada"
[0m15:38:23.511049 [debug] [Thread-1 (]: Writing injected SQL for node "test.dbt_project.unique_stg_orders_order_id.e3b841c71a"
[0m15:38:23.512050 [debug] [Thread-2 (]: On test.dbt_project.unique_customer_metrics_customer_id.9d7dec9840: /* {"app": "dbt", "dbt_version": "1.10.8", "profile_name": "dbt_project", "target_name": "dev", "node_id": "test.dbt_project.unique_customer_metrics_customer_id.9d7dec9840"} */

    select
      count(*) as failures,
      count(*) != 0 as should_warn,
      count(*) != 0 as should_error
    from (
      
    
  
    
    

select
    customer_id as unique_field,
    count(*) as n_records

from "dbt_project".public.customer_metrics
where customer_id is not null
group by customer_id
having count(*) > 1



  
  
      
    ) dbt_internal_test
[0m15:38:23.513049 [debug] [Thread-3 (]: On test.dbt_project.unique_stg_customers_customer_id.c7614daada: BEGIN
[0m15:38:23.514048 [debug] [Thread-4 (]: Using postgres connection "test.dbt_project.unique_stg_customers_email.1ebcb2333e"
[0m15:38:23.515048 [debug] [Thread-1 (]: Began executing node test.dbt_project.unique_stg_orders_order_id.e3b841c71a
[0m15:38:23.516049 [debug] [Thread-3 (]: Opening a new connection, currently in state closed
[0m15:38:23.516049 [debug] [Thread-4 (]: On test.dbt_project.unique_stg_customers_email.1ebcb2333e: BEGIN
[0m15:38:23.517050 [debug] [Thread-2 (]: SQL status: SELECT 1 in 0.002 seconds
[0m15:38:23.519051 [debug] [Thread-1 (]: Writing runtime sql for node "test.dbt_project.unique_stg_orders_order_id.e3b841c71a"
[0m15:38:23.520049 [debug] [Thread-4 (]: Opening a new connection, currently in state closed
[0m15:38:23.522050 [debug] [Thread-2 (]: On test.dbt_project.unique_customer_metrics_customer_id.9d7dec9840: ROLLBACK
[0m15:38:23.524051 [debug] [Thread-1 (]: Using postgres connection "test.dbt_project.unique_stg_orders_order_id.e3b841c71a"
[0m15:38:23.525052 [debug] [Thread-2 (]: On test.dbt_project.unique_customer_metrics_customer_id.9d7dec9840: Close
[0m15:38:23.525052 [debug] [Thread-1 (]: On test.dbt_project.unique_stg_orders_order_id.e3b841c71a: BEGIN
[0m15:38:23.528053 [debug] [Thread-1 (]: Opening a new connection, currently in state closed
[0m15:38:23.527050 [info ] [Thread-2 (]: 24 of 27 PASS unique_customer_metrics_customer_id .............................. [[32mPASS[0m in 0.09s]
[0m15:38:23.529052 [debug] [Thread-2 (]: Finished running node test.dbt_project.unique_customer_metrics_customer_id.9d7dec9840
[0m15:38:23.555059 [debug] [Thread-3 (]: SQL status: BEGIN in 0.040 seconds
[0m15:38:23.556058 [debug] [Thread-3 (]: Using postgres connection "test.dbt_project.unique_stg_customers_customer_id.c7614daada"
[0m15:38:23.557058 [debug] [Thread-3 (]: On test.dbt_project.unique_stg_customers_customer_id.c7614daada: /* {"app": "dbt", "dbt_version": "1.10.8", "profile_name": "dbt_project", "target_name": "dev", "node_id": "test.dbt_project.unique_stg_customers_customer_id.c7614daada"} */

    select
      count(*) as failures,
      count(*) != 0 as should_warn,
      count(*) != 0 as should_error
    from (
      
    
  
    
    

select
    customer_id as unique_field,
    count(*) as n_records

from "dbt_project".public.stg_customers
where customer_id is not null
group by customer_id
having count(*) > 1



  
  
      
    ) dbt_internal_test
[0m15:38:23.561061 [debug] [Thread-3 (]: SQL status: SELECT 1 in 0.003 seconds
[0m15:38:23.563060 [debug] [Thread-3 (]: On test.dbt_project.unique_stg_customers_customer_id.c7614daada: ROLLBACK
[0m15:38:23.564059 [debug] [Thread-3 (]: On test.dbt_project.unique_stg_customers_customer_id.c7614daada: Close
[0m15:38:23.565060 [debug] [Thread-4 (]: SQL status: BEGIN in 0.044 seconds
[0m15:38:23.565060 [info ] [Thread-3 (]: 25 of 27 PASS unique_stg_customers_customer_id ................................. [[32mPASS[0m in 0.09s]
[0m15:38:23.566061 [debug] [Thread-4 (]: Using postgres connection "test.dbt_project.unique_stg_customers_email.1ebcb2333e"
[0m15:38:23.567060 [debug] [Thread-3 (]: Finished running node test.dbt_project.unique_stg_customers_customer_id.c7614daada
[0m15:38:23.567060 [debug] [Thread-4 (]: On test.dbt_project.unique_stg_customers_email.1ebcb2333e: /* {"app": "dbt", "dbt_version": "1.10.8", "profile_name": "dbt_project", "target_name": "dev", "node_id": "test.dbt_project.unique_stg_customers_email.1ebcb2333e"} */

    select
      count(*) as failures,
      count(*) != 0 as should_warn,
      count(*) != 0 as should_error
    from (
      
    
  
    
    

select
    email as unique_field,
    count(*) as n_records

from "dbt_project".public.stg_customers
where email is not null
group by email
having count(*) > 1



  
  
      
    ) dbt_internal_test
[0m15:38:23.572063 [debug] [Thread-4 (]: SQL status: SELECT 1 in 0.004 seconds
[0m15:38:23.574063 [debug] [Thread-4 (]: On test.dbt_project.unique_stg_customers_email.1ebcb2333e: ROLLBACK
[0m15:38:23.575062 [debug] [Thread-4 (]: On test.dbt_project.unique_stg_customers_email.1ebcb2333e: Close
[0m15:38:23.575062 [info ] [Thread-4 (]: 26 of 27 PASS unique_stg_customers_email ....................................... [[32mPASS[0m in 0.10s]
[0m15:38:23.576065 [debug] [Thread-4 (]: Finished running node test.dbt_project.unique_stg_customers_email.1ebcb2333e
[0m15:38:23.676090 [debug] [Thread-1 (]: SQL status: BEGIN in 0.148 seconds
[0m15:38:23.676090 [debug] [Thread-1 (]: Using postgres connection "test.dbt_project.unique_stg_orders_order_id.e3b841c71a"
[0m15:38:23.677090 [debug] [Thread-1 (]: On test.dbt_project.unique_stg_orders_order_id.e3b841c71a: /* {"app": "dbt", "dbt_version": "1.10.8", "profile_name": "dbt_project", "target_name": "dev", "node_id": "test.dbt_project.unique_stg_orders_order_id.e3b841c71a"} */

    select
      count(*) as failures,
      count(*) != 0 as should_warn,
      count(*) != 0 as should_error
    from (
      
    
  
    
    

select
    order_id as unique_field,
    count(*) as n_records

from "dbt_project".public.stg_orders
where order_id is not null
group by order_id
having count(*) > 1



  
  
      
    ) dbt_internal_test
[0m15:38:23.681091 [debug] [Thread-1 (]: SQL status: SELECT 1 in 0.003 seconds
[0m15:38:23.683091 [debug] [Thread-1 (]: On test.dbt_project.unique_stg_orders_order_id.e3b841c71a: ROLLBACK
[0m15:38:23.683091 [debug] [Thread-1 (]: On test.dbt_project.unique_stg_orders_order_id.e3b841c71a: Close
[0m15:38:23.684092 [info ] [Thread-1 (]: 27 of 27 PASS unique_stg_orders_order_id ....................................... [[32mPASS[0m in 0.19s]
[0m15:38:23.685092 [debug] [Thread-1 (]: Finished running node test.dbt_project.unique_stg_orders_order_id.e3b841c71a
[0m15:38:23.687092 [debug] [MainThread]: Using postgres connection "master"
[0m15:38:23.688092 [debug] [MainThread]: On master: BEGIN
[0m15:38:23.688092 [debug] [MainThread]: Opening a new connection, currently in state closed
[0m15:38:23.722100 [debug] [MainThread]: SQL status: BEGIN in 0.034 seconds
[0m15:38:23.723101 [debug] [MainThread]: On master: COMMIT
[0m15:38:23.724101 [debug] [MainThread]: Using postgres connection "master"
[0m15:38:23.724101 [debug] [MainThread]: On master: COMMIT
[0m15:38:23.725102 [debug] [MainThread]: SQL status: COMMIT in 0.000 seconds
[0m15:38:23.726101 [debug] [MainThread]: On master: Close
[0m15:38:23.727101 [debug] [MainThread]: Connection 'master' was properly closed.
[0m15:38:23.727101 [debug] [MainThread]: Connection 'list_dbt_project_public' was properly closed.
[0m15:38:23.728102 [debug] [MainThread]: Connection 'test.dbt_project.unique_stg_orders_order_id.e3b841c71a' was properly closed.
[0m15:38:23.728102 [debug] [MainThread]: Connection 'test.dbt_project.unique_customer_metrics_customer_id.9d7dec9840' was properly closed.
[0m15:38:23.729103 [debug] [MainThread]: Connection 'test.dbt_project.unique_stg_customers_customer_id.c7614daada' was properly closed.
[0m15:38:23.729103 [debug] [MainThread]: Connection 'test.dbt_project.unique_stg_customers_email.1ebcb2333e' was properly closed.
[0m15:38:23.730102 [info ] [MainThread]: 
[0m15:38:23.730102 [info ] [MainThread]: Finished running 27 data tests in 0 hours 0 minutes and 1.35 seconds (1.35s).
[0m15:38:23.735103 [debug] [MainThread]: Command end result
[0m15:38:23.765111 [debug] [MainThread]: Wrote artifact WritableManifest to C:\Users\arpit\Jupyter Notebook\CI CD Pipeline project\target\manifest.json
[0m15:38:23.769113 [debug] [MainThread]: Wrote artifact SemanticManifest to C:\Users\arpit\Jupyter Notebook\CI CD Pipeline project\target\semantic_manifest.json
[0m15:38:23.777114 [debug] [MainThread]: Wrote artifact RunExecutionResult to C:\Users\arpit\Jupyter Notebook\CI CD Pipeline project\target\run_results.json
[0m15:38:23.778115 [info ] [MainThread]: 
[0m15:38:23.778115 [info ] [MainThread]: [32mCompleted successfully[0m
[0m15:38:23.779119 [info ] [MainThread]: 
[0m15:38:23.780115 [info ] [MainThread]: Done. PASS=27 WARN=0 ERROR=0 SKIP=0 NO-OP=0 TOTAL=27
[0m15:38:23.782114 [debug] [MainThread]: Command `dbt test` succeeded at 15:38:23.782114 after 2.58 seconds
[0m15:38:23.782114 [debug] [MainThread]: Sending event: {'category': 'dbt', 'action': 'invocation', 'label': 'end', 'context': [<snowplow_tracker.self_describing_json.SelfDescribingJson object at 0x000002414362EB90>, <snowplow_tracker.self_describing_json.SelfDescribingJson object at 0x0000024145633A50>, <snowplow_tracker.self_describing_json.SelfDescribingJson object at 0x0000024145632390>]}
[0m15:38:23.784116 [debug] [MainThread]: Flushing usage events
[0m15:38:24.225230 [debug] [MainThread]: An error was encountered while trying to flush usage events
